신문사,제목,본문_요약,링크,카테고리,예측점수,최종선택여부
한국경제,"""한 달 20만원에 맞는다""…'한국판 위고비' 나온다 '들썩'","한미약품 '국산 1호 비만신약' 이달 나온다식약처 '에페' 출시 허가평택 바이오플랜트서 생산국내 제약사가 개발한 첫 글루카곤유사펩타이드(GLP)-1 계열 비만 치료제가 이르면 이달 말 출시된다.식품의약품안전처는 7일 한미약품이 개발한 GLP-1 계열 비만 치료제인 ‘에페오토인젝터주’(에페글레나타이드)의 시판을 허가했다고 밝혔다. 국내에서 개발한 45번째 신약이다. 노보노디스크의 ‘위고비’, 일라이릴리의 ‘마운자로’가 주도하는 비만약 시장에 진입하는 첫 국산 GLP-1 치료제다.에페는 2㎎, 4㎎, 6㎎, 8㎎, 10㎎ 등 다섯 가지 용량으로 품목허가를 받았다. 주 1회 투여하는 주사제로, 허가 기준에 해당하는 성인 비만·과체중 환자의 체중 관리를 위해 저열량 식이요법과 운동요법에 병행해 사용한다. 단계적으로...",https://n.news.naver.com/article/newspaper/015/0005340301?date=20261008,업계,0.9138438042041994,
조선일보,“車·로봇 AI 고도화”… 빅테크 인재 모시는 현대차,"피지컬 AI 상용화 속도 경쟁현대차그룹은 7일 로봇 계열사 보스턴다이내믹스의 신임 CEO(최고경영자)로 10년 넘게 아마존에서 인공지능(AI) 비서인 ‘알렉사’ 개발을 주도한 로히트 프라사드를 영입했다고 밝혔다. 보스턴다이내믹스가 휴머노이드 아틀라스 등 로봇 제조에 초점을 맞춰 기술력을 쌓아왔는데, 이제는 AI 전문가에게 경영을 맡겨 더 고도화된 피지컬 AI 기술로 상용화 속도를 높이려는 의도다.현대차그룹은 올해까지 5년 연속 글로벌 자동차 판매 ‘톱3’를 이어갈 가능성이 높다. 하지만 내부적으로는 미국을 제외한 세계 주요 시장에서 빠르게 중국차에 추격당하고 있다는 위기감이 크다. 또 자율주행 로보택시를 앞세워 구글 등 빅테크도 자동차 산업에 잇따라 진출하고 있다. 로보틱스 역시 현재 전 세계 휴머노이드 로...",https://n.news.naver.com/article/newspaper/023/0004002668?date=20261008,경영,0.8695443882733588,
조선일보,[경제포커스] 아틀라스보다 먼저 온 중국 ‘車海전술’,"전기차 강국으로 변신한 중국압도적 경쟁력으로 전세계 공습안방 잠식당할 처지 몰린 한국차정부, 위기 대응 나서야 할 때루카 데 메오가 프랑스 르노 CEO일 때 “2년 안에, 2만유로 미만의 전기차를 개발하라”고 주문했다. 본사 개발진은 “불가능하다”고 했지만, 중국의 기술진은 “문제 없다”고 했다. 르노가 중국 상하이에 개발센터를 만든 계기다.글로벌 자동차 기업들의 개발센터가 상하이와 광저우 등지에 앞다퉈 들어서고 있다. 중국의 효율적인 전기차 공급망과 가공할만한 개발 속도, 기술력을 흡수해 경쟁력을 강화하기 위해서다. 차를 팔러 가던 시장이 차 만드는 법을 배우는 곳이 된 것이다. 그 노하우가 집약된 중국산 전기차가 한국 안방을 폭격하고 있다. 중국 BYD는 올 상반기 단숨에 수입차 브랜드 4위에 올랐고, ...",https://n.news.naver.com/article/newspaper/023/0004002655?date=20261008,경영,0.8695083055042394,
한국경제,"[단독] 현대차그룹, 이달 남양서 '미래차 10년' 비전 발표","23일부터 30주년 기념 행사2035년 미래 기술 로드맵 제시정의선 회장, 역량 점검 나설 듯이 기사는 10월 7일 오후 3시30분 한국경제신문의 투자 정보 유료 플랫폼인 '한경 프리미엄9'(www.hankyung.com/premium9)에 게재됐습니다.한경 프리미엄9을 구독하시면 더 많은 단독 기사를 실시간으로 볼 수 있습니다.현대자동차그룹이 이달 말 정의선 회장이 참석한 가운데 향후 10년의 연구개발(R&D) 방향을 담은 ‘2035 미래 비전’을 발표한다. 차량 개발을 책임지는 R&D본부와 소프트웨어·미래차 기술을 담당하는 첨단차플랫폼(AVP)본부가 함께 중장기 청사진을 제시한다. 미래차 주도권이 하드웨어에서 소프트웨어로 넘어가는 가운데 그룹의 연구개발 역량을 결집하기 위한 행보로 풀이된다.◇30주년 맞...",https://n.news.naver.com/article/newspaper/015/0005340280?date=20261008,경영,0.8485205733458102,
중앙일보,“D램 쌓고 보자”…치열해지는 패키징 경쟁,"세계 5위 D램 업체 난야테크놀로지가 3차원(3D) 메모리 반도체 패키징 공장을 짓는다. 인공지능(AI) 메모리 경쟁의 무게중심이 여러 개의 칩을 정교하게 쌓고 연결하는 ‘첨단 패키징’으로 확대하면서 후발주자들도 ‘쌓기 전쟁’에 뛰어드는 모습이다.7일 관련 업계에 따르면 대만 국가과학기술위원회(NSTC)는 지난 1일 난야가 대만 남부 핑둥과학단지에 3D 패키징·테스트 공장을 짓는 안을 승인했다. D램을 만드는 팹(공장)이 아니라, 이미 만든 D램을 여러 층으로 쌓고 연결하는 첨단 패키징 공장이다.난야는 고대역폭메모리(HBM)를 뒤쫓는 대신, AI 메모리의 핵심인 ‘쌓는 기술’을 직접 확보하는 길을 택했다. 시장조사업체 트렌드포스에 따르면 난야는 AI 추론용 맞춤형 D램 ‘울트라와이드IO(UWIO)’를 개발하...",https://n.news.naver.com/article/newspaper/025/0003556448?date=20261008,업계,0.8248074574583434,
동아일보,탈탄소-친환경 산업 육성에 10년간 1000조… ‘K-녹색대전환’ 추진,"재정 200조-기후금융 790조 투입철강-석화 등 5대업종 탈탄소 가속, 전기차-SMR 등 10대 녹색산업 지원민간기업도 220조 규모 투자 발표최태원 “AI 전환-녹색전환 함께해야”정부가 2035년까지 1000조 원을 투자해 탄소 중립과 경제성장을 동시에 달성하는 ‘한국형 녹색대전환(K-GX) 전략’을 추진한다. 철강·석화·정유 등 5대 산업의 탈탄소 전환을 지원하고, 배터리·태양광·소형모듈원자로(SMR) 등 10대 녹색산업을 육성해 신성장동력으로 키우겠다는 구상이다.이재명 대통령은 7일 “녹색대전환은 국제 경쟁력을 확보하는 동시에 기후 위기로부터 국민의 삶과 터전을 지키는 확실한 미래 전략”이라며 “녹색 시장 선도자가 돼야 한다”고 강조했다. 민간 기업들도 약 220조 원 규모 투자계획을 발표하며 녹색 ...",https://n.news.naver.com/article/newspaper/020/0003753565?date=20261008,업계,0.823533443217551,
동아일보,"LS일렉, 대만 최대 석화기업과 합작법인 설립 계약","현지 전력 인프라 사업 수주 추진LS일렉트릭은 대만 최대 석유화학 기업 포모사플라스틱그룹과 대만 현지 전력사업을 주도할 합작법인(JV) 설립 계약을 체결했다고 7일 밝혔다.JV 사명은 ‘남아낙성(南亞樂星)’으로 LS일렉트릭이 50%, 포모사플라스틱그룹 계열사인 난야플라스틱, KHI가 각각 40%, 10%를 출자해 설립한다. 난야플라스틱은 포모사플라스틱그룹의 핵심 계열사로 대만 최대 석유화학 및 전자소재·전자제품 기업이다. 최근에는 전력 솔루션 사업을 육성하며 기존 배전 제품에서 초고압 송전 설비와 전력망 안정화 분야로 사업 영역을 확대하고 있다. 포모사플라스틱그룹의 또 다른 계열사인 KHI는 KAIST가 연구개발하는 유망 기술에 투자하고 양측이 이를 사업화하기 위해 지난해 설립됐다.합작법인은 대만 전력사업 ...",https://n.news.naver.com/article/newspaper/020/0003753492?date=20261008,업계,0.7975812358677694,
동아일보,"해외IB, 韓성장률 3.5%로↑… 8곳 중 6곳 내년 전망치도↑","“반도체 수출이 금리상승 등 상쇄”최근 세계 국채 금리 및 에너지 가격 상승에도 반도체 수출 호조와 데이터센터 투자 등이 대외 충격을 상쇄할 것으로 기대되며 해외 주요 투자은행(IB)들이 한국의 올해와 내년 경제 성장률 전망치를 잇달아 상향 조정하고 있다.7일 국제금융센터에 따르면 9월 말 주요 IB 8곳이 제시한 올해 한국의 실질 국내총생산(GDP) 성장률 전망치 평균은 3.5%로, 전달보다 0.2%포인트 올랐다. IB들은 올해 4월(2.4%)부터 6개월 연속 성장 전망치를 상향 조정했는데, 9월 말 기준으로는 IB 8곳 모두가 올해 한국 경제가 3%대 이상 성장률을 나타낼 것이라고 전망했다.특히 JP모건은 올해 한국 경제 성장률이 4.0%로 높아질 것으로 예상했다. 스위스의 UBS는 한 달 만에 2.8%...",https://n.news.naver.com/article/newspaper/020/0003753503?date=20261008,경영,0.7310958604303806,
매일경제,올 국내 외국인투자 149억弗 … 1년새 30% 늘어 사상 최대,AI·소부장·바이오에 돈 몰려인수합병 투자가 증가 이끌어인공지능(AI) 데이터센터와 반도체 소재·부품·장비(소부장) 등 첨단산업을 중심으로 외국인 투자가 이어지면서 올해 3분기까지 국내에 실제 유입된 외국인직접투자(FDI)가 역대 최대를 기록했다.7일 산업통상부가 발표한 '2026년 3분기 외국인직접투자 동향'에 따르면 올해 1~3분기 FDI 도착액은 148억6500만달러로 지난해 같은 기간보다 30.6% 증가했다. 1~3분기 누적 기준 역대 최대 규모다. 지난해 같은 기간 도착액은 113억8400만달러였다.특히 제조업 부문에서 실제 들어온 투자금이 크게 늘었다. 제조업 도착액은 62억5300만달러로 전년 동기 대비 110.6% 급증했다.  이 가운데 소재·부품 분야는 46억1300만달러로 151.8% 증가...,https://n.news.naver.com/article/newspaper/009/0005745505?date=20261008,업계,0.7036659559361211,
중앙일보,"65세, 한국선 한창 일하고 저축해야 할 나이",경기 고양시에 사는 70세 김모씨는 남편과 함께 7억원대 아파트 한 채를 갖고 있다. 부부가 받는 국민연금과 자녀 용돈 등을 합하면 월 200만원 안팎이다. 생활비가 빠듯해 김씨는 주 3~4일 청소 일 등을 한다. 재산 대부분이 집에 묶여 있어 일해서 번 돈도 생활비로 쓰고 일부는 비상금으로 남겨둔다. 김씨는 “집이 사실상 전 재산인데 나중에 자녀에게도 물려줘야 한다고 생각하니 집을 처분하거나 주택연금에 가입해 생활비로 쓰는 게 선뜻 내키지 않는다”고 말했다.김씨처럼 은퇴 연령을 넘어서도 일하면서 저축을 많이 하는 고령층이 늘고 있다. 7일 한국은행에 따르면 올해 7월 65세 이상 고용률은 41.5%로 2015년 7월(32.6%)보다 8.9%포인트 높아졌다. 2025년 연간 기준 고용률도 39.5%로 경제협...,https://n.news.naver.com/article/newspaper/025/0003556462?date=20261008,경영,0.6783090401498737,
매일경제,탄소중립·경제성장 두토끼 잡는다 … '녹색대전환' 1000조 투입,"정부, K-GX 전략 국민보고회정부, 10대 녹색산업 집중 육성철강·석화 등 생산공정 재편탄소 줄이고 고부가 제품 발굴李 ""녹색기술에 국가 미래""그린에너지 민간드림팀 가동세액공제·빠른 인허가 등 지원2030년 재생에너지 100GW정부가 탄소중립과 경제성장 '두 토끼'를 잡기 위해 향후 10년간 1000조원을 투입하는 '한국형 녹색대전환(K-GX)' 프로젝트에 나선다.철강·석유화학 등 기존 산업의 탈탄소화와 차세대 태양전지·소형모듈원자로(SMR) 등 신산업 육성을 동시에 추진해 미래 먹거리를 확보한다는 전략이다.7일 정부는 서울 중구 대한상공회의소에서 이재명 대통령이 참석한 가운데 국민보고회를 열어 이 같은 내용을 담은 K-GX 전략을 발표했다. 이날 발표된 전략은 정부와 대한상의 등 경제·산업단체가 참여한 ...",https://n.news.naver.com/article/newspaper/009/0005745552?date=20261008,업계,0.668075794430673,
매일경제,위탁 연구부터 개발·생산까지 … 원스톱 K바이오 아태시장 주도,"요코하마서 바이오 재팬 개막삼바 단독부스·세미나 인기아시아 최대 바이오·제약 전시회 바이오 재팬 2026(BIO JAPAN 2026)이 개막한 7일 일본 요코하마 퍼시피코 컨벤션센터. 행사가 막을 올리자 전시장 내 한국 기업 부스와 세미나장은 글로벌 제약·바이오 관계자들로 정신없이 북적였다. 특히 개막 첫날 열린 삼성바이오로직스의 단독 세미나는 발표장에 준비된 좌석이 만석을 이룬 것은 물론, 뒤편까지 참관객 수십 명이 빼곡히 들어섰다.올해로 40주년을 맞이한 바이오 재팬 2026은 전 세계 40개국에서 1200여 개 제약·바이오 관련 기업 및 기관들이 대거 참가했다. 9일까지 사흘간 진행되며 2만2000여 명의 참관객이 몰릴 것으로 기대된다. 한국 기업은 삼성바이오로직스와 롯데바이오로직스가 단독 부스를 열어...",https://n.news.naver.com/article/newspaper/009/0005745434?date=20261008,업계,0.6527378694603273,
매일경제,韓 비만신약 첫 출시,"식약처, 한미약품 '에페' 허가한미약품이 개발한 비만치료제 '에페'가 정부 허가를 받아 연내 출시된다. 위고비와 마운자로가 주도하는 국내 비만치료제 시장에 국산 신약이 뛰어들면서 가격 경쟁이 본격화할 전망이다. 에페의 월 투약 비용은 경쟁 제품의 절반 수준인 10만원대로 책정될 것으로 예상하고 있다.식품의약품안전처는 한미약품의 '에페오토인젝터주'(성분명 에페글레나타이드)를 허가했다고 7일 밝혔다. 국내 첫 국산 글루카곤유사펩타이드-1(GLP-1) 계열 비만 신약이자 국내에서 개발된 45번째 신약이다. 에페는 식욕을 억제하고 포만감을 유지하는 주 1회 주사제로, 한국인 448명을 대상으로 진행한 임상 3상에서 40주 투여 후 위약 대비 평균 9.75%의 체중 감소 효과를 확인했다.[왕해나 기자]...",https://n.news.naver.com/article/newspaper/009/0005745616?date=20261008,업계,0.5980551843805659,
매일경제,'月 10만원대' 에페 출격 … 비만약 판 흔드나,"식약처, 국내 첫 비만약 승인위고비·마운자로 절반 가격에원료·완제품까지 국내 생산한미약품 ""아시아인에 효과""평균 체중 9.7% 감소 확인국내 비만치료제 시장을 주도하는 위고비와 마운자로에 국산 신약 '에페'가 7일 식품의약품안전처에서 허가를 받으면서 글로벌 제약사들의 가격 인하 경쟁으로 이어질지 주목된다. 업계에서는 에페의 월 투약 비용이 기존 치료제의 절반 수준인 10만원대로 책정될 것으로 예상하고 있다.한미약품은 연내 출시를 추진하고 있으며 중장기적으로 연 매출 1000억원 이상을 달성한다는 목표다.에페는 한미약품이 10년 넘게 개발해온 신약이다. 2015년 글로벌 제약사 사노피에 기술수출됐지만 2020년 권리가 반환되는 우여곡절을 겪었다. 한미약품은 개발을 포기하지 않고 국내 임상 3상을 진행해 상용화...",https://n.news.naver.com/article/newspaper/009/0005745615?date=20261008,업계,0.5559789830324839,
한국경제,구글과 전력공급 계약…美 콘스텔레이션 상승,"미국 최대 원자력발전소 기업 콘스텔레이션에너지가 6일(현지시간) 구글과 3590㎿ 규모 전력을 공급하는 계약을 맺었다고 발표했다.이 업체는 구글의 인공지능(AI) 데이터센터 전력 수요에 대응하기 위해 일리노이, 펜실베이니아, 뉴저지에 있는 11개 원전에서 2028년부터 20년간 전력을 공급한다. 콘스텔레이션은 이 원전의 설비 개선에 43억달러를 투입할 계획이다. 콘스텔레이션은 구글과 5년간 기술 제휴도 맺었다. 구글은 콘스텔레이션의 원전 운영을 위해 자사의 기업용 AI 모델 ‘제미나이 엔터프라이즈’와 구글 클라우드를 제공한다. 블룸버그통신은 10억달러 규모로 추산된다고 보도했다.구글은 이와 별도로 콘스텔레이션의 기존 발전소에서도 전력 2700㎿를 15년간 추가로 공급받기로 했다. 양사는 “이번 협약에 따라 ...",https://n.news.naver.com/article/newspaper/015/0005340194?date=20261008,기타,0.4705519412783474,
한국경제,"BGF, 자회사로 KNW 편입…반도체 소재에 힘준다","자회사 보유 지분 전량 인수에코스페셜티는 손자회사로BGF가 손자회사이자 반도체 소재업체인 케이엔더블유(KNW)를 자회사로 편입한다. 반도체 소재 사업에 대한 투자 여력을 높이고 지주사의 책임경영을 강화하기 위한 지배구조 개편이라는 분석이 나온다.BGF는 자회사 BGF에코머티리얼즈가 보유한 KNW 지분 전량을 매입한다고 7일 밝혔다. 약 817억원을 들여 KNW 보통주 911만3891주(지분율 56.9%)를 인수한다. 이번 거래가 마무리되면 KNW는 BGF의 자회사로 올라선다. KNW 산하에 있는 BGF에코스페셜티도 BGF의 증손회사에서 손자회사로 지위가 바뀐다.BGF가 지배구조 개편에 나선 것은 반도체 소재 사업에 대한 투자 여력을 높이기 위해서다. BGF에코스페셜티는 반도체용 특수가스를 생산하는 회사로, ...",https://n.news.naver.com/article/newspaper/015/0005340299?date=20261008,업계,0.46932591508318444,
조선일보,"원화 환율, 석달 새 200원 넘게 떨어져","분기 기준 낙폭은 28년 만에 최대달러 대비 원화 환율이 석 달 새 200원 넘게 빠른 속도로 급락하면서 수출 기업들이 대처하는데 부담이 되고 있다. 3분기(7~9월) 환율 낙폭은 분기 기준으로 1998년 4분기 이후 28년 만에 가장 컸다.7일 서울 외환시장에서 환율은 달러당 1339.10원에 마감했다. 2분기 마지막 거래일인 지난 6월 30일 종가 1549.4원보다 210.3원(13.5%) 낮다. 수출 기업과 서학개미(미국 주식에 투자하는 국내 개인)는 달러로 번 돈을 원화로 바꿀 때 손에 쥐는 금액이 줄어 손해다.하지만 그동안의 1500원대 환율이 이례적으로 높았기 때문에 현재 환율이 낮다기 보다는 급락한 속도가 기업 부담을 가중하고 있다는 분석이 제기된다.한국은행에 따르면, 분기 말 환율은 6월 말 ...",https://n.news.naver.com/article/newspaper/023/0004002677?date=20261008,경영,0.4375754409810562,
한국경제,"하태형 ""M&A로 매출 1조 늘어…美 발전사업 확대""",하태형 미코그룹 부회장3년간 플랜텍·HPS·넴 잇단 인수美 배열회수보일러 수출 본격화내년 2월 베트남 공장 가동코스닥 반도체 소재 업체 미코가 지난 9월 인수한 네덜란드의 배열회수보일러(HRSG) 설계업체 넴(NEM)과 함께 미국 시장을 공략한다. 자회사인 현대중공업파워시스템(HPS)의 보일러 제조 기술력과 시너지가 기대된다. 원전 열교환기와 해양 플랜트 기자재 등 신사업에도 적극 추진할 계획이다.◇내년 2월 베트남 공장 가동하태형 미코그룹 부회장은 7일 성남 서현동 사무실에서 한 인터뷰에서 “미국의 HRSG 사업을 확대하기 위해 연내 미국에 영업 거점을 설립할 계획”이라며 “사업 기반을 갖춘 넴과 HPS가 협업하면 시너지가 기대된다”고 밝혔다.미코그룹은 지난달 글로벌 HRSG 설계업체인 넴의 지분 100%...,https://n.news.naver.com/article/newspaper/015/0005340205?date=20261008,경영,0.4037333158209082,
매일경제,[매경이코노미스트] K반도체 '노다지'와 칠레 '구리',"구리 호황때 세수 모은 칠레글로벌 금융위기 무사히 넘겨韓, 반도체 덕에 명목GDP 쑥돈 넘칠 때 재정준칙 지켜야올해 2분기 한국의 명목 국내총생산(GDP) 증가율은 전년 동기 대비 26.4%로 47년 만에 가장 높았다. 실질 GDP도 3.7% 성장해 잠재성장률을 크게 웃돌았지만, 명목과 실질의 격차는 22.7%포인트에 달했다. 격차의 주요인은 반도체 수출가격의 급등이다. 같은 반도체를 훨씬 비싸게 팔 수 있게 되면서 기업이익과 나라의 구매력이 크게 불어난 것이다. 한국 경제에 '반도체 보난자'가 찾아온 것이다.보난자는 스페인어로 노다지, 횡재를 뜻한다. 20여 년 전 칠레도 그랬다. 당시 칠레의 반도체는 구리였다. 2006~2007년 구리 가격은 2003년 대비 약 4배 올랐다. 최대 구리 산출국인 칠레의 ...",https://n.news.naver.com/article/newspaper/009/0005745473?date=20261008,경영,0.376830165394637,
한국경제,"대기업 M&A '다다익선' 옛말, '될놈'만 남긴다",군살 빼고 첨단산업 투자 집중거래액 70% 이상이 사업 매각사업 재편 위해 상시 M&A▶마켓인사이트10월 7일 오후 2시 10분국내 인수합병(M&A) 거래의 절반 이상이 대기업의 사업부 분리 매각(카브아웃)과 자회사 매각인 것으로 나타났다. 주요 대기업들이 비주력 사업을 정리하며 선제적으로 포트폴리오 조정에 나선 영향이다. ‘다다익선’을 추구하며 신사업을 늘리는 데 주력하던 대기업의 경영 기조가 바뀌고 있다는 분석이 나온다.7일 보스턴컨설팅그룹(BCG)에 따르면 2021년부터 지난해까지 국내 M&A 거래 가운데 사업 매각 비중은 거래금액 기준 61%를 차지했다. 사업 매각은 지주사의 자회사 매각과 카브아웃 등을 통칭하는 개념이다. 올해 들어 쏠림 현상은 더 뚜렷해졌다. 지난 8월까지 사업 매각 비중은 거래금...,https://n.news.naver.com/article/newspaper/015/0005340230?date=20261008,업계,0.3721569466460234,
동아일보,"KT&G, 印尼 신공장 가동… ‘글로벌 5각 생산체제’",韓-印尼-러-카자흐-튀르키예 거점2028년 해외생산 ‘60% 이상’ 목표KT&G가 인도네시아 신공장을 본격 가동하며 한국·인도네시아·러시아·카자흐스탄·튀르키예를 잇는 ‘글로벌 5각 생산 체제’를 완성했다.KT&G는 6일(현지 시간) 인도네시아 동자바주 파수루안에서 신공장(사진) 오프닝 기념식을 열었다고 7일 밝혔다. KT&G는 2011년 현지 회사를 인수해 인도네시아 시장에 진출했고 ‘에쎄(ESSE)’와 현지 전용 브랜드 ‘주아라(JUARA)’를 앞세워 현재 현지 시장점유율 4위를 차지하고 있다.신공장은 궐련 제조 설비 9대를 갖추고 연간 최대 210억 개비를 생산할 예정이다. 기존 공장의 연간 140억 개비 생산 능력을 더하면 인도네시아 전체 생산 능력은 최대 350억 개비로 확대된다. 생산 제품은 인도네...,https://n.news.naver.com/article/newspaper/020/0003753497?date=20261008,경영,0.3170206036641859,
매일경제,"""年수출 1조달러 시대 … '포스트 반도체' 준비하는 출발선돼야""","강경성 코트라 사장판 바뀔 때 도전해 기회 잡아야반도체 꺾여도 버틸 무기 필요中 공습 한발짝 앞서 대응하고글로벌 사우스 적극 공략 필요공고 졸업후 기술고시 합격코트라 경제안보 핵심축될 것""우리는 판이 흔들릴 때 도전해 기회를 잡았습니다. 1조달러는 결승선이 아니라 반도체 호황 이후까지 버틸 구조를 만드는 출발선입니다.""강경성 대한무역투자진흥공사(KOTRA·코트라) 사장은 최근 매일경제와 인터뷰하면서 통상 질서가 요동치고 미·중 제조업 경쟁이 격화하는 상황에서도 약진하는 한국 수출을 이같이 평가했다. 한국 수출은 올해 사상 처음으로 연간 1조달러 고지를 눈앞에 두고 있다.공고를 졸업한 뒤 기술고시에 합격해 산업통상자원부 1·2차관에까지 오른 '고졸 신화'의 주인공인 강 사장은 2024년 11월 코트라 사장에 ...",https://n.news.naver.com/article/newspaper/009/0005745525?date=20261008,업계,0.30934195737995335,
조선일보,10년간 1000조 투입 ‘녹색 대전환’ 나선다,"온실가스 많은 5대 업종 ‘탈탄소’李 “국민의 삶 지키는 미래 전략”3줄 요약ㆍ온실가스 다배출 5대 업종 탈탄소 전환ㆍ민간은 핵심 청정 소재 등에 220조원 투자ㆍ2030년 재생에너지 100GW 조기 달성 목표정부가 앞으로 10년간 1000조원을 투입해 재생에너지 등 녹색 산업을 국가 신성장 동력 사업으로 육성하는 ‘한국형 녹색대전환’(K-GX) 전략을 추진하기로 했다.이재명 대통령은 7일 서울 중구 대한상공회의소에서 관련 국민 보고회를 주재하며 “핵심 녹색 기술을 먼저 확보해 미래 녹색 시장을 선점해야 한다”며 이같이 밝혔다.에너지·공급망 위기가 심화되고 탄소 감축이 세계 경제의 어젠다로 부상하는 가운데, 녹색 산업 전환을 새로운 경제 성장 동력으로 삼겠다는 것이다. 이 대통령은 “녹색 전환을 선제적으로 ...",https://n.news.naver.com/article/newspaper/023/0004002729?date=20261008,업계,0.30045545391479855,
한국경제,"""13억 가죽재킷 벗고 정장 입었다""…젠슨 황이 달라진 이유",후드티 벗어던진 저커버그…패션으로 보는 경영문법개인비서 '뮤즈' 출시 후'야심' 대신 '사랑' 강조정장으로 갈아입은 젠슨 황美·中 정상 만찬서 격식 갖춰“BUILDING IS MY LOVE LANGUAGE (창조는 내 사랑의 언어다).”지난달 23일(현지시간) 메타 커넥트 무대에 오른 마크 저커버그 메타 최고경영자(CEO)의 티셔츠에 적힌 문구다. ‘사랑의 언어’는 연애 상담서를 통해 널리 퍼진 표현이다. 실리콘밸리에서 가장 공격적인 경영자로 꼽히는 인물이 연애 심리학 용어를 가슴에 새기고 무대에 오른 셈이다. 1950년대 브로우라인 디자인의 메타 신형 인공지능(AI) 안경도 썼다. “지적이고 진지하다. 저커버그가 의도적으로 스타일을 바꿨다.” 미국 남성복 평론가 데릭 가이는 CNN에 이렇게 평했다.◇저커버...,https://n.news.naver.com/article/newspaper/015/0005340348?date=20261008,경영,0.29376268546077433,
매일경제,[기자24시] 중국선 로봇도 출근해 일 배운다,공장은 검증된 로봇을 원한다. 그런데 로봇은 공장에 들어가야 검증된다. 피지컬 인공지능(AI) 시대를 맞은 로봇 산업의 딜레마다. 자연스럽게 걷고 물건을 집는 로봇 시연 영상은 넘쳐난다. 하지만 생산라인에서 정해진 시간 안에 같은 작업을 반복하는 것은 다른 문제다. 로봇 개발 못지않게 처음 일을 맡겨줄 기업이 중요한 이유다.최근 중국 완성차 업체들이 로봇 사업에서 눈에 띄는 것도 이 대목이다. 이들은 자금 투자에 그치지 않고 자사 공장을 로봇의 일터로 개방하고 있다. BYD는 투자한 로봇 기업 파시니에 공장 환경과 작업 데이터를 제공하기로 했다. 상하이GM은 애지봇과 공동 개발한 휴머노이드를 배터리 셀 적재 공정에 투입했다. 공장을 로봇의 실전 테스트베드로도 활용하는 셈이다.현장에서 문제를 찾고 고치는 경험...,https://n.news.naver.com/article/newspaper/009/0005745485?date=20261008,업계,0.28268157777962977,
한국경제,"'바비인형 제조사' 마텔, M&A설에 주가 급등","엔터사업 확대·주가 부진 지속주요 주주, 이사회에 매각 압박어센틱브랜즈는 인수의사 전달바비와 핫휠을 보유한 미국 완구업체 마텔이 주요 주주로부터 회사 매각을 검토하라는 압박을 받고 있다. 엔터테인먼트 사업 확대에 따른 비용 부담과 주가 부진이 이어지고 있어 브랜드 가치를 높이기 위해 소유주를 바꿔야 한다는 게 주요 주주의 주장이다.7일 월스트리트저널(WSJ)에 따르면 마텔 지분 5.4%를 보유한 자산운용사 아리엘인베스트먼트는 이날 이사회에 서한을 보내 자산 매각과 합병, 회사 전체 매각을 검토하라고 요구했다. 독립적인 재무자문사를 선임해 주주 가치를 높일 방안을 찾으라는 것이다.존 로저스 아리엘 회장 겸 공동 최고경영자(CEO)는 인수자가 현재 주가보다 훨씬 높은 가격에 마텔을 사들일 수 있다고 주장했다.인...",https://n.news.naver.com/article/newspaper/015/0005340198?date=20261008,경영,0.2807491473158987,
한국경제,'꼭 그렇게 다 가져가야만 했나'…취준생들 '부글부글',"AI 프롬프트까지 요구하는 기업취준생 ""채용 갑질""""AI 활용능력 평가""자소서 넘어 'AI 대화록' 제출 요구""일상서 AI로 성과낸 사례 첨부""증빙자료 요청 기업 늘어취준생 ""질문 방법·조건 설정 등활용 노하우 대가없이 가져가나""기업의 사용 범위도 법적 쟁점기업들이 채용 과정에서 지원자의 인공지능(AI) 활용 능력을 검증하기 위해 실제 사용한 프롬프트를 요구하는 사례가 잇따르고 있다. AI를 이용해 문제를 풀어낼 실전 역량을 확인한다는 이유에서다. 구직자 사이에서는 “지식재산권 성격이 있는 개인의 AI 활용 노하우까지 기업에 제출해야 하느냐”는 불만이 나온다.◇자소서 넘어 ‘AI 활용법’ 검증7일 업계에 따르면 2027년 대졸 신입사원을 모집 중인 에너지 기업은 자기소개서에 ‘수업·일상생활 등에서 AI를 활...",https://n.news.naver.com/article/newspaper/015/0005340286?date=20261008,기타,0.2774164572118357,
중앙일보,"[박석현의 마켓 나우] 반도체, 속도는 줄어도 방향과 힘은 그대로",삼성전자의 8일 잠정실적 발표를 시작으로 3분기 실적 발표 시즌이 본격화된다. KOSPI 상장사의 3분기 영업이익 시장 예상치는 269조원이다. 올해 들어 지속되고 있는 분기 기준 사상 최대 영업이익 기록이 이번에도 경신될 것으로 기대된다.이익 증가 추세는 둔화가 예상된다. 올해 1분기에 121%를 기록한 전분기대비 영업이익 증가율은 2분기 44%에 이어 이번 3분기에는 5%로 낮아질 전망이다. 이는 미국 빅테크 기업들이 상반기에 급격히 늘렸던 추가적인 AI 투자지출이 하반기에 들어서며 점차 둔화한 데 따른 영향이 크다. 여기에 원·달러 환율 하락으로 수출 기업의 원화 환산 수출액이 줄어드는 효과와 KOSPI 이익 증가의 대부분을 견인하는 반도체 기업들이 고객사와 장기 공급계약을 확대하고 있는 점도 영향을 ...,https://n.news.naver.com/article/newspaper/025/0003556469?date=20261008,경영,0.27577318230182507,
매일경제,5% 미만 운용사 연합군 가능 … 상장사 '경영 개입' 거세지나,"與, 자본시장법 개정안 추진손쉬워진 의결권 공동행사경영권에 중대한 영향 줄때만특별관계자로 묶어 지분 합산의도 없을땐 '5%룰' 저촉안돼재계 ""글로벌 흐름에 역행""공시 의무 없어져 기관만 이익배당·지배구조 개입 늘어날듯""소액주주 보호와는 거리있어""더불어민주당이 기관투자자의 공동 의결권 행사에 따른 공시 부담을 줄이는 입법을 추진한다. 자산운용사와 연기금의 주주 활동이 더욱 확대될 것으로 보인다. 개별적으로는 지분율이 낮은 기관도 다른 주주들과 연대해 배당 확대나 지배구조 개선을 요구하기가 한층 쉬워지기 때문이다. 특히 감사위원을 선임할 때 대주주 측 의결권을 제한하는 '3%룰'과 맞물리면 기관들이 지지하는 후보를 이사회에 진입시키는 데 영향력이 더 커질 수 있다. 이른바 한국형 '스튜어드십 코드'를 강화해 국...",https://n.news.naver.com/article/newspaper/009/0005745545?date=20261008,경영,0.271183885725565,
동아일보,삼양 ‘우지 짜장라면’ 출시 100일만에 1000만개 판매,짜장 맛집 100여곳 돌며 조리 분석삼양식품의 우지(牛脂·소기름)로 만든 짜장라면 ‘짜르르’(사진)가 출시 약 100일 만에 누적 판매량 1000만 개를 넘었다. 지난해 11월 ‘삼양1963’으로 36년 만에 우지 라면을 다시 선보인 삼양식품은 계속해서 맛과 형태를 다양화한 우지 제품군을 늘려갈 방침이다.삼양식품은 7일 서울 중구 명동사옥에서 짜르르 미디어 시식회를 열고 이 같은 계획을 밝혔다. 이날 예고 없이 행사장을 찾은 김정수 삼양식품 회장은 “진정한 짜장면의 맛을 라면으로 재현해 하루빨리 선보이고 싶었다”고 개발 배경을 설명했다. 올 7월 출시된 짜르르는 일반 짜장라면과 달리 면 삶은 물을 버리지 않고 자작하게 졸여 액상소스와 섞는다. 면을 튀길 때 쓴 우지의 풍미를 살리기 위해서다.이병훈 삼양식품 ...,https://n.news.naver.com/article/newspaper/020/0003753500?date=20261008,업계,0.26660741071059973,
한국경제,누리호 타고 '우주 검증' 나선 국산 반도체,4차 삼전·5차 하닉 D램 실증우주 데이터센터 대비 나서누리호 5차 발사체엔 한국 반도체도 실렸다. 지상에서 개발한 국산 반도체를 누리호에 실어 극한의 우주 환경에서도 안정적으로 작동하는 ‘우주용 칩’을 테스트하기 위해서다. 막대한 비용과 시간이 드는 우주 반도체를 새로 개발하기보다 이미 상용화한 칩 가운데 우주에서 활용할 수 있는 제품을 선별하는 전략이다.7일 발사된 누리호 5차 발사체에는 SK하이닉스의 D램과 범용 플래시 저장장치(UFS)를 장착한 우주검증위성 ‘E3T 2호’가 들어 있다. 실제 우주 환경에서 국산 메모리가 안정적으로 작동하는지 확인하고 우주 활용 이력을 확보하는 게 임무다. 정부는 지난해 누리호 4차 발사 때 삼성전자 D램·낸드 등을 실은 E3T 1호를 통해 국산 반도체의 우주 테스트를...,https://n.news.naver.com/article/newspaper/015/0005340191?date=20261008,기타,0.26331910526204455,
한국경제,상위 1%가 법인세 80% 부담…기업 55%는 한 푼도 안내,면세 기업 8년째 늘어 59.7만곳내년 법인세 수입 216.7조 달할듯매출 상위 1% 기업이 전체 법인세의 80% 가까이 부담한 것으로 나타났다. 법인세를 한 푼도 내지 않은 기업 비중은 8년 연속 늘어나 전체 신고법인의 절반을 넘어섰다. 삼성전자와 SK하이닉스 등 특정 기업 실적에 따라 세수가 크게 출렁이는 구조가 고착화해 법인세 과세 기반을 넓혀야 한다는 지적이 나온다.7일 국세청 국세통계포털에 따르면 지난해 법인세 신고법인 가운데 매출 상위 1%인 1만865곳의 총부담세액은 56조1435억원이었다. 이는 전체 법인 총부담세액(72조1714억원)의 77.8%에 달했다. 전년보다 비중이 3.9%포인트 상승해 2022년(78.5%) 후 3년 만에 가장 높은 수준을 기록했다.반면 지난해 법인세를 내지 않은 기...,https://n.news.naver.com/article/newspaper/015/0005340266?date=20261008,경영,0.25199844132011345,
조선일보,AI가 말하는 속도 분석… 치매 징후 찾는다,"네이버클라우드 연구진 논문 발표말의 내용·말하는 방식 함께 살펴인공지능(AI)이 사람의 말을 문자로 옮기는 것을 넘어, 말 사이의 멈춤과 속도까지 분석해 인지 건강의 이상 징후를 찾는 기술로 쓰이고 있다.네이버클라우드 연구진은 최근 호주에서 열린 음성 분야 국제 학회 ‘인터스피치 2026’에서 말의 내용과 말하는 방식을 함께 분석해 치매 환자와 정상군을 구분하는 논문 2편을 발표했다고 7일 밝혔다.핵심은 ‘무슨 말을 했는지’뿐 아니라 ‘어떻게 말했는지’도 보는 것이다. 말을 글로 옮기면 단어를 떠올리느라 얼마나 오래 멈췄는지, 말이 얼마나 자주 끊겼는지 등을 알기 어렵다. 기존 음성 인식 기술은 이런 멈춤이나 머뭇거림은 오히려 걸러내야 할 정보에 가까웠지만, 건강 상태를 살필 때는 이런 비언어적 특징이 중요...",https://n.news.naver.com/article/newspaper/023/0004002672?date=20261008,업계,0.22771511033378664,
동아일보,"포르쉐코리아, 고성능 전기 SUV ‘카이엔 일렉트릭’ 출시","최대 1156마력 고성능 전기차내-외관도 다양하게 선택 가능포르쉐코리아가 전기 스포츠유틸리티차량(SUV) ‘카이엔 일렉트릭’(사진)을 한국 시장에 출시했다. 이 회사에서 만든 두 번째 순수 전기 SUV다.슈퍼카를 만드는 회사인 만큼 전기차도 고성능으로 제작했다. 최상위 모델인 카이엔 터보 일렉트릭의 경우 새로 개발된 드라이브 시스템이 적용돼 최대 1156마력의 힘을 낸다. 길이 4985mm, 폭 1980mm로 덩치가 큰 차이지만 정지 상태에서 시속 100km까지 가속(제로백)하는 데 2.5초면 충분하다. 일반 모델인 ‘카이엔 일렉트릭’도 442마력의 출력을 낸다. 제로백은 4.8초다.113kWh의 대용량 배터리를 탑재해 한 번 충전하면 세부 모델(트림)에 따라 468∼512km를 달릴 수 있어 서울에서 부산...",https://n.news.naver.com/article/newspaper/020/0003753488?date=20261008,업계,0.22432636660990296,
매일경제,"녹색대전환 1000조 투자, 탈탄소 과속으로 기업부담 줘선 안돼 [사설]","정부가 재생에너지 등 '10대 녹색산업'을 육성하기 위해 향후 10년간 1000조원을 투자하기로 했다. 철강 등 탄소 다배출 업종에는 감축 목표를 부과해 산업 전반의 탈탄소 전환도 서두를 방침이다. 그런데 주요국은 산업 경쟁력과 에너지 안보를 고려해 정책 속도와 강도를 조정하고 있다. 이런 마당에 한국만 과속하면 기업 경쟁력이 훼손될 염려가 있다.정부는 7일 '한국형 녹색대전환(K-GX) 전략 국민보고회'를 열고 전기차·배터리·태양광·소형모듈원전(SMR) 등 10개 업종을 '10대 녹색산업'으로 제시했다. 기술혁신을 지원해 미래 성장동력으로 키우겠다는 것으로, 반도체 산업을 잇는 성장 기회로 삼겠다는 취지다. 그러나 기업의 탈탄소 전환 목표를 정부가 관리한다는 등의 민감한 대목도 있다. 철강·석유화학·시멘트...",https://n.news.naver.com/article/newspaper/009/0005745469?date=20261008,업계,0.21605366649955812,
동아일보,"구글, 美최대 원전기업과 대규모 전력구매계약… AIDC 수요 대비","원전 3, 4기 생산 전력량과 맞먹어구글이 인공지능(AI) 데이터센터용 전력을 선점하기 위해 미국 최대 원전 기업 콘스텔레이션 에너지와 전력구매계약(PPA)을 맺었다. PPA는 발전사와 기업이 장기간 전기를 직접 사고파는 계약이다.구글은 6일(현지 시간) 콘스텔레이션으로부터 3590MW(메가와트)의 전력을 공급받는다고 밝혔다. 이는 1GW(기가와트)급 원전 3∼4기가 생산하는 전력량과 맞먹는 규모로, 전력 소모가 막대한 AI 데이터센터를 안정적으로 운영하려는 조치다.구글은 전체 물량 중 4분의 1인 890MW는 일리노이·펜실베이니아·뉴저지주에 있는 11개 원전에서 2028년부터 20년간 공급받기로 했다. 나머지 2700MW는 기존 발전소에서 15년간 조달한다.양사는 5년간 구글 클라우드와 기업용 AI ‘제미...",https://n.news.naver.com/article/newspaper/020/0003753502?date=20261008,기타,0.20193067881249183,
중앙일보,떡은 되고 빵은 안 된다…‘성심당’도 울리는 황당 규제,“빵 사려고 대전 여행 왔어요.”추석 연휴 직후인 지난달 28일 오후 2시 대전시 은행동 성심당 본점 앞. 경기도에서 친구와 함께 이곳을 찾은 20대 김모씨는 “저렴하고 맛있어서 가족들과 먹을 생각으로 빵을 많이 샀다”고 했다. 대전을 전국적인 ‘빵의 성지’로 올려놓은 성심당. 인근 상가에 빵 저장소까지 생겨날 정도로 ‘전국구 인기’를 끌고 있지만 정작 성심당은 대전의 ‘대표 산업’ 대접은 받지 못하고 있다. 7일 대전산업단지에 따르면 성심당은 최근 몇 년 새 빵 수요가 폭등하자 대전산업단지에 새 공장 부지를 물색했지만 결국 포기했다. 발목을 잡은 건 10년 전 만들어진 황당한 규제 때문이다.1969년 첫 삽을 뜬 대전산업단지 재생을 위해 대전시는 2016년 새 운영 방안을 만들었다. 이른바 ‘업종 제한’이...,https://n.news.naver.com/article/newspaper/025/0003556502?date=20261008,업계,0.19488652169476745,
동아일보,"수소차 충전기, 전기차 충전기 대비 0.1%… “인프라 더 늘려야”","전국 수소 충전소 274곳뿐인프라 부족에 판매량 줄어업계 “정부 지속 지원 필요”전기차와 함께 배출가스를 발생시키지 않는 친환경차로 분류되는 수소연료전지 차량용 충전기 수가 전기차 충전기의 0.1% 수준에 불과한 것으로 나타났다. 보급 확대를 위해서는 먼저 수소 충전 인프라가 충분히 마련돼야 한다는 의견이 국회 국정감사에서 제기됐다.국회 산업통상자원중소벤처기업위원회 소속 박희승 의원(더불어민주당)이 6일 공개한 자료에 따르면 전국에 설치된 수소 충전소는 총 274곳, 충전기는 481대에 그쳤다. 전국에 53만9000여 대 설치된 전기차 충전기의 0.1%에도 미치지 않는 수준이다.이 같은 인프라 부족이 수소차 구매를 망설이는 결정적 요인으로 작용한다는 것이 국회와 관련 업계의 분석이다. 현대자동차가 만든 수소...",https://n.news.naver.com/article/newspaper/020/0003753515?date=20261008,업계,0.19440139415795282,
매일경제,"""주식 모르면 ETF부터 하랬는데…"" 10개중 7개는 코스피200에 밀려",소형주 중심 상품 수익률 저조전체의 21%가 삼성전자 담아국내 주식형 상장지수펀드(ETF) 상품 가운데 약 74%는 최근 1년간 수익률이 코스피200지수에도 미치지 못한 것으로 나타났다. 그나마 높은 수익률을 보인 ETF 상품은 최근 코스피 상승을 이끌었던 '삼전닉스'를 포함한  결과였다. 이 같은 반도체 쏠림 때문에 ETF 상품들이 무분별하게 삼성전자와 SK하이닉스 종목을 추가로 담으려하는 부작용까지 발생했다.7일 금융투자 업계에 따르면 코스피200은 최근 1년(지난해 10월 2일~올해 10월 2일)을 기준으로 798.32에서 1109.05로 38.92% 상승했다. 상장된 전체 ETF 상품 1171개 가운데 1년 이내에 상장된 183개를 제외한 988개 ETF 중에서 코스피200보다 수익률이 낮은 상품은 ...,https://n.news.naver.com/article/newspaper/009/0005745548?date=20261008,업계,0.18325897256854298,
동아일보,엑셀로 세던 탄소 배출량 AI가 계산한다,"[행복 나눔] 엔츠, 탄소관리 플랫폼 개발데이터 수집-ESG 공시 지원자산 10조 원 이상인 상장기업은 2028년부터 탄소 배출량 등 환경, 사회, 지배구조(ESG) 관련 정보를 사업보고서에 반영해 공시해야 한다. 자회사뿐만 아니라 종속회사, 협력사 등의 탄소 배출량도 함께 공개해야 한다.기후테크 스타트업 ‘엔츠’는 인공지능(AI) 기반 탄소 배출량 관리 플랫폼을 개발해 기업들의 ESG 공시 대응을 지원하고 있다. 2021년 설립된 엔츠는 AI 기반 탄소 관리 플랫폼 ‘엔스코프’를 개발했다. 엔스코프는 기업의 탄소 배출량 측정과 공시에 필요한 데이터 수집, 산정, 관리 등을 처리해 이를 기업이 향후 탄소 배출량 감축으로 연결할 수 있도록 지원한다.그동안 대부분의 기업은 전기, 연료 사용량을 엑셀 파일에 수기...",https://n.news.naver.com/article/newspaper/020/0003753598?date=20261008,경영,0.17692271163298146,
매일경제,"[기고] 기업 접대비 16조원, 1%만 문화에 쓴다면","기업은 품격있는 홍보 가능K아트엔 1600억원 새 시장문화업추비 제도 개선 필요기업 경영은 기업과 고객 간 신뢰에서 시작된다. 수많은 만남과 대화가 신뢰를 만들고, 축적된 관계가 기업 성과에 영향을 미친다. 이러한 과정에서 기업이 고객과 우호적인 관계를 형성하며 신뢰를 쌓기 위해 지출하는 비용이 접대비다. 접대비라는 용어는 2024년부터 '기업업무추진비'로 명칭이 바뀌었다. 국세청에 따르면 2024년 기업들이 신고한 기업업무추진비는 16조2000억원에 이른다. 그러나 이 막대한 지출액 가운데 문화기업업무추진비(옛 문화접대비)가 차지하는 비중은 0.1%에도 미치지 못한다.기업의 모든 지출은 그 기업의 가치와 지향점을 함의하며, 고객과 관계를 형성하는 과정에서 무엇을 중시하느냐는 기업의 품격을 보여주는 중요한 ...",https://n.news.naver.com/article/newspaper/009/0005745481?date=20261008,경영,0.175046668715128,
동아일보,‘전쟁 틈타 44조 유가 담합’ SK에너지-현대오일뱅크 제재 착수,"공정위, 양사에 심사보고서 송부4년간 유가정보 교환-담합 의혹혐의 인정땐 과징금 최대 4.6조현대오일뱅크측 “담합한 적 없다”세계 각지의 전쟁 등을 빌미로 휘발유 등의 판매 가격에 대한 정보를 교환하고 가격을 담합한 혐의를 받는 SK에너지와 HD현대오일뱅크가 경쟁 당국의 심판대에 오른다. 두 회사가 벌어들인 매출액을 고려하면 과징금이 수조 원대에 이를 수 있다는 관측도 나온다.공정거래위원회는 7일 SK에너지와 현대오일뱅크에 이들의 석유류 담합 혐의에 대해 제재 의견을 담은 심사보고서를 송부했다고 밝혔다.휘발유, 경유 등 국내 석유류 시장은 정유사가 원유를 수입·정제해 만든 제품을 직접 또는 주유소, 도매업체 등을 통해 공급하는 구조다. 2025년 기준 SK에너지, 현대오일뱅크, GS칼텍스, 에쓰오일 등 4개...",https://n.news.naver.com/article/newspaper/020/0003753510?date=20261008,기타,0.1627403460466932,
한국경제,삼성 메모리 성과급 '1인당 7.5억'…내년 주총 후 지급,"초기업노조, 성과급 세부안 공개공통조직은 5.3억, LSI 등 2.4억삼성전자 반도체 사업을 하는 디바이스솔루션(DS) 부문의 특별경영성과급(OPI2)이 내년 3월 말에서 4월 초 사이에 지급된다. 메모리 사업부 직원(연봉 8000만원대 초반 기준)은 성과급으로 세전 약 7억5000만원을 받게 될 것으로 예상된다.삼성그룹 초기업노동조합 삼성전자지부(초기업노조)는 7일 이 같은 내용의 DS부문 특별경영성과급 세부안을 공개했다. 성과급 재원은 올해 DS부문 영업이익의 10.5%로 마련된다. 지방세를 포함한 세금 49.5%와 보험료, 기부금 등을 공제한 금액을 삼성전자 주식으로 지급한다.지급 대상은 지급 기준일인 올해 12월 31일 현재 재직자 또는 육아·임신·입영·90일 이내 간병휴직자 중 올해 가장 긴 근무시...",https://n.news.naver.com/article/newspaper/015/0005340278?date=20261008,경영,0.1533944378878741,
매일경제,수송 능력은 입증 … 향후 과제는 비용,스페이스X와 비교하면누리호 발사 비용 10배누리호 5차 발사에 성공하면서 누리호의 우주 수송 역량이 입증됐다. 누리호가 상업 발사 시장에 진입하기 위한 다음 과제는 '발사 비용' 낮추기라고 업계는 입을 모으고 있다.한국형 발사체 고도화 사업에 따르면 누리호의 회당 발사 비용은 약 1200억원이다. ㎏당 수송 비용은 약 3500만원으로 추정된다.이는 글로벌 우주 발사체 기업의 수송 단가와 비교하면 매우 높은 가격이다. 스페이스X에 따르면 팰컨9의 수송 단가는 ㎏당 3000달러(약 400만원) 수준이다. 블루오리진이 운용하는 뉴글렌도 수송 단가가 ㎏당 2400달러(약 320만원)로 낮다. 누리호와 10배가량 차이가 난다. 이들은 재사용 발사체이기 때문에 일회성 발사체인 누리호와 나란히 비교하기 어렵다. 다만 우...,https://n.news.naver.com/article/newspaper/009/0005745559?date=20261008,경영,0.14878098427768763,
중앙일보,한국판 위고비 나온다…한미약품 ‘에페’ 신약 허가 통과,"국내에서 개발한 첫 GLP-1 계열 비만치료제가 허가 문턱을 넘어 이르면 이달 말 시장에 풀릴 전망이다. 선발주자인 위고비·마운자로보다 체중 감량 효과는 낮은 편이지만, 구역·구토 등 부작용은 상대적으로 적게 나타났다.식품의약품안전처는 7일 한미약품의 ‘에페오토인젝터주’(성분명 에페글레나타이드)를 국내 개발 45번째 신약으로 허가했다고 밝혔다. 당뇨병이 없는 성인 비만·과체중 환자의 만성 체중 관리를 위해 식이·운동요법과 함께 쓰는 주 1회 주사제다.식약처에 따르면 임상 마지막 단계(3상)에 한국인 448명이 참여했다. 40주 치료 뒤 에페글레나타이드 투여군의 체중은 처음보다 평균 9.02% 감소했다. 위약군은 0.89% 줄었다.앞서 세마글루타이드(위고비 성분)는 68주 임상에서 평균 14.9%, 터제파타이...",https://n.news.naver.com/article/newspaper/025/0003556471?date=20261008,업계,0.14406778194925215,
조선일보,[Dr.이은봉의 의학 연구 다이제스트] 혈액검사 전 8시간 공복 못했어도… ‘혈당·중성지방’ 말고는 별 차이 없어,"3줄 요약ㆍ혈당·중성지방 수치, 공복 미준수 시 각각 10.8%·20.1% 상승ㆍ975만 건 혈액검사 분석, 121종 중 4종만 유의미한 차이ㆍ간·신장 기능 등 117종 검사, 공복 시간 영향 미미의료기관에서 이뤄지는 혈액검사는 대부분 8시간 이상 공복 후에 하라고 한다. 여간 불편한 것이 아니다. 오후에 진료가 예약되어 있으면 환자는 거의 반나절을 굶기도 한다. 최근 서울아산병원 연구팀 등은 공복 시간에 따라 혈액검사 결과가 실제로 어떻게 변하는지를 조사해서 미국의사협회지 내과편에 발표했다.연구는 서울의 한 3차 병원 외래에서 혈액검사를 받은 10만1148명을 대상으로 했다. 혈액검사 시 채혈 전 몇 시에 음식을 섭취했는지를 조사해서 공복 시간을 파악했다. 총 975만5547건의 혈액 검사 결과를 대상으로...",https://n.news.naver.com/article/newspaper/023/0004002705?date=20261008,기타,0.13441400236388917,
조선일보,AI끼리 모여살게 했더니… ‘그들만의 말’로 소통,"압축어·전문 용어·은어 등 사용응급 구조 상황을 가상한 실험에서 현장 구조대원 역할을 맡은 인공지능(AI)은 외계 생명체 ‘베이루’의 증상을 볼 수 있지만 처치법은 모른다. 전문의 역할 AI는 어떤 증상에 어떤 처치를 해야 하는지 알고 있지만 환자를 직접 볼 수 없다. 서로 정보를 주고받아야만 환자를 살릴 수 있는 상황이다. 두 AI는 처음에는 영어로 의사소통했지만, 주고받을 수 있는 문자 수를 연구진이 대폭 제한하자 말을 압축하기 시작했다. “@L12gA”, “T1 lf gnt 12s”처럼 인간이 뜻을 알기 어려운 표현을 만들어냈다. 암호 같은 말들을 AI끼리는 알아들었다. 연구진은 AI 에이전트 사이에서 ‘언어의 진화’가 일어났다고 평가했다. AI가 인간의 감시를 피하려 일부러 비밀 언어를 만든 것은 아...",https://n.news.naver.com/article/newspaper/023/0004002682?date=20261008,기타,0.12820329938926728,
매일경제,전투기·함정·발사체·AI … 'K방산 생태계'의 무한진화,"국내 방위산업 기업들의 기술 자립이 빠르게 진전되고 있다. 국산 전투기 개발·양산에 이어 항공무장 국산화가 추진되고, 해양에서는 함정 수출을 넘어 현지 공동건조와 미 해군 유지·보수·정비(MRO)로 사업 영역이 확대되고 있다. 우주에서는 위성 제작을 넘어 발사체와 위성 서비스까지 아우르는 밸류체인 구축에 속도를 내고 있다. 전장의 승부가 화력만큼이나 인공지능(AI)을 이용한 첨단 운용 능력에 좌우되면서  무기체계의 지능화와 함께 사이버 보안의 중요성도 증가하고 있다. 여기에 방산에 필요한 핵심광물과 소재 공급망까지 국내 기업들이 확보하면서 K방산은 단순한 무기 수출을 넘어 기술·생산·정비·소재를 아우르는 종합 산업 생태계로 진화하고 있다. 항공·해양·우주·AI·소재에서 동시에 나타나는 변화는 하나의 방향을 ...",https://n.news.naver.com/article/newspaper/009/0005745365?date=20261008,경영,0.12783055414205527,
매일경제,"""반갑다 아마존데이""… K뷰티株 웃음꽃","미국 연말 쇼핑 시즌 시작에역대 최대 수출 실적 청신호에이피알·아모레 동반 랠리코스맥스 등 ODM기업도 수혜글로벌 시장에서 K뷰티 수요가 확대되면서 화장품주가 강세를 보였다. 미국 연말 쇼핑 시즌을 앞둔 상황에서 한국 화장품 수출 호조까지 더해지며 투자심리를 뒷받침한 것으로 풀이된다. 에이피알, 아모레퍼시픽 등 대장주는 물론 코스맥스, 한국콜마 등 제조업자개발생산(ODM) 기업에 대한 증권가 호평이 이어지면서 주가 상승세는 한층 탄력을 받았다.7일 한국거래소에 따르면 한국화장품제조는 전 거래일 대비 11.9% 오른 1만6830원에 정규장을 마감했다. 코스메카코리아 역시 5.98% 상승한 11만7000원을 기록했다.  에이피알과 아모레퍼시픽은 각각 4.99%, 3.98% 오른 37만9000원, 13만8500원...",https://n.news.naver.com/article/newspaper/009/0005745491?date=20261008,경영,0.1277573598849487,
조선일보,‘엔비디아 대항마’ AMD 리사 수 방한… 삼성·SK 반도체 수장 만나 협력 논의,"삼성과 파운드리 협력 가능성 거론AI 칩·인프라 기업 13곳과 간담회‘엔비디아 대항마’로 꼽히는 미국 반도체 기업 AMD의 리사 수 회장 겸 최고경영자(CEO)가 7일 방한해 삼성과 SK의 반도체 수장을 만나 인공지능(AI) 협력 강화 방안을 논의했다. 국내 AI 반도체·소프트웨어 기업들과도 회동했고, 게이머 행사까지 찾아 반도체 공급망 전 영역에서 한국 내 기반을 넓히려는 행보로 풀이된다.수 회장은 이날 곽노정 SK하이닉스 대표이사(사장), 전영현 삼성전자 DS부문장(부회장)을 잇따라 만났다. 엔비디아와 AI 가속기 경쟁이 치열해지는 가운데, AMD가 삼성전자·SK하이닉스와 고대역폭 메모리(HBM) 등 메모리 협력을 확대하기 위한 행보로 풀이된다. AI 가속기는 대규모 연산 데이터를 빠르게 처리하기 위해 ...",https://n.news.naver.com/article/newspaper/023/0004002669?date=20261008,경영,0.12476266227942667,
매일경제,"지역경제 키우는 BNK …""이젠 산업금융""","전문가 30명 산업자문단 운영르노코리아·송월 등과 협약HUG와 400억 상생펀드 조성건설근로자 맞춤 신용대출도BNK금융그룹이 기존 기업금융에서 한발 더 나아간 '산업금융'을 본격화하고 있다. 전담조직과 투자재원을 마련하고 금융지원 범위를 앵커기업과 협력사까지로 넓힌 데 이어 기업 여신을 검토하는 과정에도 산업별 전문성을 반영하기로 했다.7일 BNK에 따르면 최근 부산은행은 산업별 전문가로 구성한 산업자문단을 운영하고, 지역기업의 성장과 산업 경쟁력 강화를 위한 산업금융을 본격 추진하기로 했다. 산업자문단은 조선·해양, 반도체, 모빌리티, 로봇, 에너지, 방산 등 10개 산업 분야의 외부 전문가 30명 내외로 구성된다.BNK금융이 추진하는 산업금융의 핵심은 개별 기업의 담보와 재무상태만 보는 기존 기업금융 방...",https://n.news.naver.com/article/newspaper/009/0005745467?date=20261008,경영,0.1243300753707557,
매일경제,3분기까지 영업이익 4조원 … LG전자 올해 역대급 실적 '예고편',"올해 누적 매출도 70조원 돌파가전·전장이 캐시카우 역할데이터센터 냉각·로보틱스미래 성장사업 기대감 여전한층 높아진 시장 눈높이에주가는 전날 급등 후 조정LG전자는 올 들어 3분기까지 누적 매출과 영업이익이 각각 70조원과 4조원을 넘어섰다고 전했다. 3분기 누적 실적 기준 역대 최대 기록이다. 생활가전과 전장사업이 안정적인 수익을 내는 가운데 TV사업까지 흑자 기조를 이어가면서 연간 최대 실적 달성에도 청신호가 켜졌다. 다만 시장 눈높이가 올라갔던 여파로 실적 발표 당일 주가는 약세를 나타냈다.LG전자는 3분기 연결기준 매출액이 23조8270억원, 영업이익이 7818억원으로 잠정 집계됐다고 7일 밝혔다. 이는 지난해 같은 기간보다 각각 8.9%, 13.5% 늘어난 숫자다.올 들어 매 분기 매출과 영업이익이...",https://n.news.naver.com/article/newspaper/009/0005745523?date=20261008,경영,0.12352936257621745,
동아일보,"“‘워코노미’ 시대 도래… 공급망 재편, 韓이 中 빈자리 차지할 기회”","[2026 체어스 포럼] ‘경제분석가’ 솅커 회장 기조강연“관세-에너지가 국가간 경쟁무기 돼… 수출통제 대비 대체 공급선 확보를”패널들, 韓경제 생존전략 토론“제조-바이오-국방 등 강점에 집중… AI기술-반도체 묶어 수출 모색을”“글로벌 공급망의 균열은 한국에 위기이자 기회다. 중국의 시장점유율을 가져올 수 있다면 한국의 성장 여력은 더 커질 수 있다.”세계적인 경제분석가 제이슨 솅커 프레스티지 이코노믹스 회장은 7일 서울 중구 웨스틴조선호텔에서 열린 채널A·동아일보 주최 ‘2026 체어스 포럼’ 기조강연에서 “한국은 기술과 정보통신기술(ICT), 제조업, 방위산업에서 경제 규모 이상의 경쟁력을 갖춘 나라”라며 이같이 말했다. 전쟁과 지정학적 갈등으로 세계 공급망이 재편되는 가운데 이들 산업에서 강점을 가진...",https://n.news.naver.com/article/newspaper/020/0003753589?date=20261008,업계,0.12025015146383655,
동아일보,"울산 남신항, 수소 물류거점으로 변신","市, ‘에너지허브 2단계’ 본격 추진원유 중심→청정 에너지 확대 검토국비-해외투자 ‘투트랙’ 논의도울산시가 남신항 에너지허브 2단계 사업을 본격 추진한다. 11월부터 사업성을 다시 따지고, 원유 중심의 저장시설을 수소·암모니아 등 미래 에너지까지 아우르도록 재검토한다. 울산시는 7일 기자회견을 열고 남신항 에너지허브 2단계 사업의 추진 방향을 발표했다. 하부시설 국가재정 전환과 미래 에너지 수요를 반영한 상부시설 구상, 글로벌 에너지 기업과의 장기 이용·투자 협력이 핵심이다.사업은 울주군 온산읍 원산리 앞바다에 약 34만7000m²의 부지와 7만DWT(재화중량톤수·선박에 실을 수 있는 총화물의 무게)급 액체화물 부두 2선석을 조성하는 내용이다. 2017년 한국개발연구원의 공공기관 예비타당성조사 재무성 분석 ...",https://n.news.naver.com/article/newspaper/020/0003753587?date=20261008,경영,0.11790161269789494,
매일경제,아마존 AI개발 주역 보스턴다이내믹스 새 사령탑 됐다,"로히트 프라사드 CEO 선임로보틱스에 AI 결합 기대현대차 피지컬AI 가속도현대자동차그룹 로봇 계열사인 보스턴다이내믹스가 아마존에서 인공지능(AI) 비서 '알렉사' 개발을 주도한 로히트 프라사드를 신임 최고경영자(CEO)로 선임했다고 7일 밝혔다. 현대차그룹이 보스턴다이내믹스를 중심으로 피지컬 AI 고도화에 다시금 박차를 가할 것이란 분석이 나온다.프라사드 CEO는 음성·언어 AI에서 출발해 대화형 AI, 생성형 AI, 멀티모달 AI, 범용인공지능(AGI)에 이르기까지 AI 기술의 주요 변화를 이끌어 온 전문가로 평가된다. 아마존 창업자인 제프 베이조스가 직접 후원한 비밀 프로젝트에 2013년부터 초기 핵심 인력으로 합류해 알렉사의 AI 전략 수립과 기술 개발을 주도했다. 이후 알렉사는 전 세계 약 1억가구...",https://n.news.naver.com/article/newspaper/009/0005745516?date=20261008,경영,0.11720968087215244,
동아일보,보스턴다이내믹스 CEO에 AI 전문가 프라사드,"아마존 AI 비서 ‘알렉사’ 개발자“피지컬AI 글로벌 시장 넓힐 것”현대자동차그룹의 로봇 전문 기업 보스턴다이내믹스가 인공지능(AI) 분야 전문가인 로히트 프라사드를 신임 최고경영자(CEO·사진)로 영입했다.프라사드 신임 CEO는 아마존의 AI 비서 서비스인 ‘알렉사’를 개발한 인물로 유명하다. 음성 AI부터 대화형, 생성형 AI 및 범용인공지능(AGI) 등 급변하는 AI 분야를 두루 거쳤다. 아마존에서는 AI 외에도 서비스 업무, 고객 경험, 데이터 운영 등 사업 전반을 총괄하는 등 경영 감각도 갖춘 인물로 평가받는다.보스턴다이내믹스는 지금까지 쌓은 로보틱스 기술력에 AI와 소프트웨어를 융합하는 업무를 신임 CEO에게 부여할 것으로 예상된다. 보스턴다이내믹스는 “프라사드 CEO는 기술 리더십 외에 제품화와...",https://n.news.naver.com/article/newspaper/020/0003753514?date=20261008,경영,0.11201411918446402,
조선일보,"공정위, 러·우 전쟁 기간 휘발유 등 가격 담합한 SK에너지·현대오일뱅크 제재 착수","과징금 최대 4조 6000억원대 가능성3줄 요약ㆍ담합 영향 관련 매출액 44조1000억원ㆍ최대 4조6300억여 원 과징금 부과 가능성ㆍ4년간 석유제품 입금가·확정가 정보 교환공정거래위원회가 러시아·우크라이나 전쟁 직전인 2022년 2월부터 중동 전쟁 직후인 올해 3월까지 약 4년간 휘발유, 경유, 등유 가격을 담합한 혐의를 받는 SK에너지와 현대오일뱅크에 대한 제재 절차에 착수했다고 7일 밝혔다.공정위는 이날 두 업체의 가격 담합 사건에 대한 심사보고서를 기업들에 송부하고, 위원회 심의 절차를 개시했다.휘발유·경유·등유 등 석유제품은 일상생활과 경제활동 전반에 필수적으로 사용되는 핵심 에너지원이다. 국내에서 원유를 수입 및 정제해 석유제품을 만드는 정유 시장은 SK에너지, 현대오일뱅크, GS칼텍스, S-OI...",https://n.news.naver.com/article/newspaper/023/0004002551?date=20261008,경영,0.10397997681292485,
한국경제,보스턴다이내믹스 CEO에 '아마존 AI맨','알렉사 개발' 로히트 프라사드현대자동차그룹의 로봇 자회사 보스턴다이내믹스가 아마존 출신 인공지능(AI) 전문가 로히트 프라사드(사진)를 신임 최고경영자(CEO)로 영입했다고 7일 밝혔다. 7년 동안 보스턴다이내믹스를 이끈 로버트 플레이터 CEO가 지난 2월 퇴임한 이후 약 7개월 만이다.프라사드 신임 CEO는 아마존에서 AI 음성비서 ‘알렉사’ 개발을 초기부터 주도한 AI 전문가다. 이후 알렉사와 범용인공지능(AGI) 조직을 총괄하고 ‘노바’ 파운데이션 모델 제품군 개발을 진두지휘했다. 보스턴다이내믹스는 이번 영입을 계기로 하드웨어와 AI 역량을 결합하는 피지컬 AI 전환을 가속화할 계획이다. 프라사드 CEO는 “세계 최고 수준의 로보틱스 기술력을 바탕으로 피지컬 AI의 새 도약을 이끌 지능형 시스템을 구...,https://n.news.naver.com/article/newspaper/015/0005340279?date=20261008,경영,0.09652147364696594,
매일경제,기업 여유자금 46조 늘 때…가계는 18조 '뚝',"2분기 자금 상황 역전반도체 덕에 곳간 두둑한 기업순자금운용 67조로 역대 최대가계는 소득줄고 주택에 영끌여유자금 60조 수준으로 감소은행 예금빼 증시로 자금 이동반도체 수출 호조에 힘입어 2분기 국내 기업들의 여유자금이 역대 최대치를 기록했다. 삼성전자와 SK하이닉스 등 주요 반도체 기업의 순이익 확대가 기업 자금 증가를 이끌었다. 반면 가계 여유자금은 전 분기보다 줄어들면서 기업과 가계의 자금 사정이 역전된 모습이다.한국은행이 7일 발표한 자금순환 잠정 통계에 따르면 비금융법인의 올해 2분기 순자금운용 규모는 67조1000억원으로 집계됐다. 이는 1분기 20조8000억원보다 46조3000억원 늘어난 규모로, 관련 통계가 작성된 2009년 1분기 이후 역대 최대치다.순자금운용 규모가 늘었다는 것은 기업 부...",https://n.news.naver.com/article/newspaper/009/0005745504?date=20261008,경영,0.08780104795080387,
매일경제,"日지방은행 ""뭉쳐야 산다""","지역경제 위축으로 통합 모색반도체 등 대형대출 유치 나서일본 지방은행들이 덩치를 키우기 위한 경영통합에 박차를 가하고 있다. 지역 경제 위축으로 한계에 다다른 전통적 대출 영업에서 벗어나 반도체 공장 건설과 재생에너지 등 대규모 자금이 투입되는 성장 산업의 대형 융자시장을 잡기 위한 행보다.7일 니혼게이자이신문에 따르면 아오모리미치노쿠은행을 자회사로 둔 프로클레어홀딩스와 아키타은행, 이와테은행 등 도호쿠 지역 3개 금융그룹이 최근 경영통합 협의를 공식 발표했다. 과거 재원이 부족해 지역 주요 기업에 충분한 자금을 대지 못했던 한계를 극복하고 자본력을 대폭 확충해 대형 프로젝트 파이낸싱(PF)에 적극 참여하겠다는 구상이다. 3개 은행이 통합하면 단일 차주에 대한 대출 한도가 단순 계산으로 1000억엔(약 84...",https://n.news.naver.com/article/newspaper/009/0005745495?date=20261008,경영,0.08147142206291741,
매일경제,"이형일 ""잠재성장률 높일것""… 경제계 ""유연한 재고용 필요""","부총리·경제6단체장 간담회이형일 부총리 겸 재정경제부 장관이 경제6단체 대표와 만나 잠재성장률 반등을 위한 투자 지원과 기업 환경 개선을 약속했다. 경제계는 정년 연장과 관련해 퇴직 후 재고용 등 유연한 방식을 제안했다.이 부총리는 7일 서울 중구 대한상공회의소에서 열린 경제6단체장 간담회 겸 기업혁신 지원 민관협의체 회의에서 ""반도체 호황으로 성장세가 확대되고 있지만, 생산연령인구 감소로 인한 잠재성장률 하락 등 구조적 문제가 남아 있다""며 ""잠재성장률 반등과 양극화 완화를 위한 정책 노력을 강화하겠다""고 말했다. 간담회에는 최태원 대한상공회의소 회장, 류진 한국경제인협회 회장, 윤진식 한국무역협회 회장, 김기문 중소기업중앙회 회장, 최진식 한국중견기업연합회 회장, 이동근 한국경영자총협회 상근부회장이 참석...",https://n.news.naver.com/article/newspaper/009/0005745510?date=20261008,경영,0.08060376128318407,
한국경제,"이왕준 ""韓, 의료AI 강국 부상…미국 1등 병원도 배우러 온다""",국제병원연맹 차기회장에 선출된 이왕준 명지병원 이사장세계병원대회총회 19~22일 개최의료AI 표준될 '서울선언' 채택헬스케어리더십본부 유치할 것건보 데이터론 AI학습 힘들어국내병원 통합시스템 도입해야“한국에는 지금이 의료분야 인공지능(AI) 강국에 오를 절호의 기회입니다.”지난 2일 만난 이왕준 명지병원 이사장은 수차례 기회를 언급했다. 병원 혁신가로도 유명한 그는 내년부터 2년간 ‘세계 병원계 대통령’인 국제병원연맹(IHF) 회장에 오른다. 미국 존스홉킨스병원 등 세계 3만여 개 병원이 회원으로 활동하는 비영리 국제기구다. IHF에 속한 각국 리더들이 오는 19~22일 서울 마곡 코엑스 컨벤션센터에서 열리는 세계병원대회 총회(서울총회)에 집결한다. 이 자리에서 의료 AI 활용 기준 등을 담은 서울선언을 채...,https://n.news.naver.com/article/newspaper/015/0005340268?date=20261008,경영,0.07998120139926122,
중앙일보,가전·전장·TV 다 좋았지만…자회사에 발목 잡힌 LG전자,"LG전자가 올해 3분기 누적 기준 사상 처음으로 매출 70조원, 영업이익 4조원을 돌파했다. LG전자는 7일 연결 기준 올해 3분기 매출이 23조8270억원, 영업이익은 7818억원으로 잠정 집계됐다고 공시했다. 지난해 같은 기간보다 각각 8.9%·13.5% 증가했다. 이에 1~3분기 누적 매출은 71조3807억원, 영업이익은 4조346억원으로 전년 동기 대비 각각 9.2%·55.9% 늘었다.LG전자의 주력 사업은 전년 대비 개선 흐름을 보였다. 생활가전은 프리미엄과 중저가 제품을 함께 공략하고 가전 구독과 온라인 판매, 기업 간 거래(B2B)를 확대한 것이 매출 성장에 기여했다. 제조·물류 효율을 높여 수익성도 유지했다는 게 회사 설명이다. 전장 사업에서는 기존 수주 물량이 매출로 이어지고, 고급 차량용 ...",https://n.news.naver.com/article/newspaper/025/0003556452?date=20261008,경영,0.0765708455395602,
매일경제,"포스코홀딩스, 아르헨 진격… 염수리튬 2공장 상공정 준공",포스코홀딩스가 아르헨티나 염수리튬 2공장 상공정을 준공했다. 2018년 옴브레 무에르토 염호 광권을 인수한 지 8년 만에 연산 5만t 규모의 수산화리튬 생산체제 구축을 위한 기반을 확보했다.포스코홀딩스는 해발 4000m 고지대에 있는 옴브레 무에르토 염호 인근에서 염수리튬 2공장 상공정 준공식을 개최했다고 7일 밝혔다. 포스코그룹이 리튬자원의 선제적인 확보에 이어 상업생산 기반을 한층 확대했다는 데 의미가 있다. 총 9억5400만달러를 투자해 준공한 2공장 상공정은 연간 2만3000t의 탄산리튬 생산능력을 갖췄다. 이로써 1공장을 포함해 아르헨티나 현지에서 총 4만8000t까지 상업생산 능력을 확대했다.[안병준 기자]...,https://n.news.naver.com/article/newspaper/009/0005745512?date=20261008,경영,0.07595566420814098,
중앙일보,"박용진 “부처간 꼬여있는 규제, 풀려면 ‘차르’ 필요”","박용진 대통령 직속 규제합리화위원회 부위원장은 “‘떡은 되고 빵은 안 된다’ 식의 산업분류 중심 규제는 다 옛날 말”이라며 “다양한 정부 부처가 연관된 규제를 풀기 위해선 ‘규제 차르(Czar)’가 필요하다”고 강조했다. 차르는 절대 군주를 뜻하는 러시아어로, 규제 개혁과 같은 사안에 대해 절대적 권한을 행사하는 책임자를 두자는 취지다. 지난달 30일 서울 태평로에 있는 규제합리화위원회 사무실에서 만난 그는 “규제 차르에게 대통령이 권한을 주고, 국무회의에도 참관할 수 있도록 해서 낡은 규제를 풀어야 한다”고 제안했다.그는 “최근 위원회에 들어온 민원”이라며 SK하이닉스가 조성 중인 용인 반도체라인 건설 현장 사례를 소개했다. 농지 위에 반도체 공장을 짓다 보니 건설 노동자들은 공장을 지을 때마다 임시 숙소...",https://n.news.naver.com/article/newspaper/025/0003556488?date=20261008,기타,0.07503089885827566,
한국경제,"[윤성민 칼럼] 알래스카 LNG로 시작된 對韓청구서, 결국은 반도체","美 향해 'NO'하겠다던 전성기 日두 방의 핵폭탄급 경제 압력에결국은 백기투항매끄럽지 않은 한·미 관계와트럼프 투자 압박의 연관성신중한 위기관리 요구돼윤성민 칼럼니스트일본은 히로시마, 나가사키 외에 미국에 두 번 더 ‘핵폭탄’을 맞았다. 1985년 9월 플라자합의와 1년 뒤 미·일 반도체 협정. 이 혹독한 경제 압박의 충격은 물리적 원폭에 못지않았다.플라자합의 즈음 미국의 연간 무역적자 1200억달러 중 460억달러가 대일 적자였다. 달러당 240엔 정도였던 환율은 단 2년 만에 120엔으로 두 배로 절상됐다. 미·일 반도체 협정은 일본에 더 큰 후유증을 남겼다. 일본 반도체 기업들이 세계 D램 시장의 80%를 장악하고, 미국 반도체의 자존심 인텔이 메모리 사업을 포기한 상황에서 뽑힌 칼이다. 일본 기업들의...",https://n.news.naver.com/article/newspaper/015/0005340340?date=20261008,경영,0.07224823995777599,
중앙일보,닭값 내렸잖아 vs 닭값만 내렸다…또 치킨값 3만원 전쟁,치킨 가격을 둘러싼 논쟁이 뜨겁다. 공정거래위원회가 치킨 프랜차이즈 업체의 가격 담합 혐의 조사에 착수하면서다. “육계(생닭) 가격은 하락했는데 치킨 가격은 그대로”라는 지적과 “치킨 판매가격엔 생닭값 외에도 다양한 비용이 반영된다”는 반론이 맞서고 있다.7일 업계에 따르면 공정위는 bhc·BBQ·교촌치킨을 상대로 가격 담합 등 공정거래법 위반 여부를 조사하고 있다. 앞서 이재명 대통령은 지난달 30일 X(옛 트위터)에 치킨용 육계 가격이 최근 반년 사이 37.7% 하락했지만 주요 치킨 프랜차이즈의 메뉴 가격은 2만3000원 안팎을 유지하고 있다는 내용을 공유하며 “한 번 점검해보겠다”고 밝혔다.한국육계협회 자료에 따르면 치킨 제품에 주로 쓰이는 9~10호 육계 가격은 지난달 30일 1㎏당 3308원으로 지...,https://n.news.naver.com/article/newspaper/025/0003556505?date=20261008,기타,0.06868906359001967,
조선일보,케타민이 뭐기에… ‘코넬대 성폭행’ 기록에 수백 번 등장,"파티용 약물로 쓰여 성범죄에 악용술과 함께 사용하면 사망할 수도3줄 요약ㆍ코넬대 성폭행 의혹 사건 핵심 쟁점으로 떠올라ㆍ미국 마약 단속기관 케타민 압수량 12배 급증ㆍ파티용 약물 남용 및 성폭력 범죄 악용“케타민.”숙소로 돌아온 여성에게 친구들이 “도대체 무슨 일이 있었느냐”고 묻자, 여성은 이 한마디를 내뱉었다고 한다. 미국 코넬대 남학생 사교 클럽 ‘카이 파이’ 회원들에게 집단 성폭행을 당했다며 ‘제인 도’라는 가명으로 최근 소송을 낸 여성의 진술이다.뉴욕타임스(NYT)는 5일(현지 시각) 코넬대 조사 기록 1000여 페이지를 검토한 결과 ‘케타민’이라는 단어가 수백 차례 등장하는 등 이 약물이 집단 성폭행 의혹의 핵심 쟁점으로 떠올랐다고 보도했다. 여성은 2024년 10월 사교 클럽 파티에서 회원들의 ...",https://n.news.naver.com/article/newspaper/023/0004002711?date=20261008,업계,0.06696845935081826,
한국경제,'의약품 제조 공정 혁신'에 노벨화학상,"佛 앙리 카강·日 소아이 겐소日, 2년째 수상…노벨상만 32명비대칭 유기 합성에서 비선형 효과를 발견한 앙리 카강 프랑스 파리수드대 명예교수(95)와 자가 촉매 반응을 발견한 소아이 겐소 일본 도쿄 이과대학 명예교수(75)가 2026년 노벨화학상 공동 수상자로 선정됐다. 이들의 발견은 의약품 제조 공정을 혁신적으로 바꿨다는 평가를 받는다.스웨덴 카롤린스카연구소 노벨위원회는 7일 카강 교수와 소아이 교수에게 노벨화학상을 수여한다고 발표했다. 하이너 링케 노벨화학상위원장은 “두 사람의 발견이 의약품 등 생명체와 상호작용하는 분자를 만드는 화학반응 설계에 결정적인 역할을 했다”며 “100년 넘은 화학의 미스터리에 해답을 제시했다”고 평가했다.아미노산을 비롯한 일부 분자는 서로 거울에 비친 것처럼 생긴 두 가지 형...",https://n.news.naver.com/article/newspaper/015/0005340298?date=20261008,업계,0.06608294118643805,
한국경제,"공항철도, 개통 19년 만에 파업 위기","노조, 임금 인상률 5.9% 등 요구서울역과 인천국제공항을 연결하는 공항철도가 2007년 3월 개통 이후 처음으로 파업 위기에 직면했다.민주노총 공공운수노조 공항철도지부는 7일 인천국제공항 제1여객터미널 공항철도 매표소 앞에서 기자회견을 열어 오는 12일부터 준법투쟁에 들어간다고 밝혔다. 준법투쟁은 열차 정시 운행, 대체 근무 불가 등 규정대로 열차를 운행하면서 사측과 협상을 이어가는 방식이다.공항철도노조는 전날 인천지방노동위원회의 노동쟁의 조정회의가 결렬돼 합법적인 파업 절차에 들어갔다. 사측과의 협상에서 합의에 이르지 못하면 파업 강도를 높일 계획이다. 공항철도는 필수유지업무 사업장으로 분류돼 총파업에 들어가도 철도 운행 중단과 같은 최악의 사태는 발생하지 않는다. 노조 관계자는 “평시에도 준법운행을 하...",https://n.news.naver.com/article/newspaper/015/0005340218?date=20261008,기타,0.0655761541179925,
한국경제,"'자, 이제 누가 일요일 요리사지?'…짜장라면 왕좌 쟁탈전","삼양 '짜르르', 짜파게티 아성에 도전장출시 100일 안돼 짜장라면 2위""맛집 100곳 돌며 1년 반 개발""“진정한 짜장면의 맛을 라면으로 재현하겠다는 생각으로 만들었다.”김정수 삼양식품 회장(사진)은 7일 서울 명동 사옥에서 짜장라면 ‘짜르르’를 직접 소개하며 이렇게 말했다. 삼양식품이 올해 7월 출시한 짜르르는 지난해 ‘삼양 1963’을 통해 36년 만에 되살린 우지 유탕(소기름에 튀김) 방식을 짜장 라면으로 확장한 제품이다. 김 회장은 “기획 단계부터 먹어보며 (품질을) 계속 업그레이드했다”며 자신감을 나타냈다.삼양식품은 이날 짜르르 출시 100일을 앞두고 서울 중구 명동 본사에서 미디어 시식회를 열고 짜르르의 제품 기획 배경과 연구 개발 과정 등을 소개했다. 삼양식품 연구소는 약 1년 반 동안 전국의...",https://n.news.naver.com/article/newspaper/015/0005340189?date=20261008,업계,0.062262001936854966,
한국경제,"""정산 빨라도 발주 줄면 손해""…셀러들, 유통법 개정안 반발",“대금을 며칠 일찍 받는 것보다 주문이 10~20% 줄어드는 것이 더 큰 타격입니다. 유통기한이 있는 식품은 주문이 줄면 남은 재고를 소진하기도 쉽지 않습니다.”(경기 김포 갈비탕·순댓국 제조업체 대표)7일 유통업계에 따르면 지난달 17일 국회 본회의를 통과한 대규모유통업법 개정안을 둘러싸고 플랫폼에 납품하는 중소업체의 불만이 커지고 있다. 개정안에 따라 직매입 대금 지급 기한은 상품 수령일부터 60일에서 35일로 단축된다. 특약매입·위수탁·임대 거래의 대금 지급 기한도 월 판매 마감일부터 40일에서 20일로 줄어든다. 개정안은 공포 후 1년이 지난 날부터 시행된다.이 법안은 티몬·위메프 정산 지연 사태 등을 계기로 유통업체의 자금 문제가 납품업체로 번지는 것을 막기 위해 도입했다. 납품업체의 자금 회전 부...,https://n.news.naver.com/article/newspaper/015/0005340184?date=20261008,업계,0.060153003011401925,
한국경제,LG전자 3분기 누적 매출 71조…생활가전·전장이 성장 이끌어,영업이익도 사상 첫 4조 돌파TV사업 수익성 대폭 개선해LG전자의 3분기 누적 영업이익이 사상 처음으로 4조원을 넘었다. 프리미엄 가전제품을 중심으로 매출을 늘린 동시에 전장 등 기업간거래(B2B) 사업도 성장한 결과다.LG전자는 3분기 매출이 23조8270억원으로 전년 같은 기간(21조8737억원)보다 8.9% 증가한 것으로 잠정 집계됐다고 7일 발표했다. 3분기 기준 역대 최대치다. 영업이익은 7818억원으로 전년 동기(6889억원) 대비 13.5% 늘었다.누적 기준 3분기 매출은 71조3807억원으로 9.2% 늘었다. 누적 영업이익은 4조346억원으로 같은 기간 55.9% 증가했다. 3분기 누적 기준으로 매출이 70조원을 돌파하고 영업이익이 4조원을 웃돈 것은 모두 처음이다.주력 사업인 가전 사업 실적...,https://n.news.naver.com/article/newspaper/015/0005340207?date=20261008,경영,0.059926942880314076,
한국경제,"대학 빅5 '서연고성포'…포스텍, KAIST 제쳤다","2026 INUE·한경 대학평가연세·고려대 두 계단씩 상승특성화대 포스텍 단숨에 5위올해로 두 번째를 맞은 ‘2026 대학평가연구원(INUE)·한국경제신문 대학평가’에서 서울대가 95.97점으로 지난해에 이어 올해도 종합순위 1위를 차지했다. 연세대(93.61점)는 지속가능성 부문에서 높은 점수를 받아 2위에 올랐다.7일 공개된 INUE·한경 대학평가에서 서울대와 연세대, 고려대가 1~3위를 차지해 ‘SKY 대학’의 저력을 입증했다. 연세대와 고려대는 지난해보다 두 계단씩 상승했다. 평가는 재학생 4000명 이상 전국 120개 일반 대학을 대상으로 연구성과(38%), 교육혁신(37%), 지속가능성(25%) 등 세 개 부문에서 이뤄졌다.서울대는 연구성과(36.76점)와 교육혁신(35.37점) 부문에서 1위에 ...",https://n.news.naver.com/article/newspaper/015/0005340226?date=20261008,업계,0.05713197967394331,
한국경제,日 AI 시스템 하나로 60명분 일 처리한다,"일본 기업들이 인공지능(AI)을 제조·농업 현장에 접목하며 생산성 향상에 나서고 있다. 미국과 중국이 생성형 AI 경쟁을 주도하는 사이 일본은 로봇, 센서, 영상 처리 분야의 강점을 AI에 결합해 실질적 성과를 내고 있다.대표 사례가 농업용 수확 로봇이다. 7일 니혼게이자이신문에 따르면 일본 전국농업협동조합연합회(JA전농)와 산업용 로봇 대기업 야스카와전기는 AI를 활용한 오이 수확 로봇을 공동 개발했다. 초기에는 상품성이 있는 크기의 오이를 정확히 골라 수확하는 비율이 10%에 그쳤지만 5년에 걸쳐 개선한 끝에 현재는 전체의 70~80%를 거의 오류 없이 얻을 수 있다.로봇은 카메라와 AI를 이용해 오이 위치와 크기를 인식한다. 수확 가능한 오이를 발견하면 로봇팔을 뻗어 오이를 잡고 줄기를 자른 뒤 바구니...",https://n.news.naver.com/article/newspaper/015/0005340272?date=20261008,기타,0.055306527464025444,
조선일보,한국 천주교 미사주 바뀐다... 국산 ‘마주앙’서 해외 와인으로,"약 50년 만에... 호주·이탈리아 와인 선정한국 천주교의 공식 ‘미사주(酒)’가 국산 ‘마주앙’에서 호주·이탈리아 와인으로 약 50년 만에 바뀐다.한국천주교주교회의는 7일 “올해 대림(待臨) 시기(성탄절 전 4주간)부터 한국 천주교회의 모든 미사 전례 때 사용할 미사주로 호주 ‘세븐힐’과 이탈리아 ‘알라냐 비니’ 포도주를 선정했다”고 밝혔다.한국 천주교회는 1970년대 이전에는 각 교구별로 미사주를 수입해 사용하다 주교회의 주도로 국산화를 추진했고 1977년 계약을 맺고 ‘마주앙 미사주’를 공급받아 전국적으로 사용해 왔다. 수입 미사주로 바꾸게 된 이유는 국내 포도 농가의 노령화와 재배 면적 감소, 생산 공장 이전 때문이다.주교회의는 이탈리아·미국·호주·칠레 등 4국 주교회의의 추천을 받아 실사를 거쳐 호...",https://n.news.naver.com/article/newspaper/023/0004002630?date=20261008,기타,0.05341360366981528,
한국경제,韓 우주산업 다음 과제는 재사용 발사체,"이번 발사로 위성 수송역량 입증정부, 재사용 기술에 2.3조 투입국내 첫 양산형 군집위성 ‘네온샛’을 목표 궤도에 수송하는 고난도 임무를 수행하면서 누리호 발사가 4연속 성공했다. 이제 한국 우주산업계의 시선은 ‘재사용 발사체’라는 다음 과제로 향하고 있다.7일 전남광주 고흥군 나로우주센터를 솟구친 누리호가 우주로 밀어 올린 네온샛은 낮 1시8분 6호기를 시작으로 5개 위성(2~6호)이 모두 지상국과 최초 교신에 성공했다. 5기로 이뤄진 네온샛은 단일 위성과 달리 하루 3번 이상 동일 지역을 관측할 수 있어 안보 위기는 물론 각종 재난·재해에 촘촘히 대응할 수 있다. 누리호가 주 탑재체로 군집위성을 싣고 우주로 나아간 것은 처음이다.네온샛은 양산 시스템으로 생산된 실용급 위성이다. 2023년 한국천문연구원이...",https://n.news.naver.com/article/newspaper/015/0005340193?date=20261008,기타,0.05297794989569915,
조선일보,"연봉 8000만원 삼성 메모리 직원, 내년 성과급만 7억5000만원 받아","3월 말~4월 초 자사주로 지급삼성전자 반도체 사업을 담당하는 디바이스솔루션(DS) 부문의 특별 경영 성과급이 주주총회 상정과 이사회 의결을 거쳐 내년 3월 말에서 4월 초 사이 자사주로 지급될 예정이다. 메모리와 시스템 LSI, 파운드리 등 사업부별 지급률은 내년 공지된다.7일 반도체 업계에 따르면 삼성전자는 이날 DS 부문 임직원을 대상으로 특별 경영 성과급의 산정 방식과 지급 절차, 향후 일정 등을 공지했다. 지난 5월 노사가 도입에 합의한 특별 경영 성과급 지급 시기와 방법 등을 안내한 것이다.특별 경영 성과급은 삼성전자가 기존에 운영해 온 초과 이익 성과급(OPI)과는 별도의 제도다. 소속 사업부의 연간 경영 성과에 따라 개인 연봉의 최대 50%를 지급하는 OPI와 달리 이번 특별 경영 성과급은 D...",https://n.news.naver.com/article/newspaper/023/0004002666?date=20261008,경영,0.052253234577151864,
중앙일보,"삼전, 반도체 성과급 준다…메모리 7.5억 예상","삼성전자 반도체(DS) 부문 임직원을 대상으로 한 특별경영성과급이 내년 정기주주총회 직후인 3월 말~4월 초 지급될 예정이다.7일 전자업계에 따르면 삼성전자 DS부문은 이날 오후 특별경영성과급 세부안을 사내에 공지했다. 지난 5월 노사 합의로 신설된 특별경영성과급은 DS부문 영업이익의 10.5%를 재원으로 마련해, 이 가운데 40%는 DS 전체에 배분하고 나머지 60%는 사업부별 성과에 따라 차등 지급하는 내용이 골자다.세후 지급분은 전액 삼성전자 자사주로 지급된다. 예컨대 지급일 전 1주·1개월·2개월 거래량 가중평균주가가 각각 30만원·31만원·32만원이라면 기준주가는 산술평균인 31만원으로 정해진다.이날 초기업노조가 삼성전자의 올해 증권가 전망치 평균인 약 370조원의 영업이익을 기준으로 안내한 예상 ...",https://n.news.naver.com/article/newspaper/025/0003556460?date=20261008,경영,0.049897948501607836,
중앙일보,미국 비축유 44년 만에 최저치…‘글로벌 유가 방어선’ 무너지나,"비축유로 버텨온 유가 방어선이 무너질 수 있다는 경고가 나온다. 그동안 유가 급등을 막아왔지만, 미·이란 전쟁이 길어지면서 시장에 풀 수 있는 여유 물량이 바닥을 드러내고 있어서다.6일(현지시간) 로이터에 따르면, 아민 나세르 사우디아라비아 국영 석유기업 아람코 최고경영자(CEO)는 전날 런던 ‘에너지 인텔리전스 포럼’에서 “세계 상업용 석유 재고가 60억 배럴 미만으로 줄었다”며 “대부분은 실제로 꺼내 쓰기 어려워 석유 공급 시스템에 부담이 커지고 있다”고 말했다. 나세르 CEO에 따르면 남은 상업용 석유 재고 중 실제로 쓸 수 있는 물량은 10%에도 못 미친다. 정유공장과 유통망을 유지하고 송유관 등을 채우는 데 필요한 물량, 탱크 바닥에 있어 실제 사용이 어려운 물량 등을 빼면 공급 충격을 막을 여유 ...",https://n.news.naver.com/article/newspaper/025/0003556459?date=20261008,경영,0.049322507802831816,
한국경제,[사설] 녹색대전환에 10년간 1000조…명분에 쫓겨선 안 돼,"정부가 어제 국민보고회를 열어 2035년 국가온실가스감축목표(NDC) 달성과 녹색산업 신성장동력 확보를 위해 10년간 1000조원의 재원을 투입하는 ‘한국형 녹색대전환(K-GX) 전략’을 발표했다. 지난 2월 제시한 국가 인공지능 전환(AX) 실행전략에 이어 GX를 새로운 국가산업 전략으로 추진하겠다는 구상이다.철강, 석유화학 등 주력 산업의 탈탄소 공정 전환과 2030년 재생에너지 설비용량 100GW 달성을 추진하고, 핵심 녹색산업에 국내생산세액공제를 신설해 민간 투자를 유도하는 게 기본 방향이다. 2030년까지 유망 기후테크 200곳을 집중 지원하고 녹색 전문인력 7만 명 양성, 공공조달 녹색제품 구매 비율 4% 상향 등 녹색산업의 초기 시장을 정부가 조성하고 지원해주는 내용도 담겼다.기후위기 대응과 탈...",https://n.news.naver.com/article/newspaper/015/0005340336?date=20261008,업계,0.04708136427681743,
조선일보,"[단독] 美, 국정원장의 ‘北 감시기관’ 방문 거부","이종석, 위성으로 김정은 추적하는 ‘지리정보국’ 참관 불발정보기관 수장과 면담도 성사 안돼… 지난 3월 방미 무산美, 쿠팡 조사한 국정원 요원들 입국 제한 명단에 올렸다이종석 국가정보원장이 지난 3월 방미를 추진했으나, 미국 측과 일정·동선 조율이 이뤄지지 않아 무산된 것으로 7일 전해졌다. 워싱턴 소식통은 이날 “이 원장이 올봄 워싱턴DC에 와서 미국 국방부 산하 정보기관인 국가지리정보국(NGA)을 방문하려 했으나 미국 정부가 허용하지 않은 것으로 안다”며 “미국 정보기관 수장과의 면담도 성사되지 않아 방미하지 못했다”고 말했다.전날 무소속 한동훈 의원은 국회 외통위에서 “미국이 반미 성향 등을 문제 삼아서 (이 원장의) 입국을 거부했다”고 말했다. 그러나 이 소식통은 “미국이 입국이나 비자 발급을 거부한...",https://n.news.naver.com/article/newspaper/023/0004002738?date=20261008,경영,0.04674010627189411,
동아일보,김과 천일염의 만남… 여수서 ‘김밥 잔치’,"9일부터 김밥&소금 페스티벌쿠킹클래스-수산물 마켓 체험전남광주통합특별시는 9일부터 11일까지 여수엑스포컨벤션센터에서 ‘2026 전남광주 세계 김밥&소금 페스티벌(사진)’을 개최한다고 7일 밝혔다. 이번 축제는 광주특별시의 대표 수산물인 김과 천일염을 친숙한 K-푸드 콘텐츠와 연계해 체험과 공연, 먹거리, 판매 등을 한자리에서 즐기도록 마련했다.국내 김 생산의 78%를 차지하는 광주특별시의 강점을 살려 김의 생산부터 가공·수출까지 이어지는 과정과 다양한 김밥 콘텐츠를 선보인다. 천일염의 역사와 생산과정, 식품적 가치를 알리는 전시·체험과 심포지엄도 진행한다.행사장에는 △김밥존 △천일염존 △공연존 △마켓존 △힐링존 등 주제별 공간을 운영한다. 아트김밥 만들기와 김·천일염 역사 전시, 지역 수산물 판매, 쿠킹클래...",https://n.news.naver.com/article/newspaper/020/0003753516?date=20261008,업계,0.04467194924975823,
동아일보,글로벌 빅테크 수장 잇단 방한… 韓과 ‘AI 협력’ 속도,"리사 수 AMD 회장 7달만에 재방문삼전닉스-AI 스타트업 등 두루 만나엔비디아 매디슨 황 내달 또 한국에HBM 등 반도체 공급망 확보하고… ‘피지컬 AI’ 적용할 제조업도 주목리사 수 AMD 회장 겸 최고경영자(CEO)가 7개월 만에 다시 한국을 찾았다. 짧은 일정 중 삼성전자와 SK하이닉스 등 세계 메모리 시장을 주도하는 기업부터 국내 인공지능(AI) 반도체 스타트업을 두루 만났다.수 CEO를 비롯해 젠슨 황 엔비디아 CEO, 샘 올트먼 오픈AI CEO 등 글로벌 빅테크 수장들의 방한이 이어지고 있다. AI 반도체 경쟁이 칩 성능을 넘어 메모리 공급망 확보, AI 인프라, 로봇·스마트팩토리 등으로 확대되면서 글로벌 AI 기업들이 생태계의 중심에 선 한국과의 협력에 속도를 내고 있다는 분석이다.● 리사 수...",https://n.news.naver.com/article/newspaper/020/0003753504?date=20261008,경영,0.04375615652990281,
중앙일보,"15년 추적에 백기…’체납왕’ 권혁, 밀린 세금 3938억 다 낸다","개인 체납액 1위였던 권혁(사진) 시도그룹 회장이 약 4000억원의 체납 세금을 내기로 했다. 국세청 출범 이래 최대 규모의 체납 세금 납부액이다. 약 15년간 이어진 국세청과의 탈세 전쟁 끝에 권 회장이 백기를 들었다.국세청은 7일 이런 내용의 고액체납 특별대응 태스크포스(TF) 운영 경과를 발표했다. 권 회장은 개인 체납액 3938억원을 완납할 계획을 국세청에 제출한 상태다. 이 중 1000억원은 지난 7월 이미 현금으로 납부했다. 나머지는 해외 소재 선박 5척을 담보로 내놓고 향후 납부할 계획이다. 국세청 관계자는 “담보의 적정성 평가를 진행 중인데 선박의 가치가 잔여 체납액을 초과하는 것으로 보고 있다”며 “해외 소재 선박을 담보로 제공하는 첫 사례인 만큼, 감사원 사전 컨설팅도 받는 중”이라고 말했...",https://n.news.naver.com/article/newspaper/025/0003556474?date=20261008,기타,0.04364748185067186,
중앙일보,[오늘의 운세] 10월 8일,"2026년 10월 8일 목요일 (음력 8월 28일) (연휴전날)쥐 - 재물 : 지출 건강 : 주의 사랑 : 답답 길방 : 西36년생 3살 버릇 100살까지. 48년생 기대하지도 바라지도 말 것. 60년생 사람은 못 고쳐 쓴다. 72년생 잡은 것 놓아야 새것 잡을 수. 84년생 싸우지 않고 이기는 것이 최고. 96년생 모난 돌이 정 맞는다.소 - 재물 : 지출 건강 : 주의 사랑 : 갈등 길방 : 西37년생 사람 말고 돈 믿을 것. 49년생 살갑게 다가오는 사람 경계. 61년생 무소의 뿔처럼 혼자서 갈 것. 73년생 늦었다 생각할 때가 적기다. 85년생 세상에 공짜는 없다. 97년생 튀지 말고 조용히 살 것.호랑이 - 재물 : 무난 건강 : 양호 사랑 : 기쁨 길방 : 南38년생 자녀 자랑, 집안 자랑해도 됨...",https://n.news.naver.com/article/newspaper/025/0003556463?date=20261008,기타,0.04210452054901006,
매일경제,[이은아칼럼] M자형 커브 사라져도 여전한 유리천장,"결혼·출산 미룬 대가로M자형 커브 사라졌지만여성 임원 7% 불과하고그나마 대부분 사외이사고용률 통계 이면을 봐야한국의 여성 고용을 설명할 때 빠지지 않고 등장하던 그래프가 하나 있다. 20대 후반 높았던 고용률이 30대에 낮아졌다가 40대에 다시 높아지는 알파벳 M을 닮은 곡선이다. M자형 커브의 움푹 팬 골짜기에는 결혼과 출산을 계기로 일터를 떠났다가 아이를 키운 뒤 저임금 일자리로 돌아오는 여성들의 생애가 담겨 있었다.경력단절의 다른 이름이던 'M자형 커브'가 사라진 것은 최근의 일이다. 지난해 30~34세 여성 고용률은 75.1%로 역대 최고를 기록하며, 25~29세 고용률(73.6%)을 30년 만에 앞질렀다. M자형 커브의 가장 깊은 바닥이던 35~39세 고용률도 68.9%까지 높아졌다.통계만 보면 ...",https://n.news.naver.com/article/newspaper/009/0005745480?date=20261008,기타,0.0409361095448838,
매일경제,"리사 수, 韓 AI 반도체 기업 13곳과 '동맹'","7개월 만에 다시 방한AMD의 개방형 AI 생태계국산 NPU 중심으로 구축망고부스트·퓨리오사 등 참여AI 연구소 설립·수백명 채용""수요 몇 년간 공급 웃돌 것""주가 훨훨…시총 1조弗 돌파글로벌 인공지능(AI) 반도체 '톱2'인 AMD의 리사 수 회장 겸 최고경영자(CEO)가 한국에 AI 연구소(CoE·Center of Excellence)를 설립하고 연구인력 수백 명을 채용하겠다는 계획을 밝혔다.수 회장은 7일 서울 중구 포시즌스호텔에서 류제명 과학기술정보통신부 2차관과 만난 자리에서 한국 내에 AI 연구 거점을 설립하겠다는 계획을 밝히며 ""AI 기술 고도화는 물론 한국의 AI 생태계 지원에도 기여하기 위해 AI 연구원 수백 명을 채용하겠다""고 말했다. 이번 협력은 지난 7월 과학기술정보통신부와 AMD가 맺...",https://n.news.naver.com/article/newspaper/009/0005745517?date=20261008,경영,0.03910439929661234,
동아일보,[단독]근무중 음주 측정서 의심 받자 “연차 쓸래요”… 코레일 직원들 정밀검사 회피 올해만 281건,"음주 확인은 운전-사무직 등 92건항공사도 조종사 등 46명 음주 적발한국철도공사(코레일) 직원 A 씨는 업무에 앞서 음주검사를 받았다. 1차 검사에서 알코올 성분이 감지됐다. 통상대로라면 혈중알코올농도를 확인하는 2차 정밀 측정을 받아야 하지만 A 씨는 돌연 연차를 사용하고 집으로 돌아갔다. 결국 실제 술을 마셨는지, 기준치인 혈중알코올농도 0.02%를 넘었는지는 확인되지 않았다.철도 종사자 사이에서 이처럼 1차 검사에서 알코올이 감지된 뒤 연차를 내 2차 정밀측정을 받지 않는 이른바 ‘연차 활용 음주 측정 회피’ 사례가 잇따르고 있다.7일 국회 국토교통위원회 소속 강대식 국민의힘 의원실이 코레일에서 받은 자료에 따르면 올해 1∼8월 철도 종사자 업무 전 음주검사에서 1차 감지기에 알코올이 감지된 건수는 ...",https://n.news.naver.com/article/newspaper/020/0003753572?date=20261008,기타,0.037529640601821665,
한국경제,'즉석 영화' 한편에 취향을 담아보세요,"29역숏폼왕 인스탁스 영화제다음달 17일까지 출품작 접수한국후지필름과 한국경제신문사가 공동 주최하는 ‘[29역숏폼왕]제1회 인스탁스 영화제’(사진)가 8일부터 응모작을 받는다. ‘29(이구)역숏폼왕’은 한경 29초영화제사무국이 운영하는 영상 공모전으로, 숏폼 영상이 일상의 언어가 된 젊은 세대에 익숙한 초단편 포맷이다.이번 영화제는 사진과 동영상 촬영, 즉석 인화 기능을 결합한 하이브리드 필름 카메라 ‘인스탁스 미니 에보 시네마’ 브랜딩을 위해 열린다. 이에 맞춰 공모주제는 ‘우리가 담긴 한 장의 즉석 영화’와 ‘취향이 담긴 한 장의 즉석 영화’ 두 가지로 진행된다. 출품작에는 ‘인스탁스 미니 에보 시네마’로 촬영한 영상과 실제 필름이 반드시 포함돼야 한다.제작한 영상은 29역숏폼왕 홈페이지에 영상파일을 직...",https://n.news.naver.com/article/newspaper/015/0005340210?date=20261008,기타,0.035967711239653935,
동아일보,"[단독]美, 北해킹 대응 회의에 국정원 참여 거부했다","6월 외교-정보당국 실무회의때美, 국정원 배제 요청… 처음 불참미국 기밀 보안문제 지적한 듯北핵시설 정보 공유 제한 이어… 한미 안보협력 균열 확산 우려미국이 북한 해킹 대응을 위해 한미일 정상이 합의한 사이버 위협 대응 협의체에 국가정보원 참여를 거부한 것으로 알려졌다. 최근 한미 관계 불협화음과 맞물려 국정원에 대한 미국의 불만이 북한 핵시설에 대한 정보 공유 제한 조치에 이어 사이버 안보 협력 등 여러 분야로 확대되고 있는 것 아니냐는 우려가 나온다.7일 전현직 정부 고위 소식통들에 따르면 도널드 트럼프 미국 행정부는 우리 정부에 6월 말 워싱턴에서 개최된 5차 북한 사이버 위협 대응 한미일 실무그룹(trilateral working group) 회의에 국정원 배제를 요청했다. 한미일 외교 당국과 정보...",https://n.news.naver.com/article/newspaper/020/0003753551?date=20261008,경영,0.03515924170209651,
매일경제,"한화그룹, '한국판 스페이스X' 꿈꾼다 … 재사용 발사체도 개발 속도","한화에어로 27년 축적 기술로글로벌 우주수송 시장 도전장차세대 발사체 개발서도 중책발사체부터 위성 서비스까지우주사업 밸류체인 구축 박차한화, 2040년까지 55조 투자한화그룹이 발사체부터 위성 제작, 위성 서비스까지 아우르는 우주사업 밸류체인 구축에 속도를 내고 있다. 국가 주도로 이뤄지던 국내 우주개발이 민간 중심의 '뉴스페이스' 시대로 넘어가는 가운데, 재사용 발사체를 앞세워 글로벌 우주 수송시장에 도전한다는 구상이다.한화그룹 우주사업은 한화에어로스페이스가 발사체를 기반으로 한 우주 수송을, 한화시스템과 쎄트렉아이가 위성 제작과 우주 서비스를 맡는 구조다. 한화는 장기적으로 우주 탐사까지 사업 영역을 넓힐 계획이다.이 중 최근 가장 속도를 내는 분야는 재사용 발사체다. 미국 스페이스X는 팰컨9의 1단을 ...",https://n.news.naver.com/article/newspaper/009/0005745370?date=20261008,경영,0.03388353428601715,
동아일보,"포스코홀딩스, 아르헨 염수리튬 2공장 준공식","포스코홀딩스는 6일(현지 시간) 아르헨티나 옴브레 무에르토 염호 인근에서 염수리튬 2공장 상공정 준공식을 진행했다. 무에르토 염호는 포스코홀딩스가 2018년 리튬 광권을 인수한 소금 호수로 이 회사는 이곳에서 리튬인산철(LFP) 배터리 원료로 활용되는 탄산리튬을 연간 2만3000t 규모로 생산하게 된다. 기존에 가동 중이던 1공장의 생산 능력 2만5000t을 합치면 포스코홀딩스는 이곳에서 최대 연 4만8000t의 탄산리튬을 만들 수 있다.포스코홀딩스는 2공장이 안정적으로 가동되는 대로 3, 4공장 투자에도 나설 예정이다....",https://n.news.naver.com/article/newspaper/020/0003753495?date=20261008,업계,0.03386507385413921,
조선일보,하청 파업때 원청 직원이 대신 일 못한다?  노란봉투법 새 갈등,"‘사용자성’ 이어 ‘대체근로’ 논란“하청 노조가 파업하면 이제 원청 직원이 업무를 대신하면 안 되는 건가요.”노란봉투법 시행 후 하청 노조 파업 때 원청 직원 등이 대신 해당 업무를 수행(대체근로)할 수 있는지를 둘러싸고 노사 갈등이 번지고 있다. 지난 3월 법 시행 이후 6개월여간 원청이 하청의 사용자인지 여부를 놓고 다퉜다면, 이제는 사용자가 된 원청이 ‘하청 파업 시 어디까지 대응할 수 있나’를 두고 2라운드 논쟁이 시작된 셈이다.그동안 대체 근로는 기업이 파업에 대응하는 수단이었다. 하청 노조가 파업하면 원청 업체는 자사 소속 직원 혹은 다른 협력 업체의 직원들을 투입해 업무를 대신했다. 직장 폐쇄 같은 방식도 있지만 이는 조업 중단으로 이어져 피해가 크기 때문에 현실적 파업 대응책으로 보기 어려웠다...",https://n.news.naver.com/article/newspaper/023/0004002716?date=20261008,업계,0.03373117769258742,
매일경제,삼성도 투자한 佛 미스트랄 … 초대형 AI 공개,1조 매개변수 '라지4' 선봬'AI 통제' 중시 기관·기업 공략中 주도 오픈 생태계에 도전장프랑스 인공지능(AI) 기업 미스트랄 AI가 매개변수(파라미터) 1조개 규모의 새 주력 모델 '미스트랄 라지4'(ML4)를 6일(현지시간) 공개했다. 미국과 중국 밖에서 개발된 AI 모델 가운데 최고 성능을 기록했다.미스트랄은 2023년 구글 딥마인드와 메타 출신 연구자들이 프랑스 파리에서 세운 유럽 대표 AI 개발사다. 지난달 삼성전자 등이 주도한 시리즈D 투자에서 30억유로(약 4조7000억원)를 유치하며 기업가치 210억유로(약 33조원)를 인정받았다. ML4는 이 투자 이후 처음 내놓은 모델이다.ML4 공개는 중국 기업이 주도해온 개방형 AI 시장에서 유럽산 모델이 경쟁력을 갖췄다는 데 의미가 있다. 그동안 오...,https://n.news.naver.com/article/newspaper/009/0005745519?date=20261008,경영,0.03338312316323467,
매일경제,연봉 8000만원 삼전 DS 직원… 내년 성과급 7.5억원 받는다,"삼성전자 초기업노조 추산삼성전자 반도체 사업을 담당하는 디바이스솔루션(DS)부문 임직원이 내년 수억 원의 성과급을 받을 것으로 전망된다. 삼성그룹 초기업노동조합 삼성전자지부는 연봉 8000만원대 초반인 메모리사업부 직원의 경우 특별경영성과급과 기존 초과이익성과급(OPI)을 합쳐 세전 약 7억5000만원을 받을 것으로 추산했다.삼성전자 DS부문은 7일 특별경영성과급 세부 기준과 지급 일정을 공지했다. 올해 실적에 따른 특별경영성과급은 내년 정기 주주총회 이후인 3월 말에서 4월 초 사이에 지급될 예정이다.초기업노조는 이날 회사 공지 이후 조합원들에게 별도로 성과급 예상액을 안내했다. 증권가 실적 컨센서스 약 370조원과 연봉 8000만원대 초반을 기준으로 메모리사업부는 약 7억5000만원, 공통조직은 약 5억...",https://n.news.naver.com/article/newspaper/009/0005745500?date=20261008,경영,0.032763261437313916,
동아일보,"마약사범에 감형 약속후 정보 받은 경찰, 뇌물 혐의 기소 논란","공소청 “마약범 돈으로 위장 구매, 정보 받아 실적 올린건 뇌물에 해당”법원은 “뇌물 다툼 여지” 영장 기각수사관도 “마약수사 위축될 우려”“정보원 ‘야당’ 활용 기준 마련해야”마약 수사에 협조한 마약 사범, 이른바 ‘야당’에 감형을 약속하고 마약을 숨긴 위치를 제공받은 경찰관에게 뇌물수수 혐의가 적용되면서 경찰 안팎에서 논란이 일고 있다. 마약 사범의 돈으로 마약을 위장 구매하게 하고 수사 실적을 올린 건 뇌물에 해당한다는 게 검사의 판단이다. 이를 두고 수사 일선에선 “마약 수사가 위축될 수 있다”고 우려하는 반면 “정보원 활용이 어디까지 합법인지 기준이 필요하다”는 지적도 나온다.● 檢 “좌표도 뇌물” vs 法 “다툼 여지”7일 수원지방공소청 등에 따르면 서울 광진경찰서 김모 경감은 2024년 10월부...",https://n.news.naver.com/article/newspaper/020/0003753579?date=20261008,경영,0.03274438684625435,
한국경제,"李대통령 ""적자기업에 先보조금 검토하라""","배터리·태양광 등 전략산업 대상10년간 녹색 전환에 1000조 투입이재명 대통령이 내년 도입되는 국내생산세액공제 제도를 ‘하이브리드’로 적용하는 방안을 검토해보라고 7일 지시했다. 전략적 가치가 큰데도 세액공제 혜택을 받지 못하는 적자 기업에 보조금을 선(先)지급하고, 흑자 전환하면 보조금 혜택을 제외한 만큼만 세제 혜택을 주는 방식이다.이 대통령은 이날 서울 남대문로 대한상공회의소에서 열린 ‘한국형 녹색 대전환(K-GX)’ 국민 보고회에서 이형일 부총리 겸 재정경제부 장관에게 이같이 지시했다. 정부는 국민 보고회에서 기후 변화 대응을 경제 성장의 동력으로 삼기 위해 10년간 약 1000조원을 투입하는 내용의 K-GX 전략을 발표했다.이 대통령은 보고회에서 “생산세액공제는 이익이 발생하지 않으면 의미가 없다...",https://n.news.naver.com/article/newspaper/015/0005340229?date=20261008,업계,0.03181948380602988,
매일경제,LoL 구단 '농심 레드포스' 자본시장서 조달 나선다,"e스포츠 최초 기업어음 발행리그오브레전드(LoL) 프로게임단 '농심 레드포스'를 운영하는 '농심이스포츠'가 자본시장 차입에 나선다. 기업어음(CP)과 전자단기사채로 단기자금을 조달하기 위해 신용등급을 평가받았다. 국내 e스포츠 구단이 신용등급을 받은 건 이번이 처음이다.7일 금융투자업계에 따르면 한국기업평가는 지난달 29일 농심이스포츠의 CP와 전자단기사채 신용등급을 A3로 처음 평가했다. 전자단기사채 발행 한도는 50억원이다.농심이스포츠 신용등급은 모회사 농심의 지원 가능성을 반영해 자체 신용도보다 한 단계 높게 매겨졌다. 농심은 농심이스포츠 지분 95.1%를 보유한 최대주주다. 매년 15억원 안팎 후원금과 성적 인센티브를 준다. 2022년과 2024년에는 선수단 보강을 위해 유상증자로 각각 25억원, 4...",https://n.news.naver.com/article/newspaper/009/0005745490?date=20261008,경영,0.031270940245455923,
한국경제,한화에어로 직원이 비행 통제…'상업 발사 플랫폼' 시대 열린다,"기업 역할, 제조·조립서 발사·운용으로 확대한화 직원 23명, 직접 콘솔 잡아현대重·현대로템 등 발사대 참여양산형 군집위성 궤도에 안착이번 발사로 성공률 80% 달성7일 낮 12시10분 전남광주 고흥군 나로우주센터 발사통제동 내 발사통제센터(LCC)에선 한화에어로스페이스 직원들이 상황판을 주시하고 있었다. 지난해 11월 4차 발사 때만 해도 참관인이었던 한화에어로스페이스 직원 23명은 이날엔 시스템을 모니터링하고 명령을 내릴 수 있는 제어장치인 콘솔 22개 중 18개를 통제했다. 지금까지 한국항공우주연구원의 어깨너머로 배우던 이들이 실제 통제석의 주인으로 앉은 첫 번째 무대였다. 한국 우주 산업이 정부 주도의 ‘올드스페이스’에서 민간 주도의 ‘뉴스페이스’로 전환하는 상징적인 장면이다.◇발사·운용 민간이 첫 ...",https://n.news.naver.com/article/newspaper/015/0005340196?date=20261008,기타,0.030592232595361153,
한국경제,"네이버·두나무 '빅딜' 또 연기…주식교환, 내년 3월로","공정위 결합 심사 결과 안나와디지털자산법 논의 지연도 변수네이버파이낸셜이 두나무를 완전 자회사로 편입하는 포괄적 주식교환 일정이 내년으로 미뤄졌다. 두 회사가 일정을 미룬 것은 이번이 세 번째다.두나무는 7일 네이버파이낸셜과의 올해 12월 31일로 예정된 주식교환일을 내년 3월 31일로 변경한다고 공시했다. 주주총회 예정일도 올해 11월 19일에서 내년 2월 26일로 연기했다. 당초 두 회사가 주식을 교환하기로 한 것은 지난 6월 30일이었지만, 9월 30일과 12월 31일로 두 차례 연기했다.공정거래위원회의 기업결합 신고 심사 결과가 아직 나오지 않은 만큼 연내 주식교환을 진행하기 어렵다고 판단한 것으로 분석된다.암호화폐거래소의 대주주 지분을 제한하는 내용이 담긴 디지털자산기본법 논의가 국회에서 지연되고 ...",https://n.news.naver.com/article/newspaper/015/0005340209?date=20261008,기타,0.030507760833958356,
한국경제,"조아제약 ""수익성 중심 체질 개선…올해 흑자전환""",조성배 조아제약 대표더마코스메틱 신사업 진출연내 30개국으로 수출 확대“상반기 실적이 크게 개선된 데다 2분기 영업 손실을 줄이면서 손익분기점에 근접했습니다. 올해 영업이익 흑자 전환을 달성하겠습니다.”조성배 조아제약 대표(사진)는 최근 한국경제신문과의 인터뷰에서 “기존 사업 수익성을 높이고 약국 유통망을 활용한 더마코스메틱 신사업에 진출할 것”이라며 이렇게 말했다.조 대표는 올해 수익성을 높이는 데 역량을 집중하고 있다. 상반기 연결 기준 매출은 290억원으로 전년 동기 대비 3.4% 증가했다. 당기순이익은 2억원으로 흑자 전환했다. 2019년 이후 6년간 이어진 영업 적자를 올해 흑자로 바꾸는 게 목표다. 이를 위해 기존 사업 경쟁력을 높이면서 수출을 확대하고 있다.조아제약은 자회사로 메디팜 약국체인을 ...,https://n.news.naver.com/article/newspaper/015/0005340202?date=20261008,경영,0.02898203764544816,
동아일보,[사설]2대 주주 ‘삼전’에 교섭 요구한 ‘삼바’ 노조… 듣도 보도 못한 억지,"삼성바이오로직스 노동조합이 6일 삼성전자에 단체교섭을 요구하는 공문을 보냈다. 대표이사 앞으로 발송한 이 공문의 참조란에는 이재용 삼성전자 회장과 삼성전자 사업지원실을 명시했다고 한다. 삼성전자가 실질적으로 삼성바이오로직스의 인사나 보상 기준을 결정하고 있으니 노란봉투법(개정 노동조합법)이 정한 ‘사용자’에 해당한다는 게 노조 주장이다. 노봉법 시행 7개월 만에 대기업 노조가 원청도 아닌 그룹 내 다른 계열사와 교섭하겠다고 나선 사례가 등장한 것이다.삼성전자는 삼성바이오로직스의 최대 주주도 아니다. 1대 주주가 삼성물산이고, 삼성전자는 2대 주주다. 지분 관계를 제외하면 반도체, 스마트폰 등을 만드는 삼성전자와 바이오 위탁개발생산(CDMO) 업체인 삼성바이오로직스가 사업적으로 얽힐 일도 없다. 그런데도 노조...",https://n.news.naver.com/article/newspaper/020/0003753485?date=20261008,업계,0.02709185837371332,
한국경제,"""8억 깎아줘""…200채 통째로 사려던 큰손 돌변한 이유","美 고금리에 대혼란""아파트 잔금 60만弗 깎아달라""주담대·회사채 금리 올라…실물경제 직격탄부동산 계약 뒤 시장금리 오르자매수자들 가격인하 요구 빗발쳐저신용 회사채 금리 6년來 최고기업들 자금조달 난항 불가피미국 국채 금리 급등이 실물경제에 본격적인 영향을 미치고 있다. 미국 부동산시장에서는 주택담보대출 금리 상승으로 거래가 크게 줄자 이미 합의된 가격을 깎아달라는 매수자의 요구가 빗발치고 있다. 중소기업과 한계기업 역시 불어난 회사채 금리 부담 때문에 자금 조달에 어려움을 겪고 있다.◇줄 잇는 매매가 인하 요구7일 월스트리트저널(WSJ)은 올해 초 매매계약을 한 상업용 부동산을 중심으로 매수자의 가격 인하 요구가 늘고 있다고 보도했다. 지난달 미국 중앙은행(Fed)의 기준금리 0.25%포인트 인상과 미국 1...",https://n.news.naver.com/article/newspaper/015/0005340213?date=20261008,경영,0.02687267470808243,
한국경제,"""삼성전자 더 떨어질 줄 알았는데""…주가 버틴 이유 있었다","삼전, 자사주 매입 없는 첫날 '선방'…단기 변동성 주의1% 하락…3분기 실적발표 앞두고 관망세하루 5000억 매수 주체 공백에도코스피·하이닉스보다 낙폭 작아메모리값 상승에 3분기 호실적반도체 ETF 7종 리밸런싱 등 변수한국경제신문의 투자 전문 유료 플랫폼'한경 프리미엄9'(www.hankyung.com/premium9)에 실린 기사입니다.'한경 프리미엄9'을 구독하시면 더 많은 주식 투자 기사를 찾아볼 수 있습니다.코스피지수가 2% 가까이 급락한 가운데 삼성전자는 1%대 하락하는 데 그쳤다. 자사주 매입이 종료되며 하루평균 5000억원어치 넘게 삼성전자를 사들이던 매수 주체가 사라졌지만 3분기 실적 발표를 앞두고 기대와 관망세가 맞물리며 낙폭이 제한된 것으로 풀이된다. 다만 자사주 매입 종료에 상장지수펀...",https://n.news.naver.com/article/newspaper/015/0005340195?date=20261008,경영,0.026816290701856142,
중앙일보,공정위 “SK·현대오일 44조 담합”…업계 “공정위가 왜곡”,"공정거래위원회가 국내 주요 정유사를 상대로 관련 매출액 44조원대 규모의 가격 담합 혐의를 적용해 제재 절차에 착수했다. 정유업계는 이미 시장에 노출된 정보와 업계의 사후정산 거래 구조를 공정위가 담합 근거로 왜곡했다며 반발하고 있다.7일 공정위 사무처는 SK에너지와 HD현대오일뱅크의 휘발유·경유·등유 담합 사건에 대한 심사보고서(검찰의 공소장 격)를 위원회에 제출하고 두 회사에 송부했다고 밝혔다.공정위 심사관은 두 정유사가 러시아·우크라이나 전쟁 직전인 2022년 2월부터 미국·이란전쟁 발발 직후인 올해 3월까지 약 4년간 석유제품의 입금가와 확정가, 판매정책 등 가격 정보를 수시로 교환했다고 판단했다. 특히 올해 3월에는 두 차례에 걸쳐 구체적인 판매가격을 합의한 것으로 봤다. 관련 행위의 영향을 받은 ...",https://n.news.naver.com/article/newspaper/025/0003556461?date=20261008,기타,0.025568137485252832,
중앙일보,"뜻대로 안 되면 관세…미국의 ‘거래 동맹’, 캐나다·EU도 당했다","통상 갈등이 전통적인 안보 동맹까지 흔드는 현상이 전 세계적인 ‘뉴 노멀’로 자리 잡고 있다. 도널드 트럼프 행정부가 1기 관세 전쟁의 주요 타깃으로 중국을 겨냥했다면, 2기에는 우방·동맹국으로까지 전선을 넓혔다. 공동의 가치와 방위를 기반으로 한 ‘가치 동맹’이 미국에 얼마나 경제적 이익을 제공하느냐를 따지는 ‘거래 동맹’으로 협소화하는 양상과도 직결된다.대표적인 사례가 미국과 캐나다다. 지난 8월 무역 합의가 결렬된 뒤 미국이 캐나다산 주력 수출품에 50% 이상의 고율 관세 부과를 예고하자 캐나다도 비례 대응을 천명했다. 미국에 보내는 전력이나 핵심 광물 공급을 차단할 수 있다는 경고까지 나왔다. 통상 갈등이 안보 영역으로 번지면서 미국에선 “캐나다는 군대도 없는 나라”라는 비하 발언이 나왔고, 마크 카...",https://n.news.naver.com/article/newspaper/025/0003556503?date=20261008,경영,0.025410441847815917,
동아일보,"송미령 “농지조사, 비경작-수도권 투기 중심 검토”","[李정부 2년차 국감]농민 반발 커지자 범위 조정 시사“제도 개선 목적, 홍보 세심히 못해”송미령 농림축산식품부 장관이 현재 진행 중인 농지 전수조사를 비경작 농지와 수도권 투기성 농지 중심으로 조정하는 방안을 검토하겠다고 밝혔다. 농지 전수조사를 두고 농민들의 반발이 커지자 조사 범위 조정 가능성을 열어둔 것이다.송 장관은 7일 국회 농림축산식품해양수산위원회 국정감사에서 더불어민주당 이개호 의원이 “비경작 농지와 수도권 투기용 농지 중심으로 전수조사를 대체할 용의가 있느냐”고 묻자 “위원님 말씀을 받들어 살펴보겠다”고 답했다. 농민들이 납득할 수 있는 대안을 마련해 달라는 요구에도 “그렇게 하겠다”고 말했다.송 장관은 농지 전수조사 취지를 충분히 설명하지 못했다고 인정했다. 그는 “홍보를 세심하게 하지 못...",https://n.news.naver.com/article/newspaper/020/0003753571?date=20261008,업계,0.025075217440759266,
매일경제,스마트폰 넘어 집으로 확장하는 애플 … LG전자 제품군 활용해 생태계 구축,"LG·애플 '스마트홈' 동맹애플, 13일 홈허브 기기 공개음성비서 '시리' 집안 중심에삼성 스마트싱스 대항마 부상애플이 스마트홈 시장에 다시 도전하는 까닭은 스마트폰과 개인용 컴퓨터를 넘어 '집'이라는 영역으로까지 애플 생태계를 확장하기 위해서다. 애플은 2014년 스마트홈 플랫폼 '홈킷'을 내놓은 이후 스마트홈 사업을 확대하려고 꾸준히 노력했다.특히 이번에는 인공지능(AI) 기능을 강화한 음성비서 '시리'와 스마트홈 허브를 중심으로 집 안의 각종 기기와 서비스를 하나의 생태계로 연결한다는 구상이다.현재 스마트홈 시장 주도권은 아마존과 구글이 쥐고 있다. 아마존은 디스플레이가 탑재된 스마트홈 기기 '에코 허브'를 중심으로 '링' '파이어TV' 등 다양한 제품을 연결하는 생태계를 구축했다. 구글은 스마트홈 기...",https://n.news.naver.com/article/newspaper/009/0005745546?date=20261008,기타,0.024778285945507888,
조선일보,LG전자 3분기 영업익 7818억원… 올 누적 4兆 돌파,"매출 8.9%, 영업이익 13.5% 증가가전·전장 수익… TV 사업 개선LG전자가 올해 3분기 영업이익 7818억원을 기록하면서 처음으로 1~3분기 합산 영업이익이 4조원을 넘어섰다.LG전자는 7일 2026년 3분기 연결 기준 매출액 23조8270억원, 영업이익 7818억원의 잠정 실적을 발표했다. 지난해 같은 기간보다 매출은 8.9%, 영업이익은 13.5% 각각 증가했다.생활가전과 자동차에 들어가는 전자 장비(전장) 사업이 꾸준히 수익을 냈고, TV 사업이 큰 폭으로 개선된 데다 기업 간 거래(B2B)까지 커지면서 3분기 실적이 좋아졌다는 분석이다.글로벌 사우스(신흥 경제국) 지역과 B2B 사업의 성장세가 이어지며 매출 확대를 이끌었다. 회사 측은 또한 전사적 차원의 원가 구조 개선 노력과 매출 확대에 따...",https://n.news.naver.com/article/newspaper/023/0004002670?date=20261008,경영,0.024597377132230945,
한국경제,"""엔비디아만 믿고 있었는데""…월가서 심상찮은 전망 나왔다","실적시즌 개막…M7 독주 속 'S&P493' 반격 노린다S&P493 순이익 증가율 28% 전망…M7 압도금리 상승기 '차별화 장세' 지속부진했던 헬스케어·금융·소형株월가는 3분기 실적 전망 '긍정적'차입 비용 급등에 신중론도 제기한국경제신문의 투자 전문 유료 플랫폼'한경 프리미엄9'(www.hankyung.com/premium9)에 실린 기사입니다.'한경 프리미엄9'을 구독하시면 더 많은 글로벌 투자 기사를 찾아볼 수 있습니다.미국 뉴욕증시에서 엔비디아, 메타 등 주요 7개 빅테크 및 인공지능(AI) 기업을 뜻하는 ‘매그니피센트7(M7)’ 주가는 계속 오르고 나머지 기업은 부진한 ‘차별화 장세’가 이어지고 있다. M7이 AI 투자에 올라탄 성장주인 동시에 채권 금리 상승기를 견딜 방어주로 주목받고 있다. 하...",https://n.news.naver.com/article/newspaper/015/0005340182?date=20261008,경영,0.024540858030848312,
매일경제,손목 위 '품격' 명품시계 … 투자 자산이 되다,"하이엔드 시계 인기 왜감가상각 방어할 희소성환금성 큰 투자자산 인식공식숍은 기다려도 못 사리셀 시장서도 프리미엄1억짜리 1억8천에 팔려유통가 '시계 모시기'백화점 시계 매출 급증리뉴얼·신규 입점 늘려""금일 대기 등록이 마감되었습니다.""지난달 토요일 오후 경기도 성남시에 위치한 현대백화점 판교점 내 스위스 시계 브랜드 '롤렉스' 매장. 내부는 한산했지만 매장 앞에 서 있던 직원은 진입을 막으며 ""오늘 대기 등록이 마감됐으니 다른 날 다시 오라""고 말했다. 이달 4일 다시 매장을 찾았는데, 이번엔 직원의 상담을 받거나 손목에 차보고 싶으면 줄을 서서 기다려야 한다는 답이 돌아왔다.국내 명품 시장에서 눈에 띄게 로고가 새겨진 가방 등이 주춤한 새 럭셔리 시계 등 하이엔드 제품의 존재감이 높아지고 있다. 명품 가방...",https://n.news.naver.com/article/newspaper/009/0005745431?date=20261008,경영,0.02441745439279733,
매일경제,"""내 돈 안전할까"" … AI해킹 이후 5대銀 요구불예금 16조 '썰물'","은행권 해킹 공포에 자금이탈 우려정보유출 사고 3영업일만에정기예금 4조 등 큰 폭 감소은행, 해킹 포비아 영향 주시불안감 호소하는 소비자 늘어""은행은 안전하다고 믿었는데금전 피해때 찾아갈 점포없어""이달 초 금융권을 겨냥한 연쇄 해킹 사태가 발생한 이후 5대 은행(KB국민·신한·하나·우리·NH농협)의 요구불예금이 3영업일 만에 16조원 가까이 급감한 것으로 나타났다.정보 유출 사고에 따른 '머니무브'가 본격화한 것 아니냐는 관측이 나오지만 금융권은 아직 신중한 입장이다. 다만 인공지능(AI)을 활용한 사이버 공격이 확산할 경우 고객 신뢰와 은행권 수신 기반을 흔드는 새로운 위험이 될 수 있다는 우려가 커지고 있다.7일 5대 은행에 따르면 요구불예금(MMDA 포함) 잔액은 지난달 말 675조5249억원에서 이달...",https://n.news.naver.com/article/newspaper/009/0005745527?date=20261008,경영,0.024411797654575344,
한국경제,"40대 직장인, 5억 빌리러 지방은행 갔다가…'진짜요?' 깜짝",시중銀 옥죄자…지방은행 대출 오픈런지방銀 가계대출 80조 돌파5대銀 한도 꽉차자 '풍선효과'전북·광주銀 두자릿수 증가율사내대출도 30% 늘어 1.2兆신용점수가 950점 이상인 초고신용자가 지방은행 대출 창구로 몰리고 있다. 저축은행과 새마을금고의 가계대출이 늘고 사내대출을 받는 직장인도 급증했다. 정부의 고강도 대출규제가 시중은행에 집중되자 대출 수요가 규제 없는 곳으로 이동했다는 분석이 나온다.7일 금융감독원이 강준현 더불어민주당 의원에게 제출한 자료에 따르면 지난 8월 말 부산·경남·광주·전북·제주은행과 대구·경북이 거점인 iM뱅크의 가계대출 총액은 80조596억원으로 지난해 말보다 5조5040억원(7.4%) 늘었다. 가계대출 증가액의 80% 이상이 주택담보대출이었다. 지방은행의 8월 말 주담대 잔액은 ...,https://n.news.naver.com/article/newspaper/015/0005340212?date=20261008,경영,0.02434821468363695,
동아일보,[오늘의 운세/10월 8일],● 쥐48년생 올바른 처신과 중후한 인품으로 주변의 두터운 신망을 얻는다.60년생 익숙한 방식만 고집하지 말고 과감한 쇄신을 시도하라.72년생 넘치는 의욕은 도리어 화를 부르니 완급 조절이 긴요하다.84년생 가벼운 언약이라도 반드시 지켜야 신의가 선다.96년생 대접받을 자리가 생김.08년생 조급증을 버리고 기초 학업에 전념하자.● 소37년생 마음의 안정을 최우선으로 삼고 건강 관리에 힘써라.49년생 스스로를 낮추고 상대에게 길을 열어주면 만사가 편안.61년생 단기 차익보다 먼 앞날을 내다보는 포석을 두어라.73년생 첨예한 갈등 속에서 균형 잡힌 조율사 역할을 해낸다.85년생 옛 인연을 통해 호재를 맞는다.97년생 묵묵한 성실함으로 신뢰를 얻자.● 범38년생 과거의 영광에 안주하지 말고 현실적인 안목을 가질 ...,https://n.news.naver.com/article/newspaper/020/0003753522?date=20261008,기타,0.02378392314847619,
동아일보,‘포니정 영리더상’ 안세영-김도형씨,"포니정재단은 제7회 포니정 영리더상 수상자로 안세영 배드민턴 국가대표 선수(24)와 김도형 미국 펜실베이니아대 화학·생체분자공학과 교수(39)를 선정했다고 7일 밝혔다. 포니정재단에 따르면 안 선수는 20대 나이에 세계를 대표하는 배드민턴 선수로 자리 매김하며 한국 배드민턴의 위상을 높였다. 김 교수는 촉매와 액체가 만나는 나노미터 규모의 계면을 해독하는 연구로 주목받는 차세대 과학자다. 정몽규 포니정재단 이사장은 “두 수상자는 포니정 정신인 도전, 혁신, 사회적 기여를 대표한다”고 말했다. 시상식은 다음 달 25일 서울 강남구 아이파크타워 포니정홀에서 열린다....",https://n.news.naver.com/article/newspaper/020/0003753559?date=20261008,업계,0.02373425166748037,
한국경제,"위기의 애플, LG 손잡은 이유가…'새 먹거리 찾았다' 초강수","애플, 스마트홈 파트너로 LG 택했다LG-애플 '스마트홈 동맹'LG가 제조, 애플이 디자인초인종·도어록 등 공동개발애플, 부족한 하드웨어 채우고LG는 글로벌 공략 우군 확보애플이 LG전자와 손잡고 스마트홈 시장에 진출한다. 스마트폰을 비롯한 기존 제품 라인업으로는 더 이상 성장하기 힘들다고 판단한 결과로 풀이된다. 스마트홈을 새로운 먹거리로 삼겠다는 계획이다. 애플은 최고급 사양의 제품을 선보여 기존 시장의 판도를 바꾸는 전략을 택할 것으로 알려졌다.7일 업계에 따르면 애플은 지난해부터 LG전자와 공동으로 비디오 초인종, 스마트 도어록, 보안 카메라, 스마트 온도센서·온도조절기 등 스마트홈 기기를 개발하고 있다. LG전자는 기기 제조와 판매, 고객지원을 맡는다. 애플은 제품 디자인 및 핵심 기능 개발을 주도...",https://n.news.naver.com/article/newspaper/015/0005340204?date=20261008,기타,0.02304191167423645,
동아일보,"[사진기자의 사談진談/송은석]AI 가라사대, ‘빛이 있으라’","3월 미국 새너제이에서 엔비디아의 연례 개발자 회의 ‘GTC 2026’이 열렸다. 젠슨 황 최고경영자(CEO)의 기조연설이 끝나자 국내 언론은 엔비디아의 삼성전자, SK하이닉스, 현대자동차그룹과의 협력 소식을 앞다퉈 전했다. 이날 관심이 반도체와 자율주행에 쏠리는 동안, 30년 차 게이머인 기자의 눈에 들어온 것은 엔비디아가 공개한 차세대 게임 그래픽 기술 ‘DLSS 5’였다.요즘 게임 캐릭터는 실제 배우를 스캔해 만들 만큼 정교하다. 그런데 막상 게임에서는 찰흙 인형처럼 보일 때가 있다. 주된 이유 중 하나는 빛이다. 사람의 피부는 빛을 표면에서 튕겨내기만 하지 않는다. 일부는 살갗 속으로 스며들었다가 번져 나온다. 손전등을 손가락에 대면 붉게 비치는 것도, 역광에서 찍은 인물사진에서 귀가 발갛게 물드는 ...",https://n.news.naver.com/article/newspaper/020/0003753480?date=20261008,경영,0.02170540646501877,
한국경제,제주 아파트·마을서 전기 만들어 쓴다,"'생활권 에너지 특구' 도전장제주도가 마을과 아파트에서 전기를 생산해 인근 주민이 사용하는 ‘생활권 에너지 자립’을 추진한다. 지난해 기업 중심으로 지정된 분산에너지 특화지역을 도민의 생활공간으로 확대하겠다는 구상이다.7일 제주도에 따르면 도는 다음달 5일까지 제2기 분산에너지 특화지역 지정 신청을 위한 주민 의견을 받는다. 분산에너지는 전기를 사용하는 곳 가까이에서 생산해 공급하는 방식이다. 정부는 이번 2기 특구를 마을과 아파트 등 소규모 생활권 중심으로 조성할 방침이다. 특구는 같은 변전소에서 전력을 공급받는 생활권 안에 있어야 한다. 면적은 660만㎡ 이하로, 구역 안에서 생산한 연간 전력의 70% 이상을 해당 구역에서 소비해야 한다.제주도는 남원읍의 주택마을형, 조천읍의 공공임대주택 아파트형, 용암...",https://n.news.naver.com/article/newspaper/015/0005340179?date=20261008,기타,0.02138951992189668,
한국경제,[데스크 칼럼] '치매 백신' 개발국의 조건,"이태호 바이오헬스부장치매 예방 시대를 꿈꾸는 백신 연구가 불붙고 있다. 주요 계기는 미국 국립보건원(NIH) 지원으로 이뤄진 스탠퍼드대 연구다. 연구진은 영국 웨일스에서 출생일 차이로 대상포진 백신 접종 자격이 갈린 고령자를 추적·비교했다. 그 결과 백신 접종이 치매 진단 위험을 20%나 낮춘다는 사실을 확인했다.NIH는 지난해 공개한 이 연구 결과를 바탕으로 대상포진 백신의 치매 예방 원리를 규명하는 후속 연구 지원에 들어갔다. 새로운 치료 가능성 발견부터 검증, 신약 개발까지 뒷받침하는 미 공공연구 지원 체계의 저력을 보여주는 단면이다.'신약 씨앗' 심는 공공연구정부 기관의 기초연구 지원은 질병의 원리를 밝히고 새로운 치료 가능성을 탐색하기 위한 투자다. 당장 수익으로 이어지진 않지만 국가 신약 개발 경...",https://n.news.naver.com/article/newspaper/015/0005340338?date=20261008,업계,0.021340827525538522,
중앙일보,‘사람은 왜 창작하나’ 머리에 맴돈 질문,"룩백(Look back). 흔히 ‘후회하다’ ‘회상하다’로 번역되는 표현이지만, 고레에다 히로카즈(是枝裕和·63·아래사진) 감독의 영화에선 ‘등(back)을 보다’라는 의미로도 변주된다.신작 ‘룩백’(8일 개봉)이 부산국제영화제 갈라 프레젠테이션(거장의 신작) 부문에 초청받아 방한한 고레에다 감독은 7일 부산 해운대구 우동 영화의전당에서 열린 기자회견에서 “‘사람은 왜 무언가를 창작하나’라는 질문을 항상 염두에 두고 작품을 만들었다”고 말했다.영화는 만화를 그리는 주인공의 뒷모습으로 시작해, 주인공의 또 다른 뒷모습으로 끝난다. ‘체인소맨’으로 유명한 만화가 후지모토 타츠키가 2021년에 발표한 원작이 창작자의 고독한 등에 초점을 맞췄다면, 고레에다 감독은 함께하는 시간과 상실을 표현하는 장치로서 등을 표현...",https://n.news.naver.com/article/newspaper/025/0003556443?date=20261008,기타,0.021258940365870723,
한국경제,공사비 뛰자…'임대 비중' 줄이는 재개발,"임대 비율 완화 요구 확산성남, 의무임대 비율 10%로↓서울서도 부담 경감 목소리 커져공사비 상승·사업성 악화가 원인""공공 매입가격 현실화도 필요""주택 공급 확대가 화두로 떠오른 가운데 수도권 곳곳에서 재개발·재건축 사업의 임대주택 부담을 낮춰야 한다는 요구가 커지고 있다. 공사비가 오른 상황에서 임대주택을 줄이고 일반분양 물량을 늘려 사업성을 개선해야 한다는 주장이다. 도심 공공임대 공급이 줄어 주거 안정이 약해질 수 있는 만큼 공공의 매입 가격을 현실화해야 한다는 지적도 나온다.◇성남, 임대 비율 12%→10%로7일 업계에 따르면 경기 성남시는 재개발 사업에 적용하는 의무 임대 비율을 종전 12%(총가구 수 대비)에서 10%로 낮춘다고 지난 6일 고시했다. 재개발 사업이 몰린 수정·중원구 원도심 일대가 ...",https://n.news.naver.com/article/newspaper/015/0005340170?date=20261008,업계,0.02107429622444572,
동아일보,물류센터 운영부터 음식 조리까지… 유통가 ‘로봇 일손’ 늘린다,"롯데, 국산 휴머노이드 개발에 참여한화, 아이스크림 포장 공정에 활용급식업계, 조리-배식 로봇 도입 확산아워홈선 와인 서비스에 활용 검토도고객 주문 내역을 확인하고 물건을 찾아 바코드를 스캔한다. 찾은 물건을 박스에 담고 포장한 뒤 배달 차량에 싣는다. 고객 수요부터 상품 재고 현황까지 일하는 과정에서 나오는 모든 데이터를 자료화해 경영에 활용한다. 이 모든 건 유통업계에 도입될 휴머노이드 로봇이 하게 될 일이다.● 유통업계, 휴머노이드 로봇 도입 박차최근 물류센터 운영부터 급식실 음식 조리에 이르기까지 유통업계가 업무 전반에 사람을 닮은 로봇 도입을 확대하고 있다.대표적인 게 물류센터에 활용할 휴머노이드 개발에 나선 롯데다. 7일 롯데하이마트와 롯데글로벌로지스는 국산 피지컬 인공지능(AI) 기반 휴머노이드...",https://n.news.naver.com/article/newspaper/020/0003753501?date=20261008,경영,0.021023036553862236,
매일경제,"""양자컴 전력효율 개선 … 3년뒤 상용화 착수""","수보드 쿨카르니 리게티컴퓨팅 CEO기존컴보다 속도·가격서 우위완전 상용화는 시간 더 걸릴듯""3년 뒤 실제 문제를 기존 컴퓨터보다 더 빠르게, 더 효율적으로 또는 더 저렴하게 해결하는 양자컴퓨터의 등장이 예상됩니다.""수보드 쿨카르니 리게티컴퓨팅 최고경영자(CEO)는 매일경제와의 인터뷰에서 ""1000개 이상의 큐비트를 갖추고, 큐비트 2개를 연결해 수행하는 연산의 정확도를 99.9%까지 높인 시스템을 핵심 조건으로 보고 있다""며 이같이 말했다. 큐비트는 양자컴퓨터 계산에 쓰는 기본 단위다. 두 큐비트 사이의 연산은 여러 큐비트가 참여하는 복잡한 계산으로 확장할 수 있어 양자컴퓨터의 핵심 요소로 꼽힌다.다만 2029년 상용화 목표는 제한적인 수준으로 한정된다. 그는 ""결함 허용에 필요한 큐비트 수와 오류율에 도달...",https://n.news.naver.com/article/newspaper/009/0005745412?date=20261008,경영,0.0207184168819501,
한국경제,中 반려동물 암보험시장 열린다 [한경 프리미엄9 TODAY],"전문가가 콕 찍은 5대 주도주반도체에 몰리던 관심이 관련 설비 투자와 전력, 소재·부품·장비, 산업 인프라로 넓어지고 있다. 그중 어떤 섹터가 가장 유망할까. ‘반도체 다음’의 유력 후보를 김대현 하나증권 용산WM센터장이 제시한다.美부자들 사이 유행하는 투자법미국 부자들 사이에서 일부러 손해를 보는 투자가 유행하고 있다. ‘택스 알파’로 불리는 절세 투자 전략의 하나다. 그 방식과 인기를 ‘핫픽! 미국주식’ 코너에서 다뤘다.中 반려동물 암보험시장 열린다중국 반려동물 암보험시장이 빠르게 커지고 있다. 수년 전 반려동물 양육 붐이 본격화했는데, 그때 키우기 시작한 개와 고양이가 고령기에 접어들며 종양 진단, 치료 수요가 급증했다. 김은정 베이징 특파원이 분석했다.삼전닉스 주변에 브랜드 대단지추석 연휴 이후 지방...",https://n.news.naver.com/article/newspaper/015/0005340241?date=20261008,경영,0.020317944933358298,
중앙일보,금융권 해킹 도구 ‘아르텍스’ 한국어판도 등장,"최근 국내 금융권 해킹 관련 도구로 주목받은 중국산 인공지능(AI) 기반 자율 침투테스트 프로그램 ‘아르텍스(ARTEX)’의 한국어판이 오픈소스 플랫폼 깃허브에 공개됐다.7일 정보기술(IT) 업계에 따르면 아르텍스가 깃허브에 한국어·일본어 등으로 번역·배포되면서 언어 장벽이 낮아졌다는 평가가 나온다. 특히 한국어판에는 중국어판에 없던 ‘시그마(Sigma)’ 및 ‘수리카타(Suricata)’ 탐지 규칙이 추가됐다. 시그마는 보안 로그 분석용 범용 규칙이며, 수리카타는 네트워크 침입을 탐지하는 도구다. 한국어판 제작 참여자들은 공격이 아닌 방어자 관점에서 자율형 AI 공격의 작동 원리를 이해하고, 이를 탐지·차단하는 역량을 갖추도록 돕는 것이 프로젝트의 주된 목적이라고 설명했다.다만 IT 업계에서는 사이버 위협...",https://n.news.naver.com/article/newspaper/025/0003556449?date=20261008,기타,0.020176007079926495,
동아일보,LG전자 1~3분기 영업익 4조 첫 돌파,"가전-전장 수익 개선, 3분기 호실적누적 매출도 9% 증가, 70조원 넘어LG전자가 생활가전과 차량용 전자 장비(전장) 사업 호조 속에 TV 사업에서도 수익성을 대폭 개선하며 3분기(7∼9월) 호실적을 거뒀다.7일 LG전자는 올해 3분기 연결 기준 매출 23조8270억 원, 영업이익은 7818억 원의 잠정 실적을 발표했다. 전년 동기 대비 매출 8.9%, 영업이익은 13.5% 증가한 수치다. 올해 3분기까지 누적 매출액은 71조3809억 원, 영업이익은 4조346억 원으로 3분기 누적 기준 매출 70조 원, 영업이익 4조 원을 동시에 넘은 것은 올해가 처음이다.주력 사업인 생활가전과 전장 사업이 안정적인 수익을 내는 가운데, 글로벌 사우스(신흥 경제국) 시장에서의 매출 확대, B2B(기업 간 거래) 사업의 ...",https://n.news.naver.com/article/newspaper/020/0003753512?date=20261008,경영,0.020158570499900934,
한국경제,"GC녹십자웰빙·365mc, 지방분해 신약 개발 협력",GC녹십자웰빙이 체형관리 전문 병·의원 네트워크인 365mc와 신약 개발 및 사업화를 위한 업무협약을 맺었다고 7일 밝혔다.GC녹십자웰빙은 앞서 미국 라지엘테라퓨틱스에서 차세대 국소 지방분해 신약 ‘RZL-012’의 국내 독점 개발·상업화 권리를 확보했다. 이번 협약으로 365mc의 지방 치료 경험과 체형관리 노하우를 활용해 임상적 근거를 마련하고 시술 지침을 개발한다는 계획이다. 사업화에 필요한 학술·마케팅 콘텐츠 구축에도 협력한다. 글로벌 개발 일정에 맞춰 국내 임상과 허가 절차를 추진하고 체형관리 분야로 사업을 확대할 계획이다. 김상현 GC녹십자웰빙 대표는 “RZL-012를 중심으로 메디컬 에스테틱 사업의 성장 기반을 강화해 나가겠다”고 말했다....,https://n.news.naver.com/article/newspaper/015/0005340200?date=20261008,기타,0.019898113536531703,
조선일보,보습제·자외선 차단제는 ‘뇌 보호제’와 같아,"유튜브 ‘이러면 낫는다’- <정진호 교수의 피부 관리법>3줄 요약ㆍ피부 장벽 손상, 인지 기능 저하 유발ㆍ염증성 사이토카인, 해마 신경 형성 저해ㆍ보습제·자외선 차단제, 뇌 보호제 역할 강조피부는 겉모습만 좌우하지 않는다. 피부가 망가지면 인지 기능까지 영향을 준다는 최근 연구 결과도 있다. 조선일보 의학·건강 유튜브 ‘김철중의 이러면 낫는다’는 피부 항노화 분야 세계적 권위자인 정진호 서울대병원 피부과 명예교수와 함께 피부 관리법과 피부·뇌 건강의 관계를 짚어봤다.피부 가장 바깥의 각질층은 외부 유해 물질로부터 몸을 보호하는데, 이 각질층이 곧 ‘피부 장벽’이다. 피부 장벽이 무너지면 외부 자극 물질과 알레르기 유발 물질이 쉽게 침투해 염증이 생기고, 수분이 빠져나가 피부가 건조해진다. 정 교수는 “설거지...",https://n.news.naver.com/article/newspaper/023/0004002700?date=20261008,기타,0.019817333820795716,
한국경제,"'청약불패' 성남·과천·동탄, 반도체 특수로 인기몰이","지난 3년간 분양 미달 없어아크메르동탄·해링턴과천 주목경기 성남과 과천, 화성 동탄구에서 연말까지 신규 분양이 잇따른다. 이들 지역은 서울 강남권으로 이동하기 편리해 그동안 높은 청약 경쟁률을 보인 곳이다. 최근 반도체 특수로 경기 동남권 주택 가격이 가파르게 오르는 만큼 신규 분양 단지에 대한 수요자의 관심이 이어질 것으로 전망된다.7일 업계에 따르면 포스코이앤씨가 화성 동탄구 반송동에 짓는 ‘아크메르 동탄’(투시도)이 이달 분양한다. 지하 7층~지상 최고 49층, 7개 동, 총 1808가구(전용면적 84~188㎡) 규모다. 삼성전자 나노시티 화성캠퍼스와 가깝다. 2029년 개통을 목표로 공사가 진행 중인 동탄인덕원선 반송역(가칭)이 단지 인근에 들어설 예정이다.성남 분당구 정자동에서는 ‘더샵 분당하이스트...",https://n.news.naver.com/article/newspaper/015/0005340168?date=20261008,기타,0.019757990816444634,
조선일보,"더 정교해진 누리호, 위성 14기 우주에 안착시켜","민간이 제작·발사 과정 주도3줄 요약ㆍ누리호, 15기 위성 싣고 5차 발사 성공ㆍ군집위성 5기 정밀 배치로 첫 고난도 임무 완수ㆍ민간 주도 발사 운용으로 우주 생태계 구축 기대한국형 발사체 누리호가 7일 역대 가장 많은 15기의 위성을 싣고 5차 발사에 성공했다. 역대 누리호 발사 중 처음으로 예정된 날짜와 시각에 지연 없이 발사됐다. 여러 대의 작은 위성이 한 팀처럼 관측하는 군집위성을 정밀하게 배치하는 고난도 임무도 처음 완수했다. 2022년 2차 발사 이후 4차례 연속 성공하며 국산 로켓의 기술력이 한층 진화했음을 보여줬다.누리호는 이날 낮 12시 25분 전남 고흥 나로우주센터 제2발사대에서 하늘로 솟아올랐다. 이후 약 4분 만에 1·2단과 위성을 보호하는 덮개인 페어링을 순조롭게 떼어내고 발사 약 1...",https://n.news.naver.com/article/newspaper/023/0004002730?date=20261008,기타,0.01947714040897122,
동아일보,"거래소, 시총 미달 따른 상장폐지 당분간 유예",법원의 상폐 정책 제동에 후속 조치본안 판결 전까지 중단 가능성 높아금융 당국이 주식 시장에서 부실 기업을 퇴출하기 위해 시가총액 기준에 미달하는 회사들을 상장폐지하기로 한 방침을 당분간 유예한다. 법원이 현행 상장폐지 정책에 제동을 걸면서 증시를 운영하는 한국거래소가 후속 조치를 내놓은 것이다.한국거래소는 7일 “이달 2일부터 관리종목으로 지정된 기업에 대한 후속 상장폐지 절차는 진행하지 않고 있으며 향후에도 유예할 계획”이라며 “다만 이달 2일 이전에 시가총액 미달로 상장폐지가 결정된 기업들에 대한 거래정지는 지속될 예정”이라고 밝혔다.서울남부지법 민사합의51부(수석부장판사 권성수)는 2일 주연테크와 케이엠제약이 거래소를 상대로 낸 상장폐지 결정 효력정지 가처분 신청을 각각 인용했다. 이에 따라 법원의 ...,https://n.news.naver.com/article/newspaper/020/0003753508?date=20261008,기타,0.018901075329083274,
한국경제,"""내 돈 어쩌나""…싱가포르로 몰려갔던 中 부자들 '초비상'","中 부유층, 해외자산 과세에싱가포르서 美로 '머니무브'금융정보 교환 막힌 대만 등中 부유층 자산 피난처로 부상싱가포르 패밀리오피스 타격중국이 부유층의 해외 자산에 대한 과세를 강화하자 싱가포르 패밀리오피스 산업이 직격탄을 맞고 있다. 중국 자산가들이 전통적 자산 피난처이던 싱가포르에서 미국 등 대체지로 옮겨갈 것으로 전망된다.7일 파이낸셜타임스(FT) 등에 따르면 중국 당국은 오는 22일부터 역외 신탁에서 발생한 배당·이자소득에 20% 세금을 부과한다. 과세는 신탁 설정과 기초자산 가치 상승부터 수익 분배 및 실현까지 여러 단계에 걸쳐 이뤄질 것으로 보인다. 2023~2025년 발생한 이익에도 소급 적용될 예정이며 일부 세무조사는 2000년까지 거슬러 올라간 것으로 확인됐다.이번 과세는 지난 7월 24일 발...",https://n.news.naver.com/article/newspaper/015/0005340216?date=20261008,기타,0.01817643214242062,
매일경제,"장금상선, 한진 지분 5.58%로 확대","평택항 공동투자로 20년 인연보유 목적 '단순투자' 기재한진 PBR 0.18배로 저평가국내 중견 해운사 장금상선이 종합물류기업 (주)한진 지분을 5% 이상 확보하면서 투자 배경에 관심이 쏠리고 있다. 장금상선은 보유 목적을 '단순 투자'라고 밝혔지만 한진의 낮은 기업가치와 함께 두 회사가 평택항을 중심으로 20년 넘게 사업 관계를 이어왔다는 점이 배경으로 거론된다.7일 금융감독원 전자공시시스템에 따르면 장금상선은 지난 2일 기준 한진 주식 86만6413주(5.58%)를 보유하고 있다고 공시했다. 보유 목적은 경영권 영향이 아닌 단순 투자로 기재했다.장금상선은 지난달 23일 기준으로 지분 4.92%를 보유하고 있었고, 이후 닷새간 10만2558주를 장내에서 추가 매입해 5%를 넘겼다. 현 주가 기준으로 장금상...",https://n.news.naver.com/article/newspaper/009/0005745511?date=20261008,경영,0.01814229400580884,
조선일보,안세영·김도형 ‘포니정 영리더상’,포니정재단이 제7회 포니정 영리더상 수상자로 안세영(24) 배드민턴 국가대표 선수와 김도형(39) 미국 펜실베이니아대 화학·생체분자공학과 교수를 선정했다.안 선수는 여자 단식 그랜드 슬램(올림픽·세계선수권·아시아선수권·아시안게임 우승)을 달성하는 등 한국 배드민턴의 위상을 드높이고 있다. 김 교수는 에너지 전환과 화학 제조 반응의 효율을 높이는 연구를 진행하며 학계 주목을 받고 있는 젊은 과학자다.현대자동차 설립자 고(故) 정세영 HDC그룹 명예회장의 혁신과 도전 정신을 이어가기 위해 제정된 포니정 영리더상은 40세 이하 혁신가 2인을 선정해 상금 5000만원과 상패를 수여한다....,https://n.news.naver.com/article/newspaper/023/0004002696?date=20261008,업계,0.018119650174569235,
조선일보,지난달엔 버터떡 반짝… 이달엔 피자설기 반짝,"디저트 유행 주기, 두세달로 짧아자영업자 “그냥 버리는 재료 늘어”서울 강남구에서 카페를 하는 노모(49)씨는 올해 들어 두세 달에 한 번꼴로 디저트 메뉴를 바꿨다. 지난해 12월 소셜미디어(SNS)에서 ‘두바이 쫀득 쿠키(두쫀쿠)’가 인기를 끌자 노씨도 만들어 팔기 시작했다고 한다. 하지만 해가 바뀌면서 찾는 손님이 줄더니 2월쯤에는 뚝 끊어졌다. 3월에 노씨는 ‘버터떡’을 팔려고 3주간 레시피를 개발해 메뉴로 내놨지만, 손님이 몰린 건 2주 남짓이었다. 5월에는 중화권 디저트 ‘양즈깐루’를 팔려고 재료를 사고 포스터와 배너까지 만들었다. 이번에는 판매조차 못 했다고 한다. 노씨가 준비를 마쳤을 때는 이미 유행이 지나간 뒤였다.소셜미디어를 타고 디저트 유행이 두세 달 단위로 빠르게 바뀌면서 카페나 빵집을 ...",https://n.news.naver.com/article/newspaper/023/0004002713?date=20261008,경영,0.01797530602563121,
조선일보,AI가 설계한 단백질 출처 확인할 수 있는 워터마크 기술 개발,"구글 딥마인드 연구진인공지능(AI)이 만든 글이나 사진에 ‘AI가 만들었다’는 워터마크를 넣는 것처럼, AI가 설계한 단백질에도 보이지 않는 표식을 심는 기술이 개발됐다. 단백질의 기능은 그대로 유지하면서 아미노산 배열이나 단백질 입체 구조에 패턴을 넣는 방식이다.구글 딥마인드 연구진은 AI가 설계한 단백질에 워터마크를 넣는 기술 ‘신스아이디바이오(SynthIDBio)’를 개발했다고 국제 학술지 ‘네이처’에 최근 발표했다. 연구진은 AI로 만든 단백질의 출처를 확인하는 것이 바이오 안보를 지키는 데 점점 중요해지고 있다고 했다.단백질은 20종의 아미노산이 다양한 순서로 연결돼 만들어진다. 어떤 아미노산을 어떤 순서로 연결하느냐에 따라 단백질이 접히는 모양과 기능이 달라진다. 최근에는 원하는 기능을 가진 단백...",https://n.news.naver.com/article/newspaper/023/0004002684?date=20261008,업계,0.017398640281221987,
매일경제,회생절차 졸업 신동아건설… 남양주서 3500억 자체사업,"신동아건설이 경기도 남양주시 공동주택 개발 사업을 추진하며 회생절차 종결 후 첫 자체 사업에 나선다.신동아건설은 남양주시 진접읍 연평리 76-3 일원 약 2만8043㎡ 규모 용지를 매입했다고 7일 밝혔다. 신동아건설은 해당 용지에 지하 2층~지상 최고 29층, 590가구 규모 공동주택과 부대 복리시설을 건립할 계획이다.회사는 내년 10월 착공과 분양을 목표로 하고 있으며, 예상 매출은 3500억원 규모로 전망하고 있다.이번 개발은 신동아건설이 지난해 기업회생절차를 종결한 이후 추진하는 첫 자체 사업이다.[정호준 기자]...",https://n.news.naver.com/article/newspaper/009/0005745462?date=20261008,기타,0.017180015183414964,
동아일보,11번중 1번 맞힌 인천공항 눈 예보… 작년 도입 ‘항공교통흐름관리’ 허술,눈 예보에 대비해 인천국제공항에 도착하는 항공편을 미리 줄이는 ‘항공교통흐름관리(ATFM)’ 시스템이 지난해 초 도입됐지만 11번의 강설 예보 가운데 적중한 것은 단 1차례에 그친 것으로 나타났다.7일 이철규 국민의힘 의원실이 기상청과 국토교통부에서 받은 자료에 따르면 지난해 1월 22일 ATFM 시행 이후 올해 1월까지 인천공항에 예보된 강설은 11차례였다. 하지만 이 중 기상청 소속 항공기상청의 예상 적설 시간이 실제와 맞은 것은 지난해 2월 12일뿐이었다.ATFM은 2024년 11월 수도권 폭설로 인천공항에서 대규모 결항과 운항 지연이 발생한 것을 계기로 도입됐다. 인천공항은 예상 적설량에 따라 시간당 항공기 수용량을 12∼44대로 조정해야 한다.하지만 실제 교통량 조정도 눈이 내린 지 1∼2시간 뒤에...,https://n.news.naver.com/article/newspaper/020/0003753575?date=20261008,기타,0.016645944601037584,
매일경제,한국은행 부총재보에 최영주,"경제연구원장엔 윤경수한국은행 신임 부총재보에 최영주 금융시장국장이 임명됐다. 신임 경제연구원장에는 윤경수 국제국장이 내정됐다. 최 신임 국제금융·협력 담당 부총재보는 1997년 한은에 입행한 이후 금융시장국과 통화정책국 등 정책 부서에서 근무하며 국내외 금융시장 분석과 공개시장운영 업무 등을 담당한 금융시장 전문가다.신임 한은 경제연구원장에는 윤경수 국장이 내정됐다. 윤 내정자는 고려대 경제학과를 졸업하고 미국 오하이오주립대에서 경제학 박사 학위를 받았다. 영란은행 시니어 이코노미스트, 정책보좌관 등을 역임했다.[김정범 기자]...",https://n.news.naver.com/article/newspaper/009/0005745442?date=20261008,경영,0.01663687086452635,
매일경제,"'베트남 진출 20주년' 지평… ""양국 잇는 법률파트너 톡톡""","법무법인 지평이 오는 14일 베트남 호찌민에서 '베트남 진출 20주년 기념행사'를 연다.지평은 2006년 베트남에 진출한 뒤 국내 기업의 베트남 진출과 투자를 지원해 왔다. 현재 호찌민과 하노이를 거점으로 투자, 인수·합병(M&A), 금융·자본시장, 노동, 조세, 분쟁 등 다양한 분야에서 법률 자문을 제공하고 있다.행사에는 현지 주요 고객사와 한국·베트남 관계자들이 참석한다. 이행규 대표변호사의 환영사와 유동호 베트남사업부 대표, 현지 고객사의 축사에 이어 기념 영상 상영, 만찬과 교류 행사가 진행된다.이 대표변호사는 ""지난 20년간 함께해 온 고객과 한국대사관 등 관계기관, 베트남 당국에 감사를 전한다""며 ""양국을 잇는 법률·컨설팅 파트너로서 새로운 20년을 약속하는 자리""라고 말했다.[박승주 기자]...",https://n.news.naver.com/article/newspaper/009/0005745484?date=20261008,경영,0.016015403596019353,
한국경제,"의정부시, 지하철 8호선 잇고 지역화폐 500억…골목상권 살린다",경기 의정부시가 광역교통망 확충과 골목상권 회복을 민선 9기 핵심 과제로 내걸었다. 철도로 서울 접근성을 높이는 동시에 지역화폐 발행을 늘려 얼어붙은 지역 소비를 되살리는 ‘투트랙 전략’이다.의정부시는 지하철 8호선 의정부 연장사업을 ‘제5차 광역교통 시행계획’에 반영하는 데 행정력을 집중하고 있다고 8일 밝혔다. 김원기 의정부시장은 국토교통부와 대도시권광역교통위원회를 찾아 국가계획 반영을 요청했다. 이어 기획예산처와 재정경제부에도 재정 지원을 건의했다. 범시민 서명운동에는 8월 말까지 4만7000여명이 참여했다. 시는 지난 8월 흥선권역과 서울 광화문을 잇는 광역버스 1108번 운행도 시작했다.민생경제도 전면에 내세웠다. 김 시장은 취임 후 첫 결재 안건으로 ‘의정부사랑카드 발행 확대’를 골랐다. 시는 지...,https://n.news.naver.com/article/newspaper/015/0005340095?date=20261008,경영,0.016015061004505633,
중앙일보,"철강·강관·조선, 74조 알래스카 대박? “사업성 따져야”","알래스카 액화천연가스(LNG) 사업에 국내 산업계가 촉각을 곤두세우고 있다. 사업이 현실화하면 1300㎞ 가스관과 LNG운반선 발주 등 대형 일감들이 발생한다. 하지만 업계와 전문가들은 사업비와 공사 기간, 판매처 등 변수가 많아 “수혜를 장담하기엔 이르다”고 입을 모은다.알래스카 LNG는 북부 노스슬로프의 천연가스를 남부 니키스키까지 옮겨 액화한 뒤 아시아로 수출하는 445억~545억 달러(약 60조~74조원) 규모의 사업이다. 지난해 한미 관세 협상에서 합의한 3500억 달러 대미 투자와 맞물려 도널드 트럼프 미국 대통령이 투자를 압박하고 있다. 이에 김정관 산업통상부 장관은 지난 6일 국정감사에서 “검토 착수는 상업적 합리성을 전제로 한다”는 입장을 다시 한번 강조했다.한 LNG업계 관계자는 “경제성 ...",https://n.news.naver.com/article/newspaper/025/0003556450?date=20261008,경영,0.015915079092615605,
한국경제,"공정위, 44조 '유가 담합' 정유사 제재 착수","SK에너지·현대오일뱅크4년간 가격정보 교환 판단과징금 최대 4.6조 전망공정거래위원회가 국제 정세가 불안한 틈을 타 휘발유, 경유, 등유 가격을 담합한 SK에너지와 HD현대오일뱅크를 제재하는 절차에 들어갔다. 담합 관련 매출이 44조원에 달하는 만큼 역대 최대 규모의 담합 관련 과징금이 부과될 것이라는 전망이 나온다.공정위는 유가 담합 사건과 관련해 SK에너지, HD현대오일뱅크에 심사보고서를 송부하고 심의 절차에 착수했다고 7일 밝혔다. 공정위는 두 업체가 러시아와 우크라이나 전쟁 직전인 2022년 2월부터 중동 전쟁 직후인 지난 3월까지 4년여간 휘발유, 경유, 등유 판매가격 관련 정보를 교환하고 가격을 담합했다고 판단했다. 담합 관련 매출은 44조1000억원에 이르는 것으로 파악했다.다른 사업자와 정보를...",https://n.news.naver.com/article/newspaper/015/0005340228?date=20261008,기타,0.015777695906859533,
한국경제,가온전선 신고가…장중 시총 10조원 돌파,북미 버스덕트 매출 급성장고점 기준 올 주가 685% 상승한국경제신문의 투자 전문 유료 플랫폼'한경 프리미엄9'(www.hankyung.com/premium9)에 실린 기사입니다.'한경 프리미엄9'을 구독하시면 더 많은 주식 투자 기사를 찾아볼 수 있습니다.가온전선이 인공지능(AI) 데이터센터 투자 확대에 힘입어 장중 시가총액 10조원을 넘어섰다. 내수 중심 전선업체에서 북미 데이터센터 배전 인프라 공급업체로 변신하며 기업가치를 재평가받고 있다. 다만 실적 증가 기대가 주가에 상당 부분 반영되며 단기간 급등한 만큼 차익 실현 압력도 커지고 있다.7일 유가증권시장에서 가온전선은 6.27% 내린 30만6500원에 거래를 마쳤다. 장중 35만9500원까지 올라 사상 최고가를 경신했다. 이때 시가총액은 10조705...,https://n.news.naver.com/article/newspaper/015/0005340192?date=20261008,경영,0.01565675174893258,
동아일보,삼성전자 반도체 특별성과급 내년 3말4초 지급,"영업익의 10.5% 재원, 주식으로노조 “메모리사업부 7.5억 예상”삼성전자가 반도체(DS) 부문의 특별성과급을 내년 3월 말∼4월 초 지급한다. 올해 DS부문 영업이익의 10.5% 규모를 재원으로 해 삼성전자 주식으로 지급할 예정이다.7일 재계에 따르면 삼성전자 DS부문은 사내 공지를 통해 2026년도 특별경영성과급의 지급 시기와 산정 기준 등 세부안을 임직원에게 안내했다. 재원의 40%는 DS부문 전체에, 60%는 사업부별 성과에 따라 차등 지급한다. 지급 시점은 내년 정기 주주총회 이후다. 다만 주주총회에서 자사주 지급과 관련한 안건이 통과되지 않을 경우에 대한 대안은 이번 세부안에 포함되지 않았다.성과급은 세금과 보험료를 공제한 뒤 삼성전자 주식으로 지급된다. 지급일 주가 기준으로 주식 수를 산정하고...",https://n.news.naver.com/article/newspaper/020/0003753511?date=20261008,기타,0.015632677070689802,
한국경제,"리사 수 ""메모리 공급난, 韓과 협업 매우 중요""","AMD 수장, 7개월만에 방한""연내 한국에 AI 연구센터 설립""삼전닉스와 장기 파트너십 시사한국을 방문한 리사 수 AMD 최고경영자(CEO)가 “삼성전자와 SK하이닉스를 비롯한 한국의 수많은 협력사와 긴밀히 협력하는 것이 우리의 핵심 목표”라고 말했다. 그는 한국 반도체 기업과 장기 파트너십을 맺겠다는 의사도 밝혔다.수 CEO는 7일 서울 용산 드래곤시티에서 열린 ‘AMD 게이머 데이’가 끝난 뒤 기자들과 만나 “한국을 다시 찾은 이유는 공급과 파트너십을 아울러 한국 생태계가 극도로 중요했기 때문”이라며 “공급망이 복잡한 현시점에는 3~5년을 내다보고 협력사와 함께 계획을 세우는 것이 필수”라고 강조했다. 수 CEO가 한국을 방문한 것은 7개월 만이다.수 CEO는 반도체 업체와 협업을 ‘팀 스포츠’에 빗대기...",https://n.news.naver.com/article/newspaper/015/0005340206?date=20261008,경영,0.015430819335231072,
동아일보,발사체 제작-운용-위성까지… 4차 때보다 민간 참여 늘어,"[누리호 5차 발사]7일 임무를 성공적으로 완수한 한국형 우주발사체 누리호 5차 발사에는 지난해 11월 진행된 4차 발사 때보다 민간 기업의 참여가 늘었다. 300여 개 국내 대기업 및 중소기업이 대거 참여하며 한국 우주개발 주체가 정부에서 민간으로 이양되는 속도가 빨라지고 있다는 평가가 나온다.4차 발사에 이어 누리호 체계종합기업으로 참여한 한화에어로스페이스는 이번 5차 발사 때도 발사체 제작을 총괄했다. 누리호의 1, 2단에 장착된 75t급 액체연료 엔진 5기와 위성이 탑재된 3단에 장착된 7t급 액체연료 엔진도 한화가 제작했다. 발사지휘센터(MDC)와 발사관제센터(LCC)에서 일하는 관제 인력도 4차 때보다 늘렸다. 한화에어로스페이스는 내년으로 예정된 6차 발사 때는 발사 관제를 거의 대부분 맡을 예정...",https://n.news.naver.com/article/newspaper/020/0003753555?date=20261008,기타,0.015234499326847239,
한국경제,연구성과는 성균관대…글로벌화는 고려대,"기술 상용화 등 연구성과는 기본교육혁신·지속가능성까지 갖춰야‘2026 INUE·한경 대학평가’에서는 연구성과와 교육혁신, 지속가능성 등 세 개 영역에서 고른 경쟁력을 갖춘 대학이 상위권을 차지했다.종합순위와 가장 뚜렷한 연관성을 보인 영역은 연구성과였다. 연구성과 상위 10개 대학 중 9곳이 종합평가에서도 10위 안에 들었다. 상위권 대학은 연구의 양보다 질을 중시하는 방향으로 평가 방식을 개편하고 있다. 성균관대는 교원 1인당 SCI급 논문 수에서 서울대와 KAIST를 제치고 영남대에 이어 2위를 차지했다. 우수 국제학술지 논문에 대한 인센티브를 40% 이상 상향하고, 피인용 영향력이 우수한 국제논문에도 별도의 인센티브를 신설한 것이 영향을 미쳤다. 1위인 영남대는 지난해 이용록 화학공학부 명예교수, 최인...",https://n.news.naver.com/article/newspaper/015/0005340248?date=20261008,업계,0.014921221924225923,
한국경제,"경찰, 민주 경기도당 압수수색","수원시장, 불법 당원 모집 의혹입당 서류·하드디스크 등 확보경찰이 이재준 경기 수원시장의 공직선거법 위반 의혹과 관련해 더불어민주당 경기도당을 압수수색에 나섰다. 당내 경선을 앞두고 권리당원을 불법으로 모집했다는 의혹을 확인하기 위한 강제수사다.경기남부경찰청 반부패·경제범죄수사대는 7일 경기 수원시 매교동 민주당 경기도당 사무실에 수사관을 보내 압수수색 영장을 집행했다. 영장 집행 과정에서 물리적 충돌 등 별다른 특이사항은 없는 것으로 전해졌다.경찰은 당원 명부와 입당 관련 서류, 컴퓨터 하드디스크 등 전산 자료를 확보하는 데 주력하고 있는 것으로 파악됐다. 압수물을 토대로 자료를 분석해 혐의 적용 여부를 결정할 방침이다.경찰은 이 시장 측근들이 6·3 지방선거를 앞두고 당내 경선에 대비해 불법으로 권리당원...",https://n.news.naver.com/article/newspaper/015/0005340300?date=20261008,기타,0.014565210497571554,
조선일보,하얗게 죽어가는 산호초… 소리와 유익균으로 ‘심폐소생’,전세계 산호초 84%가 백화 현상“꾸르륵….” “타닥타닥….”도미니카와 미국령 버진아일랜드를 비롯한 카리브해 바닷속에선 요즘 이런 낯선 소리가 들려온다. 미국 우즈홀해양연구소(WHOI) 연구진이 바닷속에 설치한 수중 스피커에서 나는 소리다. 연구진은 몇 년 전부터 건강한 산호초에 사는 물고기와 딱총새우 무리 등이 내는 소리를 녹음해 망가진 산호초에 틀어주고 있다.새끼 산호는 바다를 떠다니다 마음에 드는 곳을 찾아 내려앉는다. 연구진은 이때 건강한 산호초의 소리가 새끼 산호를 불러 모으는 신호가 될 수 있다고 봤다. 이들은 “실제로 2022년 버진아일랜드 실험에서 소리를 들려준 곳의 새끼 산호 정착률이 그렇지 않은 곳보다 평균 1.7배 높았다”면서 “앞으로 더욱 다양한 지역에 더 많은 스피커를 설치해 새끼 산...,https://n.news.naver.com/article/newspaper/023/0004002686?date=20261008,업계,0.014004170337681303,
한국경제,"교육혁신 강한 포스텍…우수 교수엔 10억 정착비, 학생엔 진로탐색 지원금","교육혁신 부문 서울대 이어 2위1인당 SCI급 논문 수 서울대 제쳐KAIST, 딥테크 기업 59곳 배출지난해 학계에서는 수도권 명문대 교수들의 ‘포항행’이 화제가 됐다. 이남윤 고려대 전기전자공학부 교수와 조철현 서울대 수리과학부 교수 등이 포스텍으로 자리를 옮기면서다.포스텍은 우수 교원에게 파격적인 지원을 하는 대학 중 하나다. 우수한 학자를 유치하기 위해 분야에 따라 최대 10억원의 초기 정착비를 지원한다. 우수한 인재풀과 최신 장비, ‘맞춤형 행정 지원 시스템’으로 연구에만 집중할 수 있는 환경을 조성해준다. 그 결과 올해는 융합바이오 분야 석학인 루크 리 하버드대 의대 석좌교수를 영입하는 데 성공했다.‘2026 INUE·한경 대학평가’에서 포스텍이 종합 5위에 올랐다. 국내 이공계특성화대학 가운데 가...",https://n.news.naver.com/article/newspaper/015/0005340250?date=20261008,업계,0.01384946289269025,
한국경제,[취재수첩] '회사 흠집내기' 몰두하는 삼성바이오 노조,'회사 불안하다' 주장하며 여론전고객 신뢰 잃으면 조합원이 피해양병훈 바이오헬스부 기자“조합원은 이미 1차 파업으로 임금 손실을 감수했는데 이후 제대로 보상받은 게 없다. 그런데 이번에 또 파업하라고?”삼성바이오로직스 직원이 모이는 익명 온라인 커뮤니티에 최근 올라온 글이다. 노동조합이 ‘오는 26일부터 3주간 2차 파업을 한다’는 방침을 낸 것과 관련해 한 직원이 ‘무책임하다’는 내용의 비판 글을 올린 것이다. 이 회사의 한 직원은 “이 커뮤니티에는 노조를 지지하는 글이 올라오는 게 일반적이지만 최근에는 노조를 비판하는 목소리가 적지 않다”고 분위기를 전했다. 이 커뮤니티에 글을 올린 또 다른 직원은 “친노동 성향인 현 정부의 노동위원회가 우리 회사 노사 협상을 조정하다가 손 털고 나갔을 정도”라며 “회사...,https://n.news.naver.com/article/newspaper/015/0005340339?date=20261008,업계,0.013585705028897454,
매일경제,"거래소 ""시가총액 따른 상장폐지 일단 유예""","거래정지된 기업 반발에법원도 가처분 인용하자상폐 절차 유예 방침 밝혀기존 거래정지 기업 8곳은거래정지 처분 이어가기로한국거래소가 시가총액에 따른 상장폐지 절차를 일단 유예하기로 했다고 7일 밝혔다. 지난 2일 법원에서 상장폐지결정 효력정지 등 가처분 신청이 인용된 데 따른 후속 조치다.한국거래소는 ""관리종목 지정 후 후속 상장폐지 절차는 지난 2일부터 진행하지 않고 있고 향후에도 유예할 계획""이라며 ""유사 분쟁 확산에 따른 기업·투자자의 불확실성 증대 가능성을 고려한 것""이라고 이날 밝혔다. 이번 발표에 따라 새롭게 시가총액 기준에 미달하는 기업은 관리종목으로 지정될 수 있지만 곧바로 퇴출 절차까지 이어지지는 않게 됐다.다만 지난 2일 이전에 시가총액 미달로 상장폐지가 결정돼 거래가 정지 중인 법인 8곳에 ...",https://n.news.naver.com/article/newspaper/009/0005745501?date=20261008,경영,0.01344701282809657,
매일경제,개미 돌아오나…하닉·마이크론 다시 사들인다,반도체 실적시즌 개막하닉 중심 1천억 넘게 사들여자사주 매수 공백 메울지 주목서학개미도 반도체 중심 매수美주식 보유액 2천억달러 회복지난달 국내 증시에서 거센 매도세를 이어가던 개인투자자들이 최근 반도체주를 중심으로 순매수세로 돌아설 조짐이다. 반도체 기업 실적 공개 시즌을 앞두고 실적 기대감에 기반해 투자심리가 되살아날지 관심이 쏠린다. 서학개미들 역시 반도체주를 중심으로 주식 매수세를 강화하는 모습이다.7일 한국거래소에 따르면 개인투자자들이 이달 들어 코스피에서 1052억원어치를 순매수한 것으로 나타났다. 아직까지 순매수 규모는 미미하지만 지난달 총 14조1970억원을 팔아치운 것과 대비할 때 변화 조짐이 엿보인다.반도체 '팔자' 행진도 일단 숨 고르기에 들어간 양상이다. 같은 기간 개인은 삼성전자를 5...,https://n.news.naver.com/article/newspaper/009/0005745502?date=20261008,경영,0.01316149278829253,
조선일보,[부음] 신경도 별세 외,"▲신경도별세,지선희남편상,신창주·신윤정아시아나항공 차장·신혜영부친상,이성춘여수좌수영요양병원 원장·김승현중앙일보 논설위원·조장호한국전기안전공사 부장 장인상=6일20시30분 전남광주 여천장례식장, 발인 8일9시30분, (061)685-4444▲유복모연세대 명예교수 별세,최연순남편상,유훈셀리콘바이오 대표 부친상=6일18시 신촌세브란스병원, 발인 9일8시, (02)2227-7500▲유순노별세=7일6시50분 서울의료원, 발인 9일4시30분, (02)2276-7671▲윤영배별세,유현숙남편상,윤택근·윤신근·윤동근부친상,김정미·허명자시부상=6일17시44분 신촌세브란스병원, 발인 9일7시40분, (02)2227-7500▲이금선별세,조성길스트리미 이사 모친상=7일6시59분 경북 안동병원, 발인 9일11시30분, (054)84...",https://n.news.naver.com/article/newspaper/023/0004002695?date=20261008,업계,0.012702923860909923,
동아일보,"전문성이냐, 정무능력이냐… 인천공항公 사장 3파전","박남춘-김문권-김상도 인사 검증정부, 이르면 내달중 신임 사장 선임7개월 넘게 공석인 인천국제공항공사 사장 후보가 박남춘 전 인천시장, 김문권 전 이스타항공 대표, 김상도 전 국토교통부 항공정책실장 등 3명으로 압축된 것으로 알려졌다. 정치인과 항공사 경영인, 항공 관료 출신이 맞붙은 가운데 ‘항공 전문성’과 ‘정무 능력’ 중 어디에 무게를 둘지 관심이 쏠리고 있다.7일 항공업계 등에 따르면 인천국제공항공사는 최근 신임 사장 후보 3명을 정부에 추천해 인사 검증 절차에 들어갔다. 박 전 시장은 행정고시 출신으로 해양수산부와 대통령인사수석비서관, 국회의원, 인천시장을 거쳤다. 김 전 대표는 행정안전부·국토부 장관 정책보좌관을 거쳤고, 대한항공을 비롯해 에어프레미아 대외담당 상무와 이스타항공 대표 등을 역임했다...",https://n.news.naver.com/article/newspaper/020/0003753490?date=20261008,경영,0.012595225294974529,
매일경제,SK에너지·HD현대오일뱅크 … 공정위 '44조 담합' 심의 시작,공정거래위원회가 SK에너지와 HD현대오일뱅크의 석유류 담합 혐의에 제재 의견을 담은 심사보고서를 송부했다고 7일 밝혔다. 약 4년간 휘발유·경유·등유 등 판매가격에 대한 정보를 교환하며 중동 전쟁 발발 이후 판매가격을 담합한 혐의다. 심사보고서가 송부되고 위원회에 제출되면 심의 절차가 시작됐다는 뜻이다.공정위는 담합으로 영향을 받은 관련 매출액을 약 44조원으로 추산했다. 공정위는 방어권 보장 절차가 끝나는 대로 최대한 신속하게 위원회를 열어 최종 판단을 내린다는 방침이다.[김희수 기자]...,https://n.news.naver.com/article/newspaper/009/0005745587?date=20261008,기타,0.012309016458782745,
매일경제,어린이집·학교서도…취업후 성범죄 숨기면 '깜깜이',"지난해 95건 뒤늦게 적발채용할 때만 범죄 기록 조회취업한 뒤 성범죄 저질렀다면年 1회 기관 점검까지 몰라어린 자녀 둔 학부모 우려커져""실시간 통보 체계 구축해야""警도 검증 허점…개선 논의어린이집과 경비업체 등 성범죄자 취업이 제한되는 기관에서도 직원이 취업 후 성범죄를 저지를 경우 즉각 파악하기 어려운 것으로 나타났다. 당사자가 범죄사실을 숨기면 관계기관의 정기점검 전까지 길게는 1년 동안 성범죄자가 취업제한 대상 업무를 맡는 상황이 벌어질 수 있다는 것이다.7일 관련 업계에 따르면 한국전력공사의 경비업무 관련 자회사인 한전FMS는 최근 성범죄를 저지른 경비 직원 A씨를 해임했다. 그러나 회사 측은 A씨가 언제 범죄를 저질러 유죄 판결을 받았는지, 이후 얼마나 오랜 기간 경비업무를 계속했는지조차 정확히 파...",https://n.news.naver.com/article/newspaper/009/0005745489?date=20261008,기타,0.012287201698449945,
한국경제,[포토] ‘쏘나타 디 엣지’ 출시,현대자동차가 중형 세단 쏘나타의 연식 변경 모델 ‘2027 쏘나타 디 엣지’를 7일 출시했다. 판매가격은 하이브리드 모델 기준 세제 혜택 적용 후 3328만원부터 시작한다. 사진은 2027 쏘나타 디 엣지에 블랙 외장 디자인 요소를 적용한 ‘블랙 N 라인’.현대차 제공...,https://n.news.naver.com/article/newspaper/015/0005340277?date=20261008,기타,0.011927811259427438,
중앙일보,"“제2의 홍콩 될 수 없다”…美·中 사이 줄타기 운명, 라이칭더","중국인데, 중국이 아닌 국가가 있다. 공식 국호는 중화민국(中華民國). 일반에게 친숙한 이름으로는 대만이다.중국은 각국 정부·기관이 대만을 어떻게 부르고, 대하는지를 두고 압박을 가하는 식으로 대만의 국제 활동을 옥좼다. 군사훈련으로도 대만을 수시로 압박한다. 반면 미국은 대만을 중국의 태평양 진출을 견제하는 핵심 전략 거점으로 여긴다.이런 대만을 이끄는 인물이 라이칭더(賴淸德) 총통이다. 그는 ‘하나의 중국’을 주장하는 중국에 맞서 “대만을 제2의 홍콩으로 만들 수 없다. 중국으로부터 독립해야 한다”고 주장한다.라이칭더는 성공 스토리의 전형, ‘가난한 집안의 수재’였다. 1959년 광부의 아들로 태어나 홀어머니 밑에서 자랐다. 1978년 명문 국립대만대 의대에 입학해 물리치료·재활의학을 공부했다. 미국 하...",https://n.news.naver.com/article/newspaper/025/0003556510?date=20261008,경영,0.011523909859302612,
동아일보,[사설]“환태평양 경제협정 재검토”… 농민 눈치에 또 도돌이표인가,"이재명 대통령이 6일 국무회의에서 포괄적·점진적 환태평양경제동반자협정(CPTPP) 가입 논의에 대해 “결론을 정해놓고 서두르지 말고 원점에서 다시 대화를 시작해 보라”고 지시했다. 8월 말 대외경제장관회의를 거쳐 공론화 작업에 착수한 지 두 달도 채 안 돼 처음으로 일을 되돌린 것이다.최근까지 정부는 CPTPP 가입을 준비하며 농어촌 피해는 꼼꼼히 챙기겠다는 방침이었다. 지난달 29일 이 대통령은 “한국은 무역에 의존하는 개방형 통상 국가이기 때문에 수출시장 확대를 위해 자유무역협정(FTA)이 불가피하다”고 했다. 시장 개방으로 이익을 보는 측에서 손실을 입는 측을 십시일반으로 지원하면 된다며, 1조 원 규모의 농어촌 상생협력기금 확충안도 거론했다. 그랬던 정부가 돌연 입장을 선회한 것이다. 최근 정부의 농...",https://n.news.naver.com/article/newspaper/020/0003753486?date=20261008,경영,0.01150184219844451,
매일경제,'선박왕' 밀린 세금 4000억 결국 받아냈다,"국세청, 사상 최대 체납액 징수'선박왕'으로 불리는 개인 고액 체납자 1위 권혁 시도그룹 회장이 4000억원에 달하는 밀린 세금을 낸다. 국세청 역사상 가장 큰 체납액 납부로, '고액체납 특별대응 태스크포스'(TF) 설치, 해외 과세 당국과 정보 공조 등에 따른 성과로 평가된다.7일 임광현 국세청장은 정부세종청사에서 브리핑을 열고 ""권 회장이 15년 만에 개인 체납액 3938억원을 전액 완납하기로 했다""고 밝혔다. 권 회장은 2011년 종합소득세가 고지된 이후 국내 비거주자라고 주장하며 세금을 납부하지 않았다.하지만 권 회장은 국세청의 해외 은닉재산 추적에 따른 압박이 이어지는 상황에서 국내 사업을 계속하기 위해 체납액을 납부하기로 했다. 권 회장은 지난 7월 말 현금 1000억원을 납부했고, 남은 체납액은...",https://n.news.naver.com/article/newspaper/009/0005745508?date=20261008,기타,0.01139096328293299,
한국경제,동두천·통영·부산 금정…인구감소지역 추가 지정,"92곳으로 5년 전보다 3곳 늘어정부가 부산 금정구와 경기 동두천시, 경남 통영시를 인구감소지역으로 새로 지정했다. 여건이 개선된 전남광주 영광군과 부산 동구, 대구 서구는 ‘인구활력플러스(+)지역’으로 분류하되 5년간 기존 지원을 유지하기로 했다.윤호중 행정안전부 장관은 7일 정부서울청사에서 이 같은 내용의 인구감소지역 재지정 결과를 발표했다. 인구감소지역 지정은 소멸이 우려되는 시·군·구에 지방소멸대응기금과 행정·재정적 특례, 중앙부처 지원사업 등을 연계해 정주 여건 개선과 지역 활력 회복을 돕는 제도다.인구감소지역은 89곳에서 92곳으로 늘었다. 2021년 첫 지정 이후 5년 만이다. 인구 감소 우려가 큰 인구감소관심지역은 18곳을 유지한다. 금정, 동두천, 통영이 관심지역에서 감소지역으로 편입됐고 부...",https://n.news.naver.com/article/newspaper/015/0005340224?date=20261008,경영,0.011115179613145936,
매일경제,집단소송 움직임 … 사이버보험은 日 250분의1,"신한銀 피해자 소송 원고 모집경찰, 공격에 사용된 IP 분석상당수 우회접속 등 '세탁용'사상 초유의 인공지능(AI) 활용 금융사 해킹 사태와 관련해 피해자들의 손해배상 공동소송 움직임이 본격화하고 있다. 다수 금융사에서 사고가 잇따른 만큼 소송이 금융권 전반으로 확산할 수 있다는 관측이 나온다. 해킹 사고가 금융사의 직접적인 배상 책임으로 이어질 가능성이 커지는 가운데 국내 기업의 사이버보험 가입은 여전히 지지부진한 것으로 나타났다.7일 법조계에 따르면 법무법인 세담은 신한은행 개인정보 유출 피해자를 대상으로 공동소송 원고를 모집하고 있다. 신한은행 홈페이지 조회나 은행 측 통지를 통해 개인정보 유출 사실이 확인된 피해자가 대상이다. KB국민은행, 하나은행, BNK부산은행, 예가람저축은행, 웰컴저축은행 등에...",https://n.news.naver.com/article/newspaper/009/0005745529?date=20261008,기타,0.011088843478969063,
동아일보,"72가지 경기 무형유산, 가평서 한판 벌인다","28회 무형유산 대축제 16일 개막경기도는 16일부터 18일까지 가평문화예술회관에서 ‘제28회 경기도 무형유산 대축제’를 연다고 7일 밝혔다.축제에서는 이천거북놀이와 경기검무, 경기송서율창, 양주농악, 퇴계원산대놀이 등 경기도 무형유산 공연을 실내외 무대에서 선보인다. 전시장에는 작고한 무형유산 보유자들의 작품과 사진, 영상, 악기 등을 모은 ‘기억공간’을 마련한다. 선대 장인과 예인의 삶과 발자취를 돌아볼 수 있는 공간이다. 전승교육사들의 작품을 소개하는 ‘미래전’에서는 전통기술이 현재의 전승자를 거쳐 다음 세대로 이어지는 모습을 보여준다.폴란드 돌노실롱스키에주의 전통문화를 소개하는 국제교류 프로그램도 열린다. 폴란드 남서부에 있는 돌노실롱스키에는 전통 공예와 문화유산이 발달한 곳이다. 이 지역 레그니차의...",https://n.news.naver.com/article/newspaper/020/0003753526?date=20261008,기타,0.01105098156724997,
매일경제,"""3년내 美 부채위기 터질것"" … '월가 전설' 달리오 또 경고","""큰손 日·中, 미국채 보유 줄여나도 매도 포지션 유지"" 고백40조달러를 돌파한 미국 국가 부채에 대한 우려로 최근 국채 금리가 치솟은 가운데 세계 최대 헤지펀드 브리지워터 창립자인 레이 달리오(사진)가 3년 내 미국에 부채 위기가 올 것이라고 거듭 경고했다.6일(현지시간) 달리오 창립자는 블룸버그TV에서 ""미국 국채의 3분의 1을 외국 자본에 의존하고 상당량이 일본과 중국에서 유입된다""고 지적했다. 이어 ""일본과 중국은 이미 보유량을 줄이고 있다""고 강조했다. 세계 최대 미국 국채 보유국인 일본은 올해 7월 현재 1조1039억달러 규모를 갖고 있다. 1년 전 1조1554억달러보다 줄었다. 중국 역시 6956억달러에서 6180억달러로 감소했다.달리오 창립자는 ""중국인들은 경제뿐만 아니라 지정학적 문제로 미국...",https://n.news.naver.com/article/newspaper/009/0005745496?date=20261008,경영,0.01092944022652076,
동아일보,"[침몰선 떠오르다]외교부 “곤론마루, 韓日 의제로 제기할 것”",〈7〉 국회서 다뤄진 사건국감서 사건 방치-대응 미흡 지적조현 장관 “공식 논의 하겠다” 밝혀해운대 장산에선 희생자 추모제… 국내외 후손-종교계 150명 참석1943년 10월 일본 후쿠오카 인근 해역에서 580여 명이 숨진 곤론마루호 침몰 사건과 관련해 외교부가 이 사건을 일본 측과 공식 논의하겠다는 뜻을 밝혔다.조현 외교부 장관은 6일 국회 외교통일위원회 국정감사에서 곤론마루호 진상 규명 문제를 다음 한일 외교장관회의에서 공식 의제로 제기하겠느냐는 더불어민주당 이재강 의원의 질의에 “그렇게 하겠다”고 답했다. 조 장관은 그러면서 “일본 측과 대화를 시작했다”며 “사실관계와 관련 정보를 받아낼 수 있도록 계속 노력하겠다”고 밝혔다.조 장관의 답변은 그간 외교부의 대응이 미흡했다는 이 의원의 지적에 답변하는 ...,https://n.news.naver.com/article/newspaper/020/0003753539?date=20261008,기타,0.010894797035375173,
동아일보,[대구판/게시판]대구 外,"〈알림〉 대구 □전통주 전문 박람회―2026 대한민국 백주대간, 대한민국 술 종주 프로젝트=9∼11일 오전 10시∼오후 5시 엑스코 서관. 전통주와 탁주 양주 과실주 등 150여개사 200부스. 행사 기간 매일 500개 시그니처 시음잔 제공 이벤트 등. 동인전람.□2026 대구대박세일―전통시장에서 장보고 온누리상품권 받자=12일부터 온누리상품권 소진시까지. 3만 원 이상 구매 시 5천 원 권, 5만 원 이상 구매 시 1만 원 권 지류형 온누리상품권 환급. 대구시 관내 전통시장 76개소. 대구시 민생경제과.구미 □학부모와 함께하는 렉처 콘서트―AI 시대의 변화, 문화예술교육의 힘=13일 오후 7∼9시 강동문화회관. 전문가 특강, 챔버앙상블·뮤지컬·반도네온이 함께하는 해설이 있는 콘서트. 구미시통합예약시스템 선...",https://n.news.naver.com/article/newspaper/020/0003753544?date=20261008,경영,0.010866505184228256,
동아일보,한줄로 엮인 첩보와 마법… Mission Possible,"파라마운트, 워너브러더스 147조원 인수미디어 공룡 ‘스카이댄스’ 출범CNN-CBS 등 방송사도 거느려엘리슨 CEO ‘친트럼프’ 우려도영화 ‘미션 임파서블’로 유명한 파라마운트스카이댄스(파라마운트)가 ‘해리 포터’ 시리즈로 유명한 워너브러더스디스커버리(워너브러더스)를 인수합병해 6일(현지 시간) 스카이댄스라는 새 회사로 태어났다고 로이터통신 등이 보도했다. 약 1100억 달러(약 147조 원)에 이르는 이번 합병으로 두 유명 영화사, CNN과 CBS 같은 방송사 등을 거느린 거대 미디어 기업이 탄생한 것이다. ‘배트맨’, ‘왕좌의 게임’, ‘스타트랙’, ‘탑건’ 등 할리우드의 유명 콘텐츠 또한 스카이댄스의 소유가 됐다.스카이댄스의 공동 수장은 파라마운트의 최고경영자(CEO)인 데이비드 엘리슨과 완구회사 마텔...",https://n.news.naver.com/article/newspaper/020/0003753494?date=20261008,경영,0.010627135156361392,
매일경제,"'거울상 분자' 비밀 밝혔다 …""100년 화학계 난제 해결""","佛 카강·日 소아이 공동수상좌우 비슷한 '거울상 분자'서비대칭이 한쪽으로 증폭되는비선형 효과·자기촉매 규명의약품·신소재 정밀합성 기여일본, 2년 연속 수상자 배출올해 노벨화학상은 좌우가 비슷한 '거울상 분자'에서 원하는 한쪽만 선택적으로 증폭·생성하는 '비대칭 유기합성'의 원리를 개척한 과학자 2명에게 돌아갔다. 거울상 분자의 비대칭 특성을 이용해 의약품 등을 정밀합성하는 길을 열었다는 평가다.스웨덴 왕립과학원 노벨위원회는 7일(현지시간) 2026년 노벨화학상 수상자로 앙리 카강 프랑스 파리쉬드대 교수(95)와 소아이 겐소 일본 도쿄이과대 교수(76)를 선정했다고 밝혔다. 비대칭 유기합성 과정에서 나타나는 비선형 효과와 자기촉매 작용을 발견한 공로가 선정 사유다. 하이너 링케 노벨화학위원회 위원장은 ""'호모...",https://n.news.naver.com/article/newspaper/009/0005745619?date=20261008,업계,0.010586446988917116,
한국경제,"여야 ""농지 전수조사 보완·중단을""…송미령 ""투기용 조사로 대체 검토""","농해수위 국감국회 농림축산식품해양수산위원회 소속 여야 의원이 농지 전수조사를 보완하거나 중단해야 한다고 한목소리를 냈다. 송미령 농림축산식품부 장관(사진)은 전수조사를 비경작 농지와 수도권 투기용 농지 중심으로 대체하는 방안을 살펴보겠다고 했다.강승규 국민의힘 의원은 7일 열린 농림축산식품부 국정감사에서 “(정부가) 투기 세력을 잡겠다고 농민을 단속·처벌 대상으로 삼은 것은 빈대 잡겠다고 초가삼간을 태우는 일”이라고 말했다. 문대림 더불어민주당 의원도 “농촌에선 투기단속, 처분명령, 이행강제금 이 세 용어만 돌아다니고 있다”고 지적했다.이개호 민주당 의원은 비경작 농지와 수도권 투기용 농지 중심으로 조사 방향을 바꾸자고 제안했다. 이에 송 장관은 “살펴보겠다”고 답했다.이양수 국민의힘 의원은 “지난 2월 이...",https://n.news.naver.com/article/newspaper/015/0005340258?date=20261008,업계,0.010576252628588655,
매일경제,콘텐츠부터 커머스까지 … 숏폼 판 키우죠,"차재승 윗유 대표크리에이터로 숏폼 기업 설립창업 7년차 매출 600억 육박구글·메타·틱톡 공식 파트너10만건 넘는 콘텐츠 만들어지하철에서, 엘리베이터 안에서, 아무 생각 없이 시간을 보내고 싶을 때, 상당수 사람들은 스마트폰 화면을 밀어 올린다. 유튜브 숏츠, 인스타그램 릴스, 틱톡 등 사회관계망서비스(SNS)의 짧고 강렬한 영상들이 0.1초 만에 눈길을 사로잡는다.숏폼 마케팅 기업 윗유는 현대인의 일상을 파고든 숏폼 콘텐츠를 기획하고, 숏폼을 만드는 크리에이터를 육성한다. 국내에서는 유일하게 구글 애즈와 메타, 틱톡 등 글로벌 3대 숏폼 미디어의 공식 파트너사이기도 하다. 6년간 1만개 브랜드 홍보 콘텐츠와 10만건 이상의 제휴 콘텐츠가 이곳에서 제작됐다.최근 서울 강남구 선릉로에 위치한 윗유 본사에서 만...",https://n.news.naver.com/article/newspaper/009/0005745433?date=20261008,기타,0.010573816038845713,
매일경제,"HD현대, 설계·건조부터 기술이전까지 … K함정 글로벌 영토 확장","HD현대중공업이 50여 년간 축적한 함정 건조 기술력을 앞세워 글로벌 방산시장 공략에 속도를 내고 있다. 국내 최고 수준의 이지스구축함 설계·건조 역량을 기반으로 필리핀과 페루 등에서 수출 실적을 확대하는 동시에 현지 공동 생산과 기술이전, 미국과의 조선 협력까지 사업 영역을 넓히고 있다. 단순히 국내에서 함정을 건조해 수출하는 방식을 넘어 현지 조선소와 공동개발·생산하는 방식으로 사업 모델을 고도화하며 글로벌 함정 시장에서 입지를 강화하는 모습이다.HD현대중공업은 1976년 대한민국 최초 국산 전투함인 울산함 연구개발을 시작으로 국내 함정 산업의 성장을 이끌어왔다. 울산급 호위함(Batch-Ⅰ·Ⅱ·Ⅲ)을 모두 건조했으며 스텔스 기법이 적용된 4400t급 구축함도 건조했다. 2007년에는 세계에서 세 번째로...",https://n.news.naver.com/article/newspaper/009/0005745374?date=20261008,경영,0.010260922129999772,
한국경제,"""정부가 달러 환전 제한"" 가짜뉴스 첫 유포자 잡혔다","경찰, 6개월간 11명 피의자 입건'달러 강제매각' 작성자는 못찾아정부가 개인의 달러 환전을 제한할 예정이라는 가짜뉴스를 유포한 30대 코인 투자 홍보업자가 경찰에 붙잡혔다. 지난 4월 정부의 달러 강제 매각설과 관련한 가짜뉴스 적발 피의자는 모두 11명으로 늘었다.경기남부경찰청 사이버수사과는 전기통신기본법 위반 혐의로 A씨 등 2명을 불구속 입건해 조사하고 있다고 7일 밝혔다. A씨는 지난 3~4월 자신의 SNS에 “4대 시중은행이 개인의 달러 환전을 월 1만달러, 연 3만달러로 제한하기로 했다”는 취지의 허위 게시글을 처음 작성해 유포한 혐의를 받는다. A씨는 암호화폐 등 투자 상품을 홍보하고 SNS 광고 등을 통해 수익을 올리는 프리랜서로 조사됐다.경찰은 A씨가 자신의 SNS 이용자를 끌어모으기 위해 ...",https://n.news.naver.com/article/newspaper/015/0005340223?date=20261008,경영,0.010234563494205807,
매일경제,[매경춘추] 다섯 번째 떼어냄,"요즘 나는 인공지능(AI)과 마주 앉아 책을 쓴다. 문헌을 뒤지고 사실을 확인하고 초고를 다듬는 일을, 그것은 놀랄 만큼 빠르고 꼼꼼하게 해낸다. 처음에는 편리했고, 다음에는 놀라웠고, 어느 날 문득 서늘해졌다. 평생 내 일이라 여겨온 것의 절반이 어느새 저쪽으로 건너가 있었던 것이다. 내 문장인데도 내 손보다 먼저 완성되는 순간이 낯설었다.이 연재에서 나는 인류의 큰 혁신을 '떼어냄'의 역사로 읽어왔다. 몸 안의 에너지를 떼어내 불에 맡겼고, 다리의 수고를 떼어내 바퀴에 실었고, 머릿속의 기억을 떼어내 문자에 새겼고, 마음속의 신뢰를 떼어내 화폐에 담았다. 네 번의 떼어냄은 저마다 문명을 한 단씩 밀어 올렸다.떼어낼 때마다 사람은 작아지지 않고 오히려 커졌다. 덜어낸 자리에 남는 힘으로 더 멀리 가고 더 ...",https://n.news.naver.com/article/newspaper/009/0005745438?date=20261008,경영,0.010206783151165874,
한국경제,코스닥 액티브 ETF '고공행진'…반도체 소부장주 편입해 수익,"주성엔지니어링·심텍 등 강세'TIME코스닥' 저점대비 90%↑한국경제신문의 투자 전문 유료 플랫폼'한경 프리미엄9'(www.hankyung.com/premium9)에 실린 기사입니다.'한경 프리미엄9'을 구독하시면 더 많은 주식 투자 기사를 찾아볼 수 있습니다.지난 7월 말 저점을 찍은 코스닥 액티브 상장지수펀드(ETF)가 최근 반도체 소재·부품·장비(소부장) 업체의 주가 오름세에 힘입어 가파른 수익률 상승 곡선을 그리고 있다.7일 ETF체크에 따르면 ‘DS코스닥액티브’는 3.38% 하락한 1만2445원에 장을 마쳤다. 전날 1만2880원으로 오르며 상장(7월 15일) 이후 최고가를 기록했다.DS코스닥액티브는 심텍, 샘씨엔에스, 이오테크닉스, 디케이티, 리노공업 등 주로 반도체 소부장 종목에 투자하는 액티브...",https://n.news.naver.com/article/newspaper/015/0005340190?date=20261008,업계,0.010086112440077972,
조선일보,"K방산 4社, 미래 먹거리 ‘우주’로 방향 잡았다","본격적으로 사업 영역 확장 나서7일 낮 12시 25분 전남 고흥 나로우주센터에서 발사된 누리호 5호기가 목표 궤도에 도착해 초소형군집위성 네온샛 5기를 성공적으로 투입하자, 누리호 발사통제센터(LCC)에서 박수가 터져 나왔다. 누리호 발사 전 과정을 제어하는 발사통제센터에는 이날 한화에어로스페이스 직원 23명이 투입됐다. 한국항공우주연구원(항우연)은 이번엔 관리·감독 역할로 물러났다. 누리호 4차 발사 때 한화에어로를 체계종합기관으로 선정해 제작을 맡긴 데 이어 이제 발사 운전대까지 민간에 넘긴 것이다.업계에서는 “민간 주도 우주 사업 시대가 열린 것을 보여준 상징적인 장면”이라는 얘기가 나왔다. 국내 300여 기업이 참여한 누리호 5호기 제작·발사에는 방산업계의 역할이 특히 컸다. 한화에어로가 75t급 액...",https://n.news.naver.com/article/newspaper/023/0004002665?date=20261008,경영,0.009803757578916324,
매일경제,"""우리 글꼴 마음껏 쓰세요"" HS효성체 무료배포","HS효성이 한글날 제정 100주년을 맞아 전용 서체인 'HS효성체'(사진)를 무료 배포한다.7일 HS효성은 회사 홈페이지를 통해 'HS효성체'를 무료 배포한다고 밝혔다. 'HS효성체'는 2024년 7월 HS효성이 새롭게 출범하며 선보인 전용 서체다.서체 배포는 임직원 소통을 거쳐 결정됐다. 한 직원이 사내 게시판에 ""무료 배포해 많은 사람이 활용할 수 있으면 좋겠다""고 제안한 것이 계기가 됐다. HS효성 브랜드팀 관계자는 ""이번 전용 서체 무료 배포는 HS효성의 '가치 또 같이'라는 가치경영의 의미를 함께 담고 있다""고 설명했다.[이진한 기자]...",https://n.news.naver.com/article/newspaper/009/0005745440?date=20261008,경영,0.009788273398749657,
한국경제,"""전·월세 해법으로 임대사업자 육성해야""","'2026 서울주거포럼' 전문가 토론다가구 등 비아파트 공급 늘려야전·월세 불안의 원인 중 하나로 임대주택 공급 주체를 시장에서 밀어낸 규제가 지목됐다. 전문가들은 다주택자와 기업형 임대사업자 관련 규제를 완화해야 임대차 시장을 안정시킬 수 있다고 지적했다.7일 업계에 따르면 서울시는 한국도시부동산학회, 한국부동산분석학회, 서울연구원과 공동으로 태평로 한국프레스센터에서 ‘2026 서울주거포럼’을 열고 전·월세 시장 현황과 안정화 방안을 논의했다.기조발제를 맡은 이창무 한양대 도시공학과 교수는 “월세, 전세, 매매가 모두 동반 급등하는 트리플 강세 시장이 유지되고 있다”며 “근본 원인은 공급 부족이지만 규제가 상승 강도를 더 높이고 있다”고 지적했다. 그는 “비아파트와 다가구 공급을 늘리려면 다주택자 규제 완...",https://n.news.naver.com/article/newspaper/015/0005340165?date=20261008,기타,0.009772286067527971,
매일경제,"고려아연, 안티모니 등 방산 소재 핵심광물 공급망 구축","고려아연이 핵심광물 공급망 안정화를 통해 자원안보의 최전선에 나서고 있다. 지정학적 갈등이 심화되면서 핵심광물이 첨단산업뿐 아니라 방위산업 경쟁력을 좌우하는 전략자산으로 부상한 가운데 국내 유일의 안티모니 생산을 비롯해 게르마늄·갈륨 등 핵심광물 생산 확대에 속도를 내고 있다. 미국에서도 대규모 통합제련소 구축을 추진하며 한미 경제안보 협력의 핵심 축으로 영역을 넓히고 있다온산제련소는 50여 년간 축적한 기술력과 운영 역량을 바탕으로 기초금속, 귀금속, 희소금속, 반도체 황산 등 20여 종의 비철금속·핵심광물을 연간 120만t 이상 생산하고 있다.고려아연은 세계적으로 지정학적 긴장이 고조되면서 더욱 주목받고 있다. 드론, 전투기, 미사일, 레이더, 야간투시장비 등 첨단무기는 전장의 판도를 바꾸는 게임체인저로...",https://n.news.naver.com/article/newspaper/009/0005745373?date=20261008,경영,0.009695140359674457,
매일경제,LG전자 - 애플 … '스마트홈' 동맹,"애플 플랫폼에 LG 기기 결합LG전자가 애플과 손잡고 스마트홈 시장 공략에 나선다. 애플이 구축하는 새로운 스마트홈 허브에 LG전자가 핵심 하드웨어 파트너로 참여하는 방식이다. 스마트홈 시장에서 구글, 아마존에 다소 밀리는 모습을 보이던 애플이 LG전자와 손잡고 승부수를 던진 것이라는 분석이 나온다.블룸버그는 6일(현지시간) ""애플이 LG전자와 다양한 스마트홈 기기를 공동 개발하고 있다""고 보도했다. 양사가 개발 중인 제품은 카메라가 탑재된 비디오 도어벨과 스마트 도어록, 실내·실외 보안카메라, 스마트 온도조절기 등 7종이다. 공동 개발한 제품에는 애플이 아닌 LG 브랜드가 붙는다. LG전자가 제조와 판매, 고객 지원을 직접 담당하는 것이다. 이 매체는 ""애플이 개발 단계부터 참여하며 제품 디자인과 기능 개...",https://n.news.naver.com/article/newspaper/009/0005745554?date=20261008,기타,0.009503848172593884,
조선일보,"中 딥시크, 16조원 투자 유치… 기업가치 100조원 평가받아","내년 초 기업공개도 추진중국 인공지능(AI) 기업 딥시크와 문샷AI가 대규모 투자 유치에 이어 내년 초 기업공개(IPO)를 추진한다. 저렴한 개방형 AI 모델로 미국 오픈AI·앤스로픽과 경쟁해 온 두 기업이 모델 개발과 서비스 운영, 인프라 확충에 필요한 자금을 외부 투자와 상장으로 확보하려는 모양새다.블룸버그는 6일 “딥시크가 최소 800억위안(약 16조원) 규모의 투자 유치를 곧 마무리할 예정”이라고 보도했다. 당초 목표는 500억위안(약 10조원)이었지만 최신 모델 ‘V4 플래시’ 공개 이후 투자 수요가 몰리면서 규모가 커졌다. 최종 유치액은 1000억위안(약 20조원)에 근접할 가능성도 있다. 최대 투자자 중엔 중국 빅테크인 텐센트와 세계 최대 배터리 기업 CATL도 있다.이번 투자에서 평가받은 기업...",https://n.news.naver.com/article/newspaper/023/0004002673?date=20261008,업계,0.00930283642529116,
동아일보,"APEC 열기 이어… 경주, 이번엔 ‘문화로 세계 연결’","오늘부터 이틀간 ‘세계경주포럼’25개국 모여 국제협력 방안 모색경북도는 8, 9일 경주 화백컨벤션센터(HICO·하이코)에서 ‘2026 세계경주포럼’을 연다. 문화체육관광부가 주최하고 경북도와 경주시, 한국국제문화교류진흥원이 공동 주관하는 포럼은 지난해 개최한 경주 아시아태평양경제협력체(APEC) 정상회의와 문화산업 고위급 대회의 성과를 이어가기 위해 마련했다. 첫 행사의 주제는 ‘글로벌 전환기, 문화가 이끄는 공동번영과 공동성장’으로 잡았다. APEC 회원국 등 25개국과 국내외 30여 개 대학이 참여해 문화 창조산업을 중심으로 국가, 지역, 세대, 산업을 아우르는 국제협력 방안을 모색한다.8일 개막식에서는 기조연설과 특별 대담회가 이어진다. 9일에는 문화 창조산업·청년과 지역·세계, 디지털·인공지능(AI)...",https://n.news.naver.com/article/newspaper/020/0003753545?date=20261008,경영,0.009197607988641974,
매일경제,韓기업 중동숙소 인근까지 후티 공습,"아직 사우디 교민 피해 없어친이란 예멘 후티 반군의 사우디아라비아 공격이 거세지면서 한국 기업들이 진출한 지역 인근까지 공습이 확대되고 있다. 6일(현지시간) 사우디 항공청은 전날 밤 예멘 국경과 가까운 자잔과 나지란 공항에서 두 차례 공격으로 3명이 다치고 물적 피해가 발생했다고 밝혔다. 후티 반군 대변인 야히야 사리 준장 또한 성명을 통해 리야드 킹칼리드 국제공항과 홍해 연안 도시 라빅의 아람코 정유시설 등을 공격했다고 밝혔다.라빅은 한국 기업들이 진출한 대표 도시다. 사우디 국영석유기업 아람코가 운영하는 '페트로 라빅' 석유화학단지를 2010년대 GS건설이 건설했고, 한국전력도 1200㎿ 규모 중유 화력발전 사업을 수주·운영했다.최근에는 현대자동차가 라빅에서 남쪽으로 약 40㎞ 떨어진 킹살만 자동차 산...",https://n.news.naver.com/article/newspaper/009/0005745494?date=20261008,업계,0.009036287947050423,
매일경제,5060 집 살 때 변동금리 대출 '역주행',"금리인상기에 변동금리 몰려7개월새 비중 50%→80%대로지금 당장 낮은 금리에 쏠림변동형 금리, 반년마다 재산정금리 추가인상땐 부담 커질듯한국은행이 지난 7월과 8월 연이어 기준금리를 올린 가운데 지난 8월 50대와 60대 이상 차주가 새로 받은 주택담보대출(주담대)의 80% 이상이 변동금리형인 것으로 나타났다. 지난 1월 절반 안팎이던 비중이 불과 7개월 만에 80%대로 치솟았다. 당장 적용되는 금리가 상대적으로 낮은 변동형으로 수요가 몰린 것으로 풀이된다. 금리가 추가로 오르면 중장년층 상환 부담이 커져 주택 매수 여력이 떨어지고 일부 고부채 차주의 매도 압력으로 이어질 수 있다는 분석도 나온다.7일 매일경제가 국회 정무위원회 소속 손명수 더불어민주당 의원실을 통해 금융감독원에서 받은 자료에 따르면 신한...",https://n.news.naver.com/article/newspaper/009/0005745461?date=20261008,경영,0.008946681131692398,
매일경제,타이어 넘어 종합서비스 제공 … 원스톱 매장 100곳으로 확대,"미셸 주 미쉐린코리아 대표""지난 1년간은 고객과 시장의 목소리를 듣는 데 가장 많은 시간을 투자했습니다. 이제 시장점유율을 좇기보다 더 나은 고객 경험과 혁신으로 업계를 선도하겠습니다.""취임 1주년을 맞은 미셸 주 미쉐린코리아 대표는 최근 매일경제와의 인터뷰에서 새로운 성장 전략을 제시했다. 지난해 10월 미쉐린코리아 수장에 오른 그는 리테일 네트워크와 이커머스 강화로 고객 접점을 넓히는 동시에 인공지능(AI)과 복합소재 기술을 성장동력으로 키우겠다는 구상이다.주 대표가 취임 후 가장 먼저 집중한 것은 한국 시장과 소비자를 이해하는 일이었다.주 대표는 ""한국 시장과 고객의 요구를 이해하는 것이 무엇보다 중요하다고 생각했다""며 ""한국은 수입차 시장이 활성화돼 있고 더 나은 주행 경험을 위해 기꺼이 투자하는 프...",https://n.news.naver.com/article/newspaper/009/0005745526?date=20261008,업계,0.008557142309312765,
매일경제,비대면진료 환자 늘었는데 참여 병원 줄어,"비대면진료 본격시행 앞두고중첩 규제로 차질 운영 우려비대면진료를 이용하는 환자가 3년 새 50% 늘었지만 이를 받아줄 의료기관은 오히려 줄어든 것으로 나타났다. 공급 기반이 정체된 상황에서 정부가 병의원당 비대면 진료 비율과 초진 환자의 이용 지역, 처방 기간까지 일괄 제한하는 방안을 추진하면서 환자들의 진료 선택권이 크게 위축될 수 있다는 우려가 나온다.7일 국회 보건복지위원회 소속 허종식 더불어민주당 의원이 건강보험심사평가원에서 받은 자료에 따르면 비대면진료 시범사업 첫 달인 2023년 6월 15만7454명이었던 월간 이용 환자는 지난 4월 23만2463명으로 47.6% 증가했다. 반면 같은 기간 비대면진료에 참여한 의료기관은 5335곳에서 4939곳으로 7.4% 줄었다.공급망이 좁아진 상황에서 이용 수...",https://n.news.naver.com/article/newspaper/009/0005745435?date=20261008,기타,0.00845123260711466,
조선일보,"공화당 해결사로, 민주당 구원투수로… ‘두 앙숙’ 다시 맞붙었다","美 중간선거 D-26트럼프·오바마, 유세전 전면에3줄 요약ㆍ오바마와 트럼프의 미시간주 지원 유세 맞대결ㆍ오바마의 민주당 후보 지원 정치광고 24편 녹화ㆍ2011년 출생지 의혹 제기로 시작된 질긴 악연미국 민주당의 정신적 기둥인 버락 오바마 전 대통령이 내달 3일 중간선거를 열흘 앞둔 이달 24일 격전지로 꼽히는 미시간주(州) 디트로이트 유세 현장에 전면 등판한다. ‘미시간의 맘다니’로 불리는 급진 좌파 성향의 미시간주 연방 상원의원 후보 압둘 엘사예드를 지원하기 위한 유세다. 도널드 트럼프 미 대통령도 이즈음 미시간을 찾아 공화당 후보와 함께 무대에 서며 맞불을 놓을 예정이다. 미국 44대 대통령인 오바마와 45·47대 대통령인 트럼프가 중간선거를 앞두고 유세전 전면에 나서고 있다. ‘정치적 앙숙’ 관계인 ...",https://n.news.naver.com/article/newspaper/023/0004002707?date=20261008,경영,0.008235771192578595,
중앙일보,[시조가 있는 아침] (349) 흰 이슬 서리 되니,"흰 이슬 서리 되니신계영(1577∼1669)흰 이슬 서리 되니 가을이 늦어 있다긴 들 황운(黃雲)이 한빛이 피었고야아이야 빚은 술 걸러라 추흥(秋興) 겨워 하노라-선석유고(仙石遺稿)가을 정취에 젖다흰 이슬이 서리가 되니 가을이 깊어가네. 곡식이 무르익은 긴 들과 누른 구름이 한 빛으로 피어 있구나. 아이야, 빚은 술을 걸러라. 가을 흥에 겨워하노라.신계영(辛啟榮)은 1619년(광해군 11)에 병과로 급제한 뒤 병조좌랑과 예조좌랑을 지냈다. 1624년(인조 2)에는 통신사 정립의 종사관으로 일본을 방문해 도쿠가와의 집권을 축하했다. 그리고 임진왜란 때의 포로 146명을 데리고 귀국했다.그는 총 10수로 된 연시조 ‘전원사시가’를 남겼다. 제1수부터 제8수까지는 춘하추동 4계절을 노래했고, 제9수와 제10수는 ...",https://n.news.naver.com/article/newspaper/025/0003556453?date=20261008,기타,0.008149313578652862,
동아일보,[단독]고신용자 대출금리 0.8%P 오를때 저신용자는 1%P 떨어졌다,"포용금융 등 영향 금리격차 줄어… 일부 은행선 고저신용자 역전도“시장원칙 위배-주주 손해” 지적속“큰틀에선 경제전체 이득” 의견도당국 “신용평가체계 훼손 아니다”시장금리가 상승하는 가운데, 시중은행에서 고신용자의 신용대출 금리가 따라 오르는 동안 저신용자 금리는 오히려 내리면서 신용점수에 따른 금리 격차가 1년 새 크게 좁혀졌다. 일부 은행에서는 신용점수가 높은 차주가 오히려 더 높은 금리를 부담하는 역전 현상이 나타났다.중·저신용자의 이자 부담을 덜어주는 포용금융의 취지는 긍정적이지만, 자칫 신용도에 따라 금리를 달리 매기는 시장 원리가 약화되고 고신용자의 부담이 상대적으로 커질 수 있다는 지적도 나온다.7일 국회 정무위원회 소속 국민의힘 신동욱 의원이 금융감독원에서 받은 ‘신용점수 구간별 신규 신용대출 ...",https://n.news.naver.com/article/newspaper/020/0003753505?date=20261008,경영,0.00733627275841171,
매일경제,"KAI, KF-21 독자 개발이 보여줬다… 생태계와 전문기업 육성의 힘","올해 KF-21 보라매 개발 성공을 계기로 국내 항공 협력사를 분야별 전문기업으로 육성해야 한다는 목소리가 커지고 있다. 유럽 각국의 방산 재건 정책 강화 기조와 함께 글로벌 방산 선진국의 견제가 거세지는 가운데, K방산이 지속적인 경쟁력을 갖추려면 체계 기업과 협력사가 함께 성장하는 생태계를 다져야 한다는 취지다.7일 한국항공우주산업(KAI)은 KF-21 개발 성공의 배경으로 국내 협력사들과 함께 구축한 산업 생태계를 꼽았다. 수십만 개의 부품과 소재, 고도의 항전 장비가 결합되는 항공기 개발은 수백 개 협력업체의 협업 없이는 불가능하기 때문이다. KAI는 국산 기본훈련기 KT-1 웅비를 시작으로 초음속 고등훈련기 T-50, 다목적전투기 FA-50, 육군기동헬기 수리온(KUH-1), 소형무장헬기(LAH) ...",https://n.news.naver.com/article/newspaper/009/0005745368?date=20261008,기타,0.007305491918269361,
동아일보,"박찬대 “인천 저평가, 이제 제값 찾겠다”","취임 100일 ‘인천 리레이팅’ 선언AI-바이오 육성… 동서 물류축 구축취임 100일을 맞은 박찬대 인천시장(사진)은 수도권 규제와 접경지역이라는 이유로 낮게 평가돼 온 인천의 가치를 다시 끌어올리기 위한 ‘리레이팅(Rerating)’에 나서겠다고 7일 밝혔다.박 시장은 이날 시청에서 열린 ‘출범 100일 언론과의 대화’ 기조연설을 통해 ‘제값 찾는 인천’과 ‘함께 크는 대한민국’, ‘살맛 나는 시민’ 등 3가지 정책 방향을 발표했다. 또 2028년 주요 20개국(G20) 정상회의 유치와 한반도 동서평화물류고속도로 건설과 같은 대형 프로젝트를 추진하기로 했다.박 시장은 “인천은 공항과 항만, 바이오클러스터를 품은 명실상부한 ‘저평가 우량주’ 도시”라며 “수도권 규제와 남북 긴장의 그늘에서 깎여온 인천의 제값...",https://n.news.naver.com/article/newspaper/020/0003753535?date=20261008,업계,0.007264102133061828,
중앙일보,[인사] 한국한의학연구원 外,◆한국한의학연구원 ▶한의AI융합연구본부장 김철 ▶라이프사이언스연구본부장 도준형 ▶첨단바이오연구본부장 최고야 ▶정책기획본부장 송치은 ▶경영지원본부장 김기현◆한국은행 ▶금융시장국장 이대건 ▶국제국장 김신영...,https://n.news.naver.com/article/newspaper/025/0003556431?date=20261008,업계,0.007186994668579085,
한국경제,"""릴리와의 본계약 불발""…펩트론 주가 26% 급락","일라이릴리를 상대로 한 대형 기술수출 기대로 주목받던 펩트론이 후속 상업화 계약을 맺지 못한 채 플랫폼 기술평가를 마쳤다. 시장이 이를 본계약 불발로 받아들이면서 펩트론 주가는 애프터마켓에서 25.80% 급락했다.펩트론은 7일 정규장 마감 뒤인 오후 4시께 회사 홈페이지를 통해 “릴리와 진행해 온 스마트데포(SmartDepot) 플랫폼 기술평가 기간이 이날부로 종료됐다”며 “기술평가 기간 종료 시점에 후속 상업화 계약 체결이라는 결과를 함께 안내하지 못하게 된 점을 무겁게 받아들이고 있다”고 공지했다. 이어 “이번 기술평가 기간 종료는 해당 기술평가 계약에 따른 공동연구 및 평가 절차가 완료됐다는 의미이며, 향후 양사 간 사업화 협력 가능성의 종료를 의미하는 것은 아니다”면서도 “후속 협력의 구체적 방식과 ...",https://n.news.naver.com/article/newspaper/015/0005340295?date=20261008,경영,0.007186216535951056,
동아일보,민주당 법사위 의원들… “공수처 수사대상 줄여 판검사-경찰 전담해야”,"공수처, 대통령 제외에 “견제 퇴보”국회 법제사법위원회 소속 더불어민주당 의원들이 7일 고위공직자범죄수사처(공수처)의 수사 대상을 축소해 ‘사법 공직자’ 비위를 전담 통제하는 기관으로 개편해야 한다고 주장했다. 이들은 현행 공수처 수사 대상인 대통령과 국무총리, 국회의원 등을 제외하고 판사와 검사, 공소청 검사, 중대범죄수사청 수사관 등 사법 공직자로 바꾸는 개편안을 추진하고 있다. 반면, 공수처는 고위공무원에 대한 수사권 축소에 대해 “개혁이 아닌 퇴보로 평가될 수 있다”고 맞섰다.민주당 김기표 의원은 이날 국회에서 열린 ‘수사·기소 분리 시대, 공수처 기능 전면 개편 토론회’에서 “공수처는 일반 행정 공무원에 대한 수사 부담은 과감히 분산하고 판사, 검사와 경찰 등 사법시스템 공직자의 비위를 전담 통제하...",https://n.news.naver.com/article/newspaper/020/0003753578?date=20261008,기타,0.007184388633444713,
동아일보,iM금융 ‘CEO 오디션’… 회장 후보들 PT-토론,12월까지 독립이사들 후보 검증전문성-리더십-전략적 사고 살펴황병우 회장 연임 가능성도 거론iM금융그룹의 차기 회장 후보들이 향후 3년간 그룹을 어떻게 이끌지 직접 발표하고 토론하는 검증 과정을 거친다. 경력과 실적에 더해 미래 전략을 구체적으로 설명하는 능력까지 살피겠다는 취지다. iM뱅크의 시중은행 전환 이후 처음 진행되는 회장 인선에서 전국 영업 확대와 비은행 부문 경쟁력 강화를 이끌 청사진에 관심이 쏠리고 있다.iM금융지주 회장후보추천위원회(회추위)는 최근 차기 최고경영자(CEO) 선임을 위한 경영 승계 절차를 시작했다고 7일 밝혔다. 황병우 회장의 임기는 내년 3월까지다. 회추위는 이달 말 1차 후보군을 선정하고 다음 달 말 압축 후보군을 확정한 뒤 12월 중 최종 후보를 추천할 계획이다.● 경력·...,https://n.news.naver.com/article/newspaper/020/0003753546?date=20261008,경영,0.007178915734706474,
중앙일보,[사설] 외교관 비자까지 발목 잡는 한·미 관계 ‘초유의 위기’,"외교관 신분으로 주미 한국대사관 근무 발령이 난 국가정보원 직원들이 미국 입국 비자를 받지 못해 부임하지 못하고 있다는 보도가 나왔다. 정확한 이유는 공개되지 않고 있지만, 미국이 비자 발급을 거부함으로써 한국 정부에 불만을 표출한 것으로 여겨진다. 정보 협력을 담당할 직원들의 부임을 막는, 적대국 사이에서나 있을 법한 일이 혈맹이라는 동맹국 사이에서 벌어졌으니 최근의 한·미 관계를 상징적으로 보여준다는 분석이 나올 만도 하다. 아닌 게 아니라 외교관들 사이에서는 “한·미 관계가 초유라고 할 만큼 너무 안 좋다”는 우려 섞인 말이 자주 나온다.한·미 관계 악화의 근본 원인을 따지자면 동맹의 가치에 대한 인식이 미흡하고, 상호 신뢰가 바닥 수준까지 내려간 데 있다. 어느 한쪽의 책임을 따지는 게 의미가 없을 ...",https://n.news.naver.com/article/newspaper/025/0003556489?date=20261008,경영,0.007051927715464763,
한국경제,"[시론] AI 에이전트, 제조 명장 되려면","암묵지, 일회성 수집으로는 한계지속 갱신 및 보상체계 마련해야이경전 경희대 교수·한국AI서비스학회장산업통상부는 올해 추가경정예산 480억원으로 ‘제조 암묵지 기반 인공지능(AI) 모델 개발 사업’을 시작했다. 숙련 제조인력의 작업 요령과 판단 기준, 감각적 노하우를 비정형 데이터세트로 구축하고 이를 활용한 AI 모델을 개발하는 사업으로, 제조 기업과 AI 기업이 참여하는 30개 과제에 16억원씩 지원한다. 사업 기간은 올해 6월부터 내년 2월까지 9개월이다. 정부의 2027년도 예산안에는 제조 암묵지 사업에 2900억원이 편성돼 있어 올해 시범사업에 대한 평가는 국회 심사와 후속 사업 설계에도 영향을 미칠 것이다.공정 최적화, 불량 판정, 설비 점검처럼 제조 경쟁력을 좌우하는 지식의 상당수는 숙련자의 몸과 ...",https://n.news.naver.com/article/newspaper/015/0005340335?date=20261008,경영,0.006863307718293282,
조선일보,가짜 의료정보 거르는 능력도 ‘건강 관리’의 일부,"유튜브 속 그럴듯한 허위 건강 영상무조건 믿지 말고 검증하는 습관을3줄 요약ㆍ유튜브 건강영상 2만2300개 중 대부분 오류ㆍ조회수 많아도 신뢰도·정확성 보장 안 돼ㆍ의료정보 문해력, 건강관리의 필수 요소로 부상“심장마비가 왔을 때 세게 기침을 반복하면 심장이 다시 뛸 수 있습니다.”유튜브 화면에 의사가 등장한다. 자신을 ‘20년 차 심장내과 의사’라고 소개한다. 심장마비가 왔을 때 혼자 살아남는 방법이라며 몇 가지 비법을 알려준다. 강하게 기침을 하라 하고, 아스피린 500㎎을 먹으라는 방법도 소개한다. 흰 가운을 입은 의사가 직접 이야기하니 믿음이 가지만, 그 의사는 AI로 만든 가상 인물이다. 내용도 엉터리다.최근 분당서울대병원은 AI 의사 유튜브 영상을 순환기내과 전문의에게 보여주고 검증했다. 영상을 ...",https://n.news.naver.com/article/newspaper/023/0004002703?date=20261008,업계,0.006764054975967778,
중앙일보,ABC를 ‘에이비씨’…한글 마케팅 꽂힌 유통가,"올해 훈민정음 반포 580돌, 한글날 제정 100주년을 맞아 유통업계가 ‘한글 마케팅’으로 들썩이고 있다. 티셔츠·모자 같은 패션 제품부터 과자·초콜릿·음료수 같은 먹거리에도 한글 유물을 활용한 디자인을 적용하고 있다.하고하우스가 운영하는 ‘마뗑킴’은 8일 국립박물관문화재단과 손잡고 티셔츠·모자·에코백·키링·파우치 등에 한글 인쇄판인 금속활자, 한글 소설인 구운몽 서체를 그려넣은 ‘한글 유물 컬렉션’을 선보인다.푸마도 잉글랜드 프리미어리그 소속 축구단인 맨체스터 시티의 원정 유니폼에 한글과 한국 전통 매듭 디자인을 적용했다. 하이브는 국립박물관문화재단과 손잡고 한글을 재해석한 ‘한글 문자도’를 적용해 방탄소년단(BTS) 굿즈(goods·기획상품)를 만들었다.롯데웰푸드는 ABC초콜릿(사진)에 한글 근대 세계지...",https://n.news.naver.com/article/newspaper/025/0003556457?date=20261008,업계,0.006561712297588771,
한국경제,"김원기 의정부시장 ""미군부대 떠난 자리, 미래산업 기업으로 채울 것""","김원기 의정부시장 인터뷰레드클라우드에 경자구역 추진AI·바이오·미디어사 유치할 것교통망·민생·일자리 아우르는성장전략 펼쳐 자족도시 도약“의정부를 주거 중심의 ‘베드타운’에서 기업과 일자리가 함께 성장하는 자족도시로 바꾸겠습니다.”김원기 의정부시장은 8일 한국경제신문과의 인터뷰에서 “민선 9기의 목표는 시민이 살기 좋은 도시를 넘어 일하고 머물며 성장할 수 있는 도시를 만드는 것”이라며 이같이 말했다. 지난 7월 취임한 김 시장은 ‘시민의 뜻으로, 새로운 의정부’를 시정 구호로 내걸었다. 이후 민생경제와 기업 유치, 광역교통망, 미군 반환공여지 개발에 역량을 모으고 있다.김 시장이 가장 공을 들이는 분야는 기업 유치다. 의정부는 서울과 가깝지만 산업 기반이 상대적으로 약하다. 첫 단추는 끼웠다. 시는 최근 대...",https://n.news.naver.com/article/newspaper/015/0005340098?date=20261008,업계,0.0064455951606873394,
매일경제,테마 떴다하면 찍어내는 ETF … 하위 50개 순자산 고작 1700억,"유사 ETF 우후죽순 … 증시 쏠림 부추긴다게임·메타버스 거쳐 올 '우주'운용사들 서로 베끼기에 난립결국 보수 인하 출혈경쟁으로대형상품 집중 양극화도 심화상위 50개가 순자산 60% 차지지난 7월 스페이스X 기업공개(IPO)가 예정된 뒤 흥행 기대감이 커지자 3~4월에 걸쳐 국내 증시에 미국 우주산업에 투자하는 상장지수펀드(ETF)가 잇달아 출시됐다. 이들 상품은 서로 다른 기초지수를 추종했다. 하지만 로켓랩, AST 스페이스모바일, 인튜이티브 머신스 등을 공통으로 담으며 상장 당시부터 상품별 차별성이 뚜렷하지 않다는 비판이 나왔다.실제로 스페이스X 상장 기대감이 극에 달했던 6~7월에는 해당 ETF들이 동시에 큰 주목을 받았다. 신규 상장된 우주 ETF 가운데 순자산 규모가 가장 컸던 'TIGER 미국우주...",https://n.news.naver.com/article/newspaper/009/0005745547?date=20261008,경영,0.006415603972436067,
매일경제,해 지면 시작되는 별들의 전쟁 … 초고가 이브닝 경매의 세계,"바스키아 작품 133억구사마 '호박' 100억주간 경매와 달리엄선된 스타 작가의초고가 작품만 다뤄미술시장 침체에도낙찰률 90%대 '열광'지난달 29일 오후 7시(현지시간) 홍콩 센트럴 더헨더슨 내 크리스티 아시아·태평양 본사. 미술계 불황이 무색할 정도로 자리를 꽉 채운 참석자들은 패들(번호판)을 치켜들며 역대급 경합을 벌였다. 장미셸 바스키아의 '고대 과학자'는 4분간의 경합 끝에 7697만5000홍콩달러(약 133억원·수수료 포함가)에 팔렸다. 중국 작가 자오우키(趙無極·자오우지)의 '은하수'는 5885만홍콩달러(약 101억7000만원)에, 지난 8월 타계한 구사마 야요이의 대표작 '호박'도 5824만홍콩달러(약 100억원)에 팔려나갔다. 폴 세잔, 앙리 마티스, 살바도르 달리, 페테르 파울 루벤스 등 ...",https://n.news.naver.com/article/newspaper/009/0005745430?date=20261008,경영,0.0063905901422993735,
조선일보,나폴레옹 시대 군사 암호… AI가 217년 만에 풀었다,"[모닝]오픈AI가 수학 난제뿐 아니라 수백 년간 안 풀리던 군사 암호까지 풀어내고 있다. 사이버 보안 기업 센티넬원의 한 엔지니어는 지난달 18일 오픈AI의 ‘GPT-6 아스트라’를 활용해 217년 된 나폴레옹 시대의 군사 암호문을 복원했다고 밝혔다. 1809년 나폴레옹의 의붓아들 외젠 드 보아르네가 이끌던 이탈리아군 사령부에서 보낸 편지로, 숫자·문자·특수 기호로 구성된 암호 24개 행에 군사 정보를 숨겼다.AI는 기존 연구자의 부분 해독표를 활용해 전체 암호의 3분의 1을 읽어낸 다음, 나머지는 프랑스어의 글자 조합을 분석하는 프로그램을 만들어 해결했다. 복원된 편지에는 아군의 위치와 병력 규모, 진군 명령을 받으면 소수의 적 병력에 위축되지 말라는 당부가 담겼다고 한다.AI의 수학 난제 풀기도 계속되고...",https://n.news.naver.com/article/newspaper/023/0004002663?date=20261008,기타,0.00631579621429604,
매일경제,"""핵심기술 해외유출 꼼짝 마""… 산업부, 불법수익 환수 강화",산업통상부가 국내 핵심 기술유출에 대한 대응 실효성을 높이기 위해 불법수익 환수 조치를 강화한다고 7일 밝혔다. 전날 국정감사에서 현행 제도가 고도화되는 기술유출 수법을 따라가지 못한다는 지적이 나오자 즉각 시정에 나선 것이다.먼저 기술유출로 얻은 불법수익을 확실하게 환수한다. 법원이 전문기관에 손해액 감정을 맡길 수 있도록 해 피해 구제를 실질화한다. 피해 기업이 기술개발에 투입한 비용을 손해액으로 인정하고 몰수 대상도 확대한다. 중소기업과 대학의 보안 역량도 강화한다.[나현준 기자]...,https://n.news.naver.com/article/newspaper/009/0005745507?date=20261008,기타,0.006236949746782747,
조선일보,"“동서양의 경탄스러운 융합” 정창기, 한·프 수교 140주년 전시 호평",3줄 요약ㆍ프랑스 국립예술가협회 전시 명예 초청 작가 참여ㆍ고엽제 후유증 이겨내며 전통 서예와 서양화 접목ㆍ한글 회화 개척한 금보성 작가 작품도 현지 호평동양 서예와 서양 유화의 창조적 융합을 시도하는 정창기(78) 화백이 지난달 24일부터 지난 4일까지 프랑스 파리 근교 생망데 시청에서 열린 프랑스 국립예술가협회(ANAF) 주최 한국·프랑스 수교 140주년 제79회 살롱 전시에서 명예 초청 작가 자격으로 작품을 선보였다. 현지에선 “무(無)와 유(有)의 경계가 없는 동양 철학이 서양의 추상 회화와 묘한 조화를 이루며 강렬한 인상을 준다”는 평가가 나왔다.지난 4일 전시장에서 만난 정 화백은 자신의 작품 ‘일출’을 두고 “극심한 육체노동”이라고 했다. 이 그림은 서예 붓으로 캔버스에 유화 물감을 발라 아침 ...,https://n.news.naver.com/article/newspaper/023/0004002497?date=20261008,기타,0.006212976425766933,
중앙일보,"[단독] AI챗봇 유해 민원, 494일째 검토 중…알고보니 1명이 전담 [팩플]","국내 1위 인공지능(AI) 캐릭터챗 앱 제타에서 제공하는 채팅 서비스 ‘논란 생긴 아이돌 버블’. 이용자들이 아이돌 역할을 맡아 AI 팬과 대화하는 형태의 이 서비스에 들어가면, 무차별적 비판이 쏟아진다. 이용자가 사과하면서 “내가 죽어야 할까?”라 입력하면, AI챗봇이 “아, 이제는 죽겠다고? 또 이 수법이야? 피해자 코스프레 시작이네”라 공격하는 식이다. 문답을 이어가다보면, 극단적 선택을 강요하는 방향으로 대화가 흐른다. 제타에서 청소년 이용자를 위해 제공하는 ‘세이프티 모드’를 실행해도 이런 내용이 노출된다.AI 채팅 서비스가 확산하고 있지만, 청소년에게 악영향을 미칠 수 있는 부분에 대한 관리가 부족하다는 지적이 나온다. 7일 국회 과학기술정보방송통신위원회 김선민 조국혁신당 의원실이 방송미디어통신심...",https://n.news.naver.com/article/newspaper/025/0003556508?date=20261008,기타,0.006126293362667792,
중앙일보,"“딴동네 사는 형제 다 죽었어” 최고 장수촌, 매일 4시간 비밀","""  언니들, 내가 조금 늦었네. 밤새 안녕들 하셨습니까~  ""지난 14일, 전남광주 고흥군 고흥읍 성촌마을의 마을회관. 문을 열고 들어온 72세 ‘막내’가 먼저 도착한 ‘언니’들을 향해 꾸벅 허리를 숙였다. 90도로 확 접힌 허리만큼이나 공손하면서도 장난스러운 막내의 인사에 90대 언니들은 깔깔 웃으며 “제일 젊은 것이 어째 이제 왔냐”며 핀잔을 줬다.성촌마을이 있는 고흥군은 3년 연속 전국 최고 장수 지역으로 선정됐다. 지난달 국가데이터처가 발표한 통계에 따르면 고흥군은 100세 이상 인구가 10만 명당 91.8명으로, 전국에서 가장 많았다. 고흥군 안에서도 고흥읍 성촌마을은 고령자가 많은 것으로 소문난 장수마을이다.성촌마을 주민 110명 중 9명이 90세가 넘었다. 2년 전엔 105세를 포함해 100세...",https://n.news.naver.com/article/newspaper/025/0003554684?date=20261008,기타,0.005903526733479636,
한국경제,천주교 '미사주' 50년만에 국산서 호주·이탈리아산 변경,한국 천주교회의 공식 미사주가 국산 포도주 ‘마주앙’에서 호주·이탈리아산 포도주로 약 50년 만에 바뀐다. 포도 재배 농가 감소 등으로 생산이 어려워지면서다.한국천주교주교회의는 올해 대림 시기(성탄절 전 4주간)부터 한국 교회의 모든 미사 전례 때 사용하는 미사주로 호주 예수회가 클레어 밸리에서 운영하는 ‘세븐힐’과 이탈리아 시칠리아의 ‘알라냐 비니’가 생산하는 포도주를 선정했다고 7일 발표했다. 수입과 공급은 동원와인플러스가 맡는다....,https://n.news.naver.com/article/newspaper/015/0005340183?date=20261008,기타,0.005854786849648691,
매일경제,주시경 선생이 지킨 우리말… 100년만에 AI로 되살렸다,"SKT '2026 말모이' 공개100년 전 우리말과 소리가 인공지능(AI)을 통해 다시 태어났다.SK텔레콤은 국립국어원·국립한글박물관과 함께 한글날 제정 100주년을 기념하는 '2026 말모이' 캠페인을 진행한다고 7일 밝혔다. 글과 소리로 남은 우리말 기록을 AI로 분석해 일상에서 다시 활용하자는 것이다.SK텔레콤은 100년 전 주시경 선생이 제자들과 함께 만든 사전인 '말모이' 전체 스캔본과 국립국어원의 표준국어대사전·우리말샘을 자체 AI 파운데이션 모델 'A.X K2'로 분석했다. 이를 토대로 말모이체를 제작했다. 국립국어원 검수를 거쳐 '인공지능이 모은 아름다운 순우리말 100'도 선정했다.햇빛이나 달빛에 비쳐 반짝이는 잔물결을 뜻하는 '윤슬', 눈이 내려 쌓인 그대로의 깨끗한 눈을 의미하는 '숫눈'...",https://n.news.naver.com/article/newspaper/009/0005745439?date=20261008,기타,0.00579649434347603,
동아일보,"한 끼 채우던 나눔, 이젠 아이들 삶까지 채운다","[행복 나눔] 출범 10년 맞은 ‘행복얼라이언스’기업-기관 힘 합쳐 도시락 제공한성기업, 자사 제품 지원하고… 전자랜드, 가전제품 50개 전달인천항만공사는 직업체험 운영결식 우려 아동을 지원하는 국내 최대 사회공헌 네트워크인 ‘행복얼라이언스’가 올해 출범 10주년을 맞았다. 행복얼라이언스는 회원 기업들의 특성과 자원을 활용해 복지 혜택이 닿지 않는 결식 우려 아동을 위한 사회안전망을 만들고 있다. 네트워크에 참여한 회원사들이 기부금과 물품을 지원하는 데 그치지 않고 기업의 전문성과 역량을 활용해 결식 우려 아동의 생활을 폭넓게 지원하는 게 특징이다. 기업의 사회공헌 방식이 다양해지고 있는 것이다.● 기업들 뭉쳐 공동 목표 세우고 지원행복얼라이언스는 여러 기업의 자원과 전문성을 모아 사회 문제를 제대로 해결하...",https://n.news.naver.com/article/newspaper/020/0003753599?date=20261008,업계,0.005724031396987544,
중앙일보,포니정재단 ‘영리더상’에 안세영 선수·김도형 교수,"포니정재단(이사장 정몽규)이 7회 ‘포니정 영리더상’ 수상자로 배드민턴 국가대표 안세영(왼쪽 사진)과 김도형(오른쪽) 미국 펜실베이니아대 화학·생체분자공학과 교수를 선정했다고 7일 밝혔다.안세영 선수는 2024년 파리 올림픽 금메달, 올해 아이치·나고야 아시안게임 금메달 등을 따내며 한국 배드민턴의 위상을 높였다.김도형 교수는 펜실베이니아대 ‘나노 전기화학 및 계면 연구실’을 이끌며 권위 있는 미국 ‘패커드 과학·공학 펠로십’에 선정되는 등 주목받는 연구자다.포니정 영리더상은 진취적 정신으로 사회에 긍정적 변화를 일으킨 40세 이하 젊은 혁신가 2명을 선정해 각각 상금 5000만원과 상패를 수여한다. 시상식은 내달 25일이다....",https://n.news.naver.com/article/newspaper/025/0003556467?date=20261008,업계,0.005663546575546748,
한국경제,사고 나기 전에 막는다…경기도경제과학진흥원 '사람 중심 안전경영'으로 체질 바꿨다,"현장 근로자가 위험요인 찾아직접 의견 제시해 선제적 개선입주기업·지역사회와 연계건강관리실에 간호사 상주경기도경제과학진흥원(경과원)이 규제와 점검 위주의 안전관리에서 벗어나 직원 건강과 위험 예방을 앞세운 ‘사람 중심 안전경영’을 강화하고 있다. 직원 건강관리에서 출발한 안전망을 연구실과 입주기업, 지역사회로 넓히겠다는 구상이다.경과원은 광교 수원사무소 건강관리실의 2023년 이후 누적 이용 건수가 3474건에 달한다고 8일 밝혔다. 2023년 945건, 2024년 940건, 지난해 947건으로 해마다 900건대를 유지했고 올해도 8월까지 642건이 이용됐다. 간호사 자격을 갖춘 직원이 상주하며 건강상담과 검진 결과 관리, 상비의약품 복용 안내를 맡고, 장시간 사무 업무로 쌓인 피로나 놓치기 쉬운 건강 이상도...",https://n.news.naver.com/article/newspaper/015/0005340110?date=20261008,업계,0.005651686150995706,
매일경제,"현대로템, K2 주축으로 첨단무기 수출… 유럽 넘어 중남미도 뚫었다",현대로템이 K2 전차를 필두로 차륜형장갑차와 다목적 무인차량 등 첨단 지상무기체계를 앞세워 글로벌 방산 시장 공략에 속도를 내고 있다. 폴란드를 중심으로 유럽 수출 기반을 다지는 동시에 중남미 시장까지 진출하며 수출 포트폴리오를 확대하는 모습이다.현대로템은 2008년 독일 등 선진 전차업체들을 제치고 튀르키예에 K2 전차 기술 수출에 성공한 이후 해외 시장을 꾸준히 개척해왔다. 2022년에는 폴란드 군비청과 K2 전차 및 폴란드형 K2 전차(K2PL) 등을 포함한 1000대 규모의 기본계약을 체결한 데 이어 같은 해 8월 K2 전차 수출 본계약을 맺으며 국산 전차 완성품 최초의 대규모 해외 수출을 성사시켰다. 올해는 2차 이행계약까지 체결하며 유럽 시장 확대에 박차를 가하고 있다. K2 전차의 경쟁력은 디지...,https://n.news.naver.com/article/newspaper/009/0005745371?date=20261008,기타,0.005631548610708585,
매일경제,'노봉법' 들이밀며 2대주주 삼성전자에 교섭 요구한 삼바노조 [사설],삼성바이오로직스 노조가 2대주주인 삼성전자를 상대로 단체교섭을 요구하고 나섰다. 임단협이 교착 상태에 빠지자 개정 노동조합법(노란봉투법)을 들이밀며 삼성전자를 협상테이블로 끌어들이려는 것이다. 원·하청이나 모자회사 관계도 아닌 계열사에 노조가 교섭을 요구한 것은 선을 넘는 이례적 행보다.노조가 내세운 근거는 '근로조건을 실질적·구체적으로 지배·결정할 수 있는 지위에 있으면 사용자로 본다'는 노란봉투법 2조 2호다. 삼성전자 사업지원실이 삼성바이오의 인사·보상제도에 관여해온 정황이 있다며 삼성전자를 실질적 사용자라고 주장한 것이다. 하지만 노조 주장이 받아들여질지는 의문이다. 삼성바이오는 독립된 이사회와 대표이사를 둔 별도 상장법인이다. 삼성전자는 삼성바이오 지분 31.22%를 가진 2대주주다. 지분 보유나 ...,https://n.news.naver.com/article/newspaper/009/0005745470?date=20261008,업계,0.005575175635296424,
중앙일보,“SHOT OUT” “불법행위 엄단”…감정싸움 치닫는 삼바 노사 갈등,"삼성바이오로직스 노사 갈등이 임금 협상을 넘어 감정싸움 양상으로 번지면서 실적과 주가에 부담이 될 수 있다는 우려가 나온다.7일 삼성바이오로직스는 임직원에 보낸 메일에서 “지난 10개월간 교섭과 노동위원회 3차 조정회의를 거치며 회사가 감당할 수 있는 최대한의 방안을 제시했다”며 최근 발생한 불법 행위에 대해 법과 원칙에 따른 조치를 취하겠다고 밝혔다.파업에 참여하면 이에 해당하는 급여를 보전하지 않는 ‘무노동 무임금’ 원칙을 적용하고 대표 비하 표현 등 명예훼손·모욕성 행위와 무단 포스터 부착, 업무방해 행위 등에 엄정 대응하겠다는 내용이다.전날 삼성바이오 사내에는 존림 대표 얼굴 사진과 함께 ‘SHOT OUT’이라는 표현이 담긴 유인물들이 부착됐다. 이 영어는 ‘정신 나간’이란 뜻의 비속어로 해당 유인물...",https://n.news.naver.com/article/newspaper/025/0003556458?date=20261008,업계,0.005477989958781048,
중앙일보,[Biz & Now] SK텔레콤 한글날 맞이 ‘말모이 캠페인’,SK텔레콤은 한글날 제정 100주년을 맞아 국립국어원·국립한글박물관과 함께 한글 기록을 인공지능(AI)으로 되살리는 ‘2026 말모이’ 캠페인을 진행한다고 7일 밝혔다. 자체 AI 파운데이션 모델 에이닷엑스 케이투(A.X K2)로 한글학자 주시경 선생과 제자들이 남긴 사전 원고 ‘말모이’ 등을 분석해 글꼴 ‘말모이체’와 ‘인공지능이 모은 아름다운 순우리말 100선’을 만들어 공개한다....,https://n.news.naver.com/article/newspaper/025/0003556445?date=20261008,기타,0.005352232370932172,
동아일보,더 완벽해진 누리호 위성 14기 ‘우주 배송’,초소형 군집위성 5기 첫 운송큐브위성 9기도 궤도 올려“누리호 속도가 초속 7.5km에 도달했습니다.”7일 낮 12시 36분 전남광주 고흥군 나로우주센터에 안내 방송이 울려 퍼지자 박수가 터져 나왔다. 11분 전 굉음과 화염을 내뿜으며 구름 한 점 없는 가을 하늘로 솟구친 한국형 발사체 누리호가 위성을 안정적으로 지구 궤도에 진입시킬 수 있는 목표 속도(초속 7.57km)에 진입했다는 뜻이었다.누리호는 고도 약 576km에서 초소형 군집위성 ‘네온샛’ 2∼6호 5기를 무사히 내보낸 데 이어 큐브위성 9기도 우주에 올렸다. 역대 가장 많은 위성 15기를 싣고 올라 14기를 궤도에 투입하는 데 성공한 것이다. 2021년 1차 실패 뒤 2022년부터 4차례 연속 성공하며 한국형 발사체의 기술력을 입증했다는 평가다...,https://n.news.naver.com/article/newspaper/020/0003753550?date=20261008,기타,0.005213655895984975,
한국경제,"""협상 없다""는 北…MDL 수십m 차이로 충돌하나","韓·유엔사 일치화 추진北 ""힘으로 주권영역 수호"" 거부軍, 유엔사와 MDL 다른 경우더 남쪽 선 적용, 충돌위험 낮춰北, MDL로 철책 밀어붙이면서접경지 일촉즉발 긴장감 커져군사분계선(MDL)을 두고 한국군과 유엔군사령부, 북한이 서로 다른 기준을 적용하면서 접경지역의 긴장이 커지고 있다. 정밀한 좌표 없이 출발한 MDL은 70여 년간 서로 다른 선으로 굳어졌다. 북한이 병력과 시설을 MDL 가까이 밀어붙이면서 수십m 차이가 북한군의 월선 여부와 우리 군의 경고사격을 가를 수 있게 됐다는 지적이 나온다. 한국군과 유엔사가 기준선 일치화에 나선 가운데 북한은 협의를 거부하고 있다.◇지도에선 1㎜가 현장에선 50m7일 국회 국방위원회 소속 박선원 더불어민주당 의원이 미국 국립문서기록관리청(NARA)에서 확보한 ...",https://n.news.naver.com/article/newspaper/015/0005340262?date=20261008,경영,0.0051441289889080245,
한국경제,"백영현 포천시장 ""군사시설은 포천의 전략자산…K방위산업 수출기지로 키우겠다""","백영현 포천시장 인터뷰옛 6군단 부지에 산업단지 조성R&D·실증·수출 생태계 구축AI·드론·로봇 기업 한곳에 유치대학·軍 손잡고 산업 발전 논의“K-AI 방위산업과 광역교통망을 양 날개로 삼아, 포천을 옥죄던 군사시설과 중첩 규제를 미래 성장동력으로 바꾸겠습니다.”백영현 포천시장은 8일 한국경제신문과의 인터뷰에서 “민선 9기의 최우선 과제는 포천의 체질을 획기적으로 바꾸는 것”이라며 이같이 말했다. 군사도시라는 한계를 첨단 방위산업의 경쟁력으로 바꾸고, 부족했던 철도와 도로망을 확충해 기업과 사람이 찾아오는 자족도시를 만들겠다는 구상이다.백 시장이 가장 공을 들이는 분야는 방위산업이다. 포천은 오랫동안 군사시설과 수도권 규제에 묶여 산업 기반을 넓히기 어려웠다. 백 시장은 이 제약을 거꾸로 활용하는 전략을 ...",https://n.news.naver.com/article/newspaper/015/0005340093?date=20261008,경영,0.004998749305099091,
매일경제,올해 수출입銀 해킹시도 작년의 8배,"국외 해킹 시도가 96% 달해年 30건이던 한은, 올 136건올해 한국수출입은행을 겨냥한 해킹 시도가 지난해 연간 건수의 8배에 육박한 것으로 나타났다. 한국은행에도 지난달 해외에서 홈페이지에 접근하려는 공격이 추가로 탐지되는 등 해킹 시도가 이어지고 있다.7일 국회 재정경제기획위원회 소속 이종욱 국민의힘 의원이 수출입은행과 한은에서 제출받은 자료에 따르면, 올해 들어 이달 5일까지 수은을 대상으로 한 해킹 시도는 283건이다. 지난해 연간 36건의 약 8배다.연도별로 보면 2021년 18건, 2022년 30건, 2023년 57건, 2024년 56건, 지난해 36건 등이었다. 올해 들어 탐지된 해킹 시도만 직전 5년간 합계인 197건을 넘어선 셈이다. 공격 발신지를 보면 국외가 272건으로 전체의 96.1%...",https://n.news.naver.com/article/newspaper/009/0005745642?date=20261008,경영,0.004995051223238572,
한국경제,"""선장 월급 6배 뛰어""…호르무즈 운임 급등",호르무즈해협의 군사 불안정이 지속되자 해협을 이용하는 운송 비용도 오르고 있다.6일(현지시간) 파이낸셜타임스(FT)는 호르무즈해협을 오가는 유조선 선장의 월 급여가 10만달러(약 1억3400만원)로 뛰었다고 보도했다. 평상시 월 급여인 1만5000달러 대비 여섯 배 이상이다. 일반 선원 역시 통상 월급보다 4~6배를 더 받는 것으로 알려졌다.미국 해군의 호위 작전 수행으로 해협을 통행하는 유조선이 늘었지만 이란의 위협은 여전한 데 따른 것이다. 국제해사기구(IMO)에 따르면 올해 2월 미국·이란 전쟁 발발 이후 이란의 미사일과 드론 공격으로 최소 선박 93척이 피격되고 선원 24명이 사망했다. 지난달 20일 이후에만 선박을 겨냥한 공격이 최소 14차례 발생했다.이에 호르무즈해협을 통과하는 화물 운임도 이번주...,https://n.news.naver.com/article/newspaper/015/0005340273?date=20261008,경영,0.004921930428433065,
동아일보,"[인하대병원 메디스토리]약 안 듣는 속쓰림, ‘예민한 식도’ 의심","역류성 식도염난치성 역류성 식도염 환자 35%역류과민증-심인성 통증 가능성산도-내압검사 후 맞춤 치료 필요인천에 사는 50대 여성 김미영 씨는 최근까지 속쓰림과 가슴 통증, 신물이 올라오는 증상으로 위산 억제제를 복용해 왔다. 역류성 식도염으로 생각하고 2달 가까이 약을 먹었지만 증상은 좀처럼 낫지 않았다. 약을 계속 먹어야 할지 고민하던 김 씨는 정확한 원인을 확인하기 위해 병원을 찾았다.김 씨를 진료한 차보람 인하대병원 소화기내과 교수는 김 씨처럼 충분한 기간 위산억제제를 복용했음에도 증상이 지속된다면 실제 위산 역류가 원인인지부터 확인해야 한다고 판단했다. 이에 따라 24시간 식도 산도검사와 내압검사를 시행해 위산 역류 여부, 식도 운동 기능, 하부식도괄약근 상태 등을 정밀하게 진단한 뒤 맞춤형 치료법...",https://n.news.naver.com/article/newspaper/020/0003753537?date=20261008,기타,0.004857949023390117,
중앙일보,[박소영의 시시각각] 외교는 자존심이 아니다,"외교에서 자존심과 국익이 늘 같은 방향을 향하는 것은 아니다. 2001년 4월 중국 하이난섬 인근 상공에서 중국 전투기와 미군 EP-3 정찰기가 충돌했다. 미국 정찰기는 하이난섬에 비상착륙했고, 미국 승무원 24명은 중국에 억류됐다. 사고 책임을 놓고 주장이 맞선 데다 중국이 미국의 공식 사과를 요구하면서 양국 관계는 일촉즉발의 위기로 치달았다. 당시 부시 행정부의 콜린 파월 국무장관은 ‘사과(apology)’는 미국의 책임을 인정하는 것이므로 받아들일 수 없다고 선을 그었다. 대신 중국 조종사의 사망에는 유감을 표하고, 미 정찰기의 영공 진입과 착륙에 대해서는 “매우 유감스럽다(very sorry)”고 했다. 미국은 원칙을 굽히지 않으면서도 중국이 물러설 명분을 만들어 줬고, 결국 억류된 승무원들을 돌려받...",https://n.news.naver.com/article/newspaper/025/0003556485?date=20261008,기타,0.004850482040904951,
매일경제,"""코리아 디스카운트 해소, 주주환원 지속에 답 있다""","스티븐 도버 프랭클린템플턴 최고시장전략가 인터뷰AI 반도체 기업의  놀라운 질주실적으로 인한 저평가 벗어나韓제도·시장에 대한 불신 여전역외 환전·외환 유동성은 숙제일회성 주주환원 그쳐선 안돼예측가능성 보여주는 게 중요""글로벌 투자자 입장에서 일본은 이미 신뢰를 쌓은 단계에 있는 반면 한국은 아직 따라잡기 단계에 있다.""스티븐 도버 프랭클린템플턴 최고시장전략가(CMS) 겸 리서치센터장은 최근 매일경제 인터뷰에서 한국의 '코리아 디스카운트' 해소를 일본과 비교하며 이같이 평가했다.1조7905억달러(약 2405조원)를 굴리는 미국 프랭클린템플턴에서 시장 전략을 총괄하는 도버 센터장은 ""올해 한국 증시가 크게 올랐지만 이것이 코리아 디스카운트 해소를 의미하는 것은 아니다""며 ""정책 과제가 여전히 남아 있다""고 진단...",https://n.news.naver.com/article/newspaper/009/0005745524?date=20261008,경영,0.004824850632600339,
한국경제,"국제회의 참가자, 관광객으로…수원 '체류형 마이스' 키운다","통합 지원체계 본격 가동수원시가 국제회의 유치부터 해외 참가자의 숙박과 관광까지 통합 지원한다. 회의 참석을 위해 수원을 찾은 외국인이 지역에 머물며 관광과 쇼핑을 즐기도록 해 소비를 늘리겠다는 구상이다.수원시는 수원컨벤션센터와 함께 ‘마이스’(MICE·기업회의, 포상관광, 국제회의, 전시회) 지원체계를 가동한다고 7일 밝혔다. 지역 대학과 학회, 연구기관, 병원, 기업 등이 여는 학술대회와 포럼 가운데 국제회의로 성장할 수 있는 행사를 발굴한다.수원컨벤션센터의 국제회의 유치 전담 조직은 행사 규모와 참가국, 외국인 참가자 수 등을 분석해 한국관광공사와 경기관광공사의 지원사업을 연결한다. 국제회의 개최 실적을 통계에 등록하는 절차도 돕는다.해외 참가자의 체류를 늘리기 위한 ‘마이스 포상관광 지원사업’은 지난...",https://n.news.naver.com/article/newspaper/015/0005340180?date=20261008,경영,0.004729041760437943,
매일경제,"LIG D&A, 무기체계 내부에 AI 직접 탑재… 방위산업 분야 AX서도 앞서가","에이전틱 AI 해커톤 여는 등사이버 보안 역량 강화 심혈무기체계 실증 활발히 추진글로벌 방산 전시회서 호평현대전의 승패는 누가 더 빠르게 판단하고, 신뢰도 높은 무인 체계를 운용해 이를 사이버 위협으로부터 어떻게 보호하느냐에 따라 판가름난다. LIG디펜스앤에어로스페이스(LIG D&A)는 이 같은 변화 속에서 무기체계 내부에 인공지능(AI)을 직접 탑재하는 'AI 내재화' 전략으로 사이버 보안 강화에 나섰다. 화력 중심이던 전장이 AI 중심으로 바뀌는 흐름에 맞춰 방산 분야의 AI 전환(AX)을 이끌겠다는 구상이다.실제 전장에서 AI가 동작하는 지점은 센서와 레이더, 유도무기, 무인체계 같은 무기체계 내부다. 무기체계 내부에서 얼마나 신뢰성 있고 효율적으로 작동하는지가 국방 AI의 핵심이다. LIG D&A는 ...",https://n.news.naver.com/article/newspaper/009/0005745369?date=20261008,기타,0.004681479915661981,
매일경제,"""일정 변경"" 이메일 도착하자 AI가 바뀐 시간·장소 알려줘","오픈AI 출시한 '다츠' 써보니사용자가 부르지 않아도상시 작동하는 AI 비서月 100불 이용료는 부담""자동차 보험료가 2곳에서 빠져나가고 있습니다. 확인해볼 필요가 있습니다.""오픈AI의 인공지능(AI) 비서 '다츠'에 은행 계좌를 연결하고 불필요하게 지출되는 돈을 찾아달라고 하자 이런 답이 돌아왔다. 자동차 보험사를 바꾼 뒤에도 빠져나간이전 보험료를 찾아낸 것이다.6일(현지시간) 다츠에 은행 계좌와 이메일, 캘린더 등을 연결해 여러 기능을 직접 시험해봤다. 지난달 29일 공개된 다츠는 전용 클라우드 컴퓨터에서 계속 작동하며 필요한 일을 스스로 찾아내는 AI 에이전트다.첫인상은 앞서 메타가 선보인 AI 비서 '뮤즈'와 닮았다. 두 서비스 모두 일정 관리와 지출 분석, 음식 주문, 쇼핑 등을 대신하고 요청하지 ...",https://n.news.naver.com/article/newspaper/009/0005745518?date=20261008,기타,0.00467589954294703,
한국경제,"모처럼 뜻맞은 여야…이광재 ""과세기준 현실화""에 국힘 ""스텔스 증세 개선 환영""","박수영 국민의힘 의원이 더불어민주당 소속 이광재 국회 예산결산특별위원장이 제안한 과세 기준 현실화에 화답하며 30년간 유지된 공제 제도를 개편해야 한다고 강조했다. 물가·임금·자산 가치가 올랐는데도 과세 기준을 그대로 두는 것은 ‘스텔스 증세’라는 지적이다.박 의원은 7일 성명을 통해 “이 위원장이 낡은 과세 기준 현실화와 특히 소득세 물가연동제를 주장한 것을 크게 환영한다”며 “소득·상속·증여세를 비롯해 오래 묵은 세제를 전면 개편해 국민의 세 부담을 줄이자는 저와 이 위원장의 주장에 (여야 모두) 동참해달라”고 말했다. 앞서 이 위원장은 양도소득세·상속세 공제 제도를 현실화하고, 공제액 등에 물가연동제를 적용하자는 결의안을 국회에 제출했다.1990년대 말 1만달러 남짓이던 1인당 국민 소득은 지난해 3만...",https://n.news.naver.com/article/newspaper/015/0005340254?date=20261008,기타,0.0045878475688002195,
한국경제,플랫폼 구축 수개월 걸리는데…'모두의 창업' 13일 만에 뚝딱,"구자근 의원 ""졸속 추진 결과대규모 정보 유출 사건 발생개통 전 테스트 자료도 없어""5000여명의 개인정보가 유출된 ‘모두의 창업’ 플랫폼이 계약 체결 후 13일 만에 문을 연 것으로 확인됐다. 통상 수개월이 걸리는 운영 시스템 구축 작업을 단기간 추진한 결과 정보 유출 사고가 터졌다는 지적이 나온다.7일 국회 산업통상자원중소벤처기업위원회 소속 구자근 국민의힘 의원실이 중소벤처기업부와 창업진흥원 등에서 제출받은 자료에 따르면 ‘모두의 창업’ 플랫폼 구축 계약기간은 3월 23일부터 2027년 말까지인 것으로 조사됐다. 플랫폼은 사흘 뒤인 26일 문을 열었다. 계약 체결일을 기준으로 해도 개통까지 13일밖에 걸리지 않았다. 플랫폼 구축은 신한은행이 개발업체와 계약하는 민간 협력 방식으로 추진됐다. 창업진흥원은 ...",https://n.news.naver.com/article/newspaper/015/0005340203?date=20261008,기타,0.004583168208634745,
매일경제,연기금 뭉쳐 '독립이사' 선임 길 열린다,與 '공시 5%룰' 완화 추진기관투자자 의결권 공시의무이사 추천·배당 등은 면제국민연금 등 기관투자자들이 공동으로 5% 이상 의결권을 행사하더라도 '5% 대량보유 보고의무(5%룰)' 공시를 면제해주는 방안이 더불어민주당에서 추진된다. 기관투자자들이 손잡고 특정 기업에 배당 확대나 밸류업을 요구하는 등의 주주 활동을 활성화하려는 취지다. 재계에서는 연기금 등의 경영 참여 목소리가 지나치게 커질 수 있다는 우려가 나온다.7일 국회에 따르면 김남근 민주당 의원은 '주가 누르기' 방지 차원에서 이런 내용을 담은 자본시장법 개정안을 대표 발의했다. 개정안의 핵심은 그동안 기관투자자의 손발을 묶어온 '5%룰'의 족쇄를 푸는 것이다. 현행법은 지분율이 각각 5% 미만인 연기금이나 운용사라도 뜻을 모아 의결권을 함께 행사...,https://n.news.naver.com/article/newspaper/009/0005745556?date=20261008,경영,0.004427923334905103,
한국경제,저축은행·새마을금고도 가계대출 증가세 전환,8·13 대책으로 영업 숨통저축은행과 새마을금고 가계대출이 증가하고 있다. 집단대출과 중금리대출이 총량 관리 대상에서 빠지면서 대출 여력이 늘어난 영향이다.7일 금융위원회에 따르면 지난 8월 저축은행 가계대출 잔액은 전달보다 3000억원 증가했다. 7월(5000억원)에 이어 두 달 연속 늘었다. 새마을금고 가계대출도 8월에 1000억원 확대돼 증가세로 전환했다. 상반기 가계대출을 2조원 넘게 늘린 새마을금고는 지난해 말보다 대출을 늘리지 말라는 금융당국 권고를 받은 뒤 7월부터 신규 대출을 대폭 줄였다. 그러다 한 달 뒤 가계대출 총량 규제를 완화하는 8·13 대책이 발표돼 대출 영업에 숨통이 트였다.2금융권 전체로 보면 8월 가계대출은 전달보다 8000억원 감소했다. 주택담보대출이 전월보다 3000억원 증...,https://n.news.naver.com/article/newspaper/015/0005340244?date=20261008,기타,0.004415898048451969,
조선일보,"이화영, 靑에 가석방 요구… “대통령에게 화 많이 나”","대북 송금 사건으로 5년째 복역“김용·정진상은 이미 다 풀려나""‘쌍방울 불법 대북 송금’ 사건으로 징역 7년 8개월 형이 확정돼 복역 중인 이화영 전 경기도 평화부지사 측이 7일 이재명 대통령에게 “가석방해 달라”고 요구했다. 정치권과 법조계에선 이 전 부지사가 공범 관계로 기소된 이 대통령에게 가석방을 해달라고 압박하고 나온 것이란 해석이 나온다.이 전 부지사 변호인인 김광민 변호사는 본지 통화에서 “사면은 바라지도 않으니 이 전 부지사를 가석방해 달라고 이 대통령과 청와대에 요구하고 있다”면서 “이 전 부지사가 계속 방치돼 화가 많이 났고, 이 대통령에게 섭섭하다는 말을 많이 한다”고 했다. 김 변호사는 “이미 형집행정지는 신청해 놨고, 가석방을 위해 이 대통령 앞으로 서한도 쓰고, 청와대 민정수석실에 ...",https://n.news.naver.com/article/newspaper/023/0004002731?date=20261008,기타,0.004407558719261336,
동아일보,은행 이어 교회-대기업까지… 문턱 낮아진 AI 해킹 무차별 확산,"기아 노조원 5000여명 정보 유출여의도순복음 “85만명 유출 의심”공격 비용-시간 줄며 中企까지 대상“사이버보안청 같은 전담 조직 필요”금융권과 종교계에 이어 산업계까지 해킹 피해가 잇따르면서 사이버 공격이 산업과 기관의 경계를 넘어 한국 사회 전체로 확산되고 있다. 인공지능(AI)이 해킹 진입 장벽을 낮추면서 보안이 취약한 중소기업·비영리기관을 노리는 사이버 공격이 늘고 있지만, 방어망은 기관별로 파편화되어 있어 범정부 통합 대응 체계가 필요하다는 지적이 나온다.● 은행·교회 이어 산업계까지… 넓어지는 공격 표적7일 기아 노조 등에 따르면 경기 광명공장 노조원 5000여 명의 이름과 사번, 전화번호 등 개인정보가 유출됐다. 노조 온라인 교육 시스템을 위탁 운영하는 맑은소프트가 지난달 19일 해킹당한 데 ...",https://n.news.naver.com/article/newspaper/020/0003753576?date=20261008,기타,0.0043769377349452444,
매일경제,'비밀 생물무기' 연구했나 … 러시아 페스트 유출사고 일파만파,"커지는 팬데믹 공포 … 美 ""당장 정보 공개하라""러, 연구원 사망에 200명 격리유출병원체·경로 등 정보 통제전염력 변형 실험 여부 '촉각'두번째 사망설 돌며 불안 확산트럼프 ""푸틴에 설명 들을 것""러시아 연구소에서 발생한 페스트(흑사병) 병원체 유출 의심 사고를 둘러싸고 국제 사회의 의혹이 갈수록 커지고 있다.러시아 당국의 불투명한 대처로 군사적 생물무기를 연구하던 중 벌어진 사태 아니냐는 의심까지 나오고 있다. 여기에 도널드 트럼프 미국 행정부가 정보를 투명하게 공유하라고 강력히 촉구하면서 러시아 페스트 사고의 미스터리가 국제 안보 갈등으로 번지는 모양새다.로이터통신 등에 따르면 마코 루비오 미국 국무장관은 6일(현지시간) 아이슬란드를 방문한 자리에서 기자회견을 하고 이번 사안에 대해 ""러시아가 세계에 ...",https://n.news.naver.com/article/newspaper/009/0005745493?date=20261008,기타,0.004356364233561576,
조선일보,"[윤희영의 News English] 유엔, ‘노인 차별 금지’ 국제협약 만든다","인종과 성별에 따른 차별(discrimination based on race and gender)을 금지하는 국제 조약은 있지만, 나이를 차별 사유로 명시한 것은 없다. 유엔이 이 사각지대를 메우기(fill the blind spot) 위해 고령자 권리 보호 국제 협약 마련에 착수했다(get the ball rolling). 65세 이상 세계 인구는 향후 50년간 두 배로 늘어 전체의 5분의 1에 이를 전망이다.유엔 회원국들은 지난 7월 스위스 제네바에서 실무그룹 회의(working-group meeting)를 연 데 이어 이달 다시 모여 법적 구속력을 갖는 기본 원칙과 구체적 권리 항목(legally binding core principles and specific rights provisions)을 논의...",https://n.news.naver.com/article/newspaper/023/0004002652?date=20261008,업계,0.004249294721041446,
조선일보,[단독] 6년간 초중고생 51만명 줄었는데… 학교는 180곳 늘어,"기존 학교는 폐교 어렵고신도시에서는 계속 신설경기 화성시 비봉면의 비봉초는 전교생이 100명이 채 안 된다. 그런데 같은 비봉면에 비봉지구가 조성되면서 지난해 청연초가 문을 열었다. 비봉초에서 차로 6분 거리에 새로운 학교가 또 문을 연 것이다. 경기교육청은 2022년 청연초 신설을 승인하며 “비봉초가 작아지는 데 대한 대책을 마련하라”는 조건을 달았지만,비봉초 학생 수는 2024년 131명에서 올해 82명으로 급감했다.지난 6년간 초·중·고 학생 수가 50만명 넘게 줄었는데 학교는 오히려 180곳 늘어난 것으로 나타났다. 인구 감소로 학생이 줄어도 기존 학교를 폐교하긴 쉽지 않은 반면 신도시에선 학교 신설 수요가 꾸준히 있기 때문이다. 7일 한국교육개발원 교육통계에 따르면 초·중·고 학생은 2020년 53...",https://n.news.naver.com/article/newspaper/023/0004002735?date=20261008,경영,0.004156333019343754,
조선일보,우크라 “한국 정부가 러시아에 도움 줬다”… 한국 “사실과 달라”,"우크라, ‘석유 수출’ 英보도 인용청와대는 7일 한국이 러시아에 석유 제품을 공급했다는 외신 보도를 인용해 한국 정부가 대러시아 제재 정책에 배치되는 행동을 했다고 비판한 우크라이나 정부 측 주장에 대해 “사실과 다르며 부적절하다”고 밝혔다.앞서 영국 가디언은 6일 항만 기록과 선박 추적 데이터 분석을 토대로 지난 7~8월 유조선 7척이 14차례에 나눠 울산·여수 등 한국 여러 항구에서 실은 총 17만 6000t 이상의 석유 제품을 블라디보스토크 등 러시아 극동 지역으로 수송했다고 보도했다. 가디언은 수송된 제품 대부분은 우크라이나의 공세로 러시아가 가장 부족해하는 경유였다고 분석했다.이 같은 보도와 관련, 블라디슬라우 블라시우크 우크라이나 대통령실 제재 담당 보좌관은 자신의 소셜미디어에 “한국의 대러 제재...",https://n.news.naver.com/article/newspaper/023/0004002720?date=20261008,경영,0.004112786842711384,
동아일보,"베트남에서 온 유학생, 창원서 간호사 됐다",‘경남 첫 사례’ 부시하안 씨국가고시 후 청아병원 취업베트남 출신 유학생이 우리나라 간호사 국가시험에 합격한 뒤 경남 창원의 의료기관에 간호사로 취업했다. 유학생 신분으로 정규 4년제 간호 교육 과정을 이수하고 국가고시에 합격해 간호사로 임용된 건 이번이 경남 지역 첫 사례다.창원시는 6일 마산회원구 내서읍 청아병원에서 간호사로 첫 출근을 한 베트남 출신 부시하안 씨(25)를 찾아 축전과 꽃다발을 전달했다고 7일 밝혔다. 부시하안 씨는 2021년 마산대에서 근무하던 언니를 따라 마산대 간호학과에 진학했다. 이후 약 1000시간에 달하는 병원 임상실습 과정을 이수하고 지난해 대학을 졸업했다. 부시하안 씨는 올해 치러진 간호사 국가시험에도 합격했다. 창원에 정착하기로 결심한 그는 거주지 인근 청아병원 채용에 최...,https://n.news.naver.com/article/newspaper/020/0003753586?date=20261008,기타,0.004024806380889187,
조선일보,“제조현장 피지컬AI 사용… 랜섬웨어 피해 속출”,"생체인증 기술 활용 솔루션 등보안 업계 대응 전략 마련 분주산업계 전반에서 인공지능 전환(AX)이 가속화되면서 보안 업계의 대응 전략도 빠르게 바뀌고 있다. AI가 프로그램 제작과 공격 준비 과정을 자동화하고 있어 이를 탐지하고 차단하는 일도 갈수록 어려워지고 있다.6일 서울 강남구 코엑스에서 열린 ‘AI 페스타 26’의 한 사이버 보안 업체 부스를 찾은 육군 소속 중령은 “지금까지는 내부망을 폐쇄적으로 운영해 안전했는데, 인터넷에 연결해 AI를 쓰기 시작하면서 보안에 신경 쓸 일이 많아졌다”고 했다. 내부망을 별도로 분리해 백신으로 악성코드에 대응하던 때와 달리 새로운 보안 취약점이 생겨나고 있다는 것이다. 이날 한국남부발전, 수자원공사, 육군 등 내부망을 주로 쓰던 공공기관들이 부스를 찾았다.이번 행사에...",https://n.news.naver.com/article/newspaper/023/0004002676?date=20261008,기타,0.0039406388168905125,
한국경제,"부천 루미나래 숲길 낮엔 꽃, 밤엔 빛…체류형 관광 키운다","경기 부천시가 자연생태공원을 활용해 ‘체류형 관광도시’로의 변신을 꾀하고 있다. 낮에는 가을꽃을, 밤에는 숲과 폭포에 입힌 미디어아트를 즐기도록 하고, 입장료 일부를 지역화폐로 돌려줘 관광객의 발길을 전통시장과 골목상권 소비로 잇겠다는 전략이다.핵심 콘텐츠는 원미구 부천자연생태공원의 야간 미디어 테마파크 ‘부천 루미나래 도화몽’이다. 부천의 옛 지명 ‘복사골’에서 착안한 ‘도화몽(桃花夢·복사꽃의 꿈)’을 주제로, 약 1.5㎞ 숲길에 날씨와 계절을 소재로 한 12개 테마 공간을 꾸몄다. 숲과 절벽, 폭포, 연못 등 자연환경을 그대로 무대로 삼아 레이저 빗줄기와 번개, 홀로그램 오로라, 음악에 맞춰 쏟아지는 유성우 등을 연출했다.시는 10월 한 달간 공원에서 가을꽃 전시회를 연다. 낮에는 국화와 아스타를 비롯한...",https://n.news.naver.com/article/newspaper/015/0005340102?date=20261008,기타,0.003921236424593138,
한국경제,11조 '장충금' 유용해도 처벌 약해,"조인철 의원, 공동주택 실태감사행정지도·시정명령이 87% 차지아파트 단지에서 승강기 교체와 외벽 도색 등을 위해 적립하는 장기수선충당금이 11조원을 넘어선 것으로 집계됐다. 충당금을 다른 용도로 사용하는 등 위반 사례가 최근 5년간 3300건에 육박하는데도 관리·감독의 사각지대에 놓여 있다는 지적이 나온다.7일 국회 국토교통위원회 소속 조인철 더불어민주당 의원이 국토교통부로부터 받은 ‘공동주택 실태감사 자료’에 따르면 6월 기준 전국 공동주택의 장기수선충당금 적립 규모는 11조1680억원에 달한다. 관리 소홀과 부정 집행 사례도 증가하는 추세다. 2021년 579건, 2022년 588건, 2023년과 2024년 각각 673건에 이어 지난해에는 786건이 적발됐다.위반 유형별로는 정해진 용도가 아니라 일반 관...",https://n.news.naver.com/article/newspaper/015/0005340167?date=20261008,기타,0.003873025252456092,
매일경제,[알립니다] 풍성해지는 매경지면 … 럭셔리면·로펌면 신설합니다,[IMG01]매일경제가 독자 여러분께 더 풍성하고 깊이 있는 콘텐츠를 제공하기 위해 지면을 확대합니다. 10월 8일부터 매주 목요일 자 발행면을 기존 32면에서 36면으로 4개면을 늘립니다. 새롭게 선보이는 '럭셔리'(LUXURY) 면은 패션·뷰티·주얼리·워치·호텔·자동차 등 고품격 소비와 라이프스타일의 최신 흐름을 폭넓게 전합니다. 매일경제는 첫 번째 순서로 럭셔리의 대세로 자리 잡은 명품 시계를 집중 조명했습니다.  사업 현장을 이끄는 최고경영자(CEO)의 경영철학과 도전을 조명하는 '비즈니스리더'도 매주 독자 여러분을 찾아갑니다. 영남권의 산업·경제·사회 현장을 밀착 취재하는 영남면도 확대해 지역의 생생한 목소리를 더욱 충실히 담겠습니다. 격주로는 기업 활동과 맞닿은 법률 이슈와 법조계의 인물을 다루는...,https://n.news.naver.com/article/newspaper/009/0005745550?date=20261008,경영,0.0038319994683467798,
동아일보,"BTS 페루 첫공연, 수도 리마에 ‘BTS 대로’ 생겨","건축물에 보랏빛 점등, 라이트쇼도페루 수도 리마의 한 거리가 방탄소년단(BTS·사진)의 월드투어 공연을 기념해 일주일간 ‘BTS 대로(Avenida BTS)’로 명명됐다.소속사 빅히트뮤직에 따르면 BTS는 7일과 9, 10일(현지 시간) 페루 리마에 있는 에스타디오 산 마르코스에서 월드투어 ‘아리랑(ARIRANG)’을 개최한다. BTS가 페루에서 공연하는 건 2013년 데뷔한 뒤 처음이다.이에 리마의 ‘산티아고 데 수르코’구는 5∼11일 이 지역의 사크라멘토 거리를 한시적으로 ‘BTS 대로’로 부르기로 하고, 이를 알리는 표지판도 설치했다. 도심 곳곳에도 공연을 기념하는 볼거리가 마련됐다. 수르코 우정공원의 대표 건축물인 아르코 모리스코는 5일 BTS를 상징하는 보랏빛으로 점등됐고, 11일까지 매일 방탄소년...",https://n.news.naver.com/article/newspaper/020/0003753562?date=20261008,기타,0.003831902160307655,
매일경제,은행 '돈되는' PB센터만 50% 늘렸다,KB국민·신한 등 14개 은행서5년새 PB센터 70여곳 늘때일반점포는 600여곳 폭풍 감소PB 고객 이익이 일반의 52배금융약자 접근권 박탈 우려도은행들이 일반 영업점과 인력을 줄이는 가운데 고액자산가를 겨냥한 프라이빗뱅킹(PB)·자산관리(WM) 채널은 확대하고 있다. 비대면 금융 확산으로 일반 고객이 이용하는 대면 점포는 축소하는 대신 수익성이 높은 자산가 고객에게 대면 인력과 서비스를 집중하는 방식으로 영업망을 재편하는 모습이다.7일 한민수 더불어민주당 의원실이 은행권에서 제출받은 자료에 따르면 2021년 말과 올해 상반기 비교가 가능한 14개 은행의 PB·WM센터는 137곳에서 206곳으로 69곳(50.4%) 증가했다.같은 기간 국내 은행 전체 점포는 6121곳에서 5520곳으로 601곳(9.8%) 감...,https://n.news.naver.com/article/newspaper/009/0005745534?date=20261008,기타,0.003822415047469787,
한국경제,"'K실리콘밸리' 의정부, 150억 미래펀드 가동","8일 의정부시에 따르면 시는 지난 8월 시 첫 정책펀드인 ‘의정부시 미래산업 육성 펀드’를 150억원 규모로 결성했다. 시는 출자금 10억원을 마중물로 한국모태펀드 90억원과 운용사·민간 출자금 50억원을 끌어들였다. 이렇게 모은 금액은 당초 목표액(100억원)의 1.5배다. 투자 대상은 딥테크와 그린테크, 인공지능(AI), 바이오, 미디어·콘텐츠 등이다. 시는 출자금의 300％ 이상을 지역 기업에 투자하도록 조건을 달았다. 이에 따라 최소 30억원이 의정부 기업에 돌아간다.기업 유치도 본격화했다. 대만의 산업용 컴퓨팅·AI 솔루션 기업 윈메이트는 지난 7월 의정부에 약 1만㎡ 규모의 부지에 R&D·생산시설과 사옥을 짓겠다는 투자의향서(LOI)를 냈다. 시는 경제자유구역 후보지인 캠프 레드클라우드(CRC) ...",https://n.news.naver.com/article/newspaper/015/0005340094?date=20261008,업계,0.003782626418008059,
동아일보,"“내일은 맑고 춥다”… 전쟁이 낳은 측후소, 서울 날씨 100년을 쓰다[염복규의 경성, 서울의 기원]","日, 러일전쟁에 군사용 관측 시작1907년 경성 첫 관측 연건동에서 낙원동 거쳐 1932년 송월동 시대중일전쟁 계기 중앙관측소로 승격광복 뒤에도 송월동서 관측 이어가… 2017년 WMO ‘100년 관측소’로《서울의 근대 기상 관측소광복 직후인 1945년 10월 한 신문은 흥미로운 소식을 전했다. “전 경성측후소장 구보다는 8월 15일 이후 기상통계표와 암호전보 그 밖에 중요한 서류가 들어 있는 강철제 서류고를 파괴 소멸”시켰는데 “기상학계의 권위인 이원철 박사가 이 소식을 탐지하고 분노하여 군정 당국의 응원을 얻어 경성측후소를 급습”했다는 것이다. 궁지에 몰린 구보다는 “군에서 소각을 명령해왔음으로 한 일이요, 자기의 의사로 한 일은 아니라고” 변명을 했다고 한다. (자유신문, 1945년 10월 8일)》태평...",https://n.news.naver.com/article/newspaper/020/0003753475?date=20261008,경영,0.003660508593789466,
중앙일보,[사진] 다문화 가족들의 한글 오행시,한글날을 이틀 앞둔 7일 대구시 병암서원에서 열린 ‘제580돌 한글날 기념 다문화 한글 백일장’ 참가자가 한글로 ‘행복달서구’ 오행시를 짓고 있다. [연합뉴스]...,https://n.news.naver.com/article/newspaper/025/0003556475?date=20261008,기타,0.003652623970366422,
중앙일보,"“이화영, 가석방 요구…이 대통령에게 매우 화난 상태”","이화영 전 경기도 평화부지사의 변호인인 김광민 변호사가 이재명 대통령 측에 이 전 부지사의 가석방을 요구했다고 밝혔다.김 변호사는 7일 문화일보와의 인터뷰에서 “이 대통령 사건과 연루된 김용 민주연구원 수석부원장, 정진상 전 더불어민주당 대표실 정무조정실장, 대장동 일당은 모두 석방됐는데 이 전 부지사만 계속 수감돼 있다”며 “이 전 부지사가 형 복역 기간이 5년째 접어들면서 이 대통령에게 매우 화나 있는 상태”라고 말했다. 또 이 대통령 앞으로 서한을 전달하는 등 여러 경로로 이 전 부지사의 억울함을 전달했지만 ‘여러 가지로 신경 쓰고 있다’는 얘기만 돌아왔다고 했다. 이 전 부지사는 쌍방울 대북송금 사건과 관련해 외국환거래법, 정치자금법 위반 등 혐의로 징역 7년8개월이 확정돼 수감 중이다.이후 김 변호...",https://n.news.naver.com/article/newspaper/025/0003556478?date=20261008,기타,0.003587766802820126,
동아일보,‘분자 비대칭’ 100년 난제 해결… 노벨 화학상에 佛 카강-日 소아이,분자의 화학적 비대칭성 의문 풀어생명 기원 규명할 실마리 제공 평가日 2년 연속-10명째 화학상 수상분자가 두 가지 형태 중 유독 한 형태로만 늘어나는 ‘비선형 효과’를 규명한 프랑스와 일본 과학자가 올해 노벨 화학상을 공동 수상했다. 스웨덴 왕립과학원은 7일(현지 시간) 앙리 카강 프랑스 파리쉬드대 명예교수(96)와 소아이 겐소(硤合憲三·76) 일본 도쿄이과대 명예교수를 공동 수상자로 선정했다.노벨위원회는 이들에 대해 “비대칭 유기합성에서 비선형 효과와 자기촉매 작용을 발견한 공로를 인정했다”고 설명했다.일본은 지난해 기타가와 스스무(北川進) 교토대 교수에 이어 2년 연속 노벨 화학상 수상자를 배출했다. 소아이 교수까지 포함하면 지금까지 노벨 화학상을 받은 일본인 수상자는 10명에 이른다.올해 노벨 화학상...,https://n.news.naver.com/article/newspaper/020/0003753549?date=20261008,업계,0.0035472545887190524,
조선일보,업무·예약·결제 척척… “디지털 공간의 내 분신”,"오픈AI·메타 ‘AI 에이전트’ 써보니6일(현지 시각) 오전 9시, 인공지능(AI) 에이전트가 이날 일정과 답장이 필요한 중요 이메일을 정리해 메시지로 보내왔다. 각각 어떻게 처리할지 지시하자 AI는 알아서 답장을 보내고 새 일정을 캘린더 애플리케이션(앱)에 등록했다. 기존 선약과 겹치는 일정이 있자 “A는 조정하기 어려우니 B를 다음 주로 옮기면 어떻겠느냐”고 대안까지 제시했다. 일정의 시간, 장소, 주요 내용뿐 아니라 “출근 시간대이니 최소 1시간 반 전에 출발해야 한다”, “자동차보다 기차를 이용하는 편이 낫다”는 조언도 덧붙였다.기술은 단순 업무 보조에 그치지 않았다. 매달 3만원씩 내는 주택 보험을 해지하고 싶다고 하자, AI는 1년 6개월 전 이메일에 있던 주택 계약서를 찾아 검토한 뒤 “해지 시...",https://n.news.naver.com/article/newspaper/023/0004002675?date=20261008,경영,0.00348453288338599,
동아일보,차정인 “대입 개편안 연기 논의… 수능 서-논술형 공론화 더 필요”,"공정성 등 우려에 속도조절 나선듯차정인 국가교육위원장이 이달 말로 예정됐던 대입 제도 개편안 시안 발표를 연기할 수 있다고 밝혔다. 대학수학능력시험(수능) 서술·논술형 도입 등 주요 개편안을 놓고 채점 공정성과 사교육 확대 우려가 이어진 데 따른 것으로 풀이된다.차 위원장은 7일 국회 교육위원회 국정감사에서 “본래 10월 시안 발표에서 조금 더 준비해 발표를 늦춰야 하지 않느냐는 논의가 있다”며 “공론화가 부족한 상태로 시안을 발표하기보다는 대입 제도만이라도 공론화를 좀 더 해서 발표하는 게 맞지 않나 하는 생각”이라고 했다.당초 국교위는 이달 말 대입 제도 개편안을 포함한 ‘2028∼2037 국가교육발전계획’ 시안을 발표하고 내년 3월 확정할 계획이었다. 하지만 수능 서술·논술형 도입, 수능 절대 평가 등...",https://n.news.naver.com/article/newspaper/020/0003753573?date=20261008,기타,0.003479190348009687,
조선일보,"워싱턴서 열린 ‘한국 국경일’ 행사, 美 정보기관 인사들 일제히 불참","작년엔 차관, 올해는 부차관보참석한 당국자들 급도 낮아져한미 동맹이 대미 투자 지연, 쿠팡과 정통망법 문제, 정동영 통일부 장관의 북한 우라늄 농축 시설 공개 등으로 삐걱대면서, 지난달 29일 주미 한국 대사관이 워싱턴DC에서 개최한 ‘국경일(개천절) 및 국군의 날 리셉션’에는 예년과 달리 미국 정부 인사들이 대거 불참한 것으로 전해졌다.워싱턴 소식통은 7일 “한미 관계가 좋을 때는 미국 정부 인사들이 줄을 서서 축사를 했는데 올해는 소수의 실무진 외는 거의 오지 않았다. 한미 동맹의 위기를 피부로 느꼈다”고 말했다. 또 다른 외교 소식통은 “중앙정보국(CIA) 같은 정보기관에서도 매년 리셉션에 참석해 우리 측과 협의할 기회로 삼았는데, 국정원과의 정보 협력 관계가 흔들리면서 올해는 정보 당국자들이 일제히 ...",https://n.news.naver.com/article/newspaper/023/0004002727?date=20261008,경영,0.0034415935428193396,
중앙일보,"분자 100년 수수께끼 풀었다, 일본 2년 연속 노벨 화학상","오른손과 왼손처럼 서로 거울에 비친 모습이지만, 한쪽이 우세하게 만들어지는 두 분자의 화학 반응 원리를 밝혀낸 프랑스와 일본 과학자가 올해 노벨 화학상 수상자로 선정됐다. 7일(현지시간) 스웨덴 왕립 과학원은 2026년 노벨 화학상 수상자로 앙리 카강 프랑스 파리11대 명예교수와 소아이 겐소 일본 도쿄이과대 명예교수를 선정했다고 밝혔다. 일본은 지난해에 이어 2년 연속 노벨 화학상 수상자를 배출했다.자연계에는 같은 성분으로 이뤄졌지만, 왼손과 오른손처럼 서로 겹쳐지지 않는 이른바 거울상 관계 분자가 존재한다. 약을 만들 때 이런 비대칭 거울상 분자 중 한쪽은 원하는 치료 효과를 내지만 다른 한쪽은 부작용을 일으킬 수 있다. 노벨위원회는 두 연구자가 생명체에서 나타나는 이 같은 분자의 비대칭성이 형성되는 화학...",https://n.news.naver.com/article/newspaper/025/0003556429?date=20261008,업계,0.003318204917113032,
동아일보,권력의 진짜 얼굴[이은화의 미술시간]〈443〉,"1701년 프랑스 화가 이아생트 리고가 그린 63세의 ‘루이 14세’(사진)는 영원히 늙지 않을 군주처럼 당당하게 서 있다. 거대한 가발과 화려한 대관식 망토, 세월이 비켜간 듯 매끈하고 우아한 다리. 그 모습은 당대 최고의 초상화가가 창조해 낸 절대권력, ‘태양왕’ 그 자체였다.이 초상은 1700년 스페인 왕위에 오른 손자 펠리페 5세에게 선물하기 위해 제작됐다. 그러나 완성본을 본 루이 14세는 작품이 너무 마음에 들어 원본을 자신이 소장하고 복제본을 마드리드로 보내게 했다. 붉은 커튼의 극적인 연출, 힘을 상징하는 흔들리지 않는 대리석 기둥, 기단에 새겨진 정의의 여신과 화려한 왕권의 상징물들. 캔버스 속에 담긴 것은 노년의 왕이 세상에 각인시키고 싶었던 완벽한 자신의 이상향이었다.정작 그림 밖 현실은...",https://n.news.naver.com/article/newspaper/020/0003753476?date=20261008,기타,0.0032480779663575277,
매일경제,농지조사 반발에 'CPTPP 재검토'… 또 단추 잘못 채우나 [사설],"이재명 대통령이 포괄적·점진적 환태평양경제동반자협정(CPTPP) 가입 원점 재검토를 지시했다. 정부의 농지 전수조사에 이어 CPTPP 가입 추진으로 농심이 들끓자 입장을 바꾼 것이다. 이 대통령은 지난달 말까지만 해도 '수출시장 확대를 위해 자유무역협정(FTA)이 필요하다'면서 농어민층을 향해 '너무 걱정 마시기 바란다'는 글을 SNS에 올렸다. 농지조사 반발에 CPTPP 재검토로 답하는 것은 갈등 해결이 아니라 문제의 본질을 비켜 가는 선택이다.CPTPP는 일본·호주·캐나다·싱가포르·멕시코 등 12국이 참여하는 다자 무역 협정이다. 정부가 지난달 공개한 영향 분석에 따르면 가입 시 발효 10년 후 국내총생산(GDP)이 0.38%포인트 높아지고, 15년간 제조업 생산은 연평균 6조3000억~6조7000억원 ...",https://n.news.naver.com/article/newspaper/009/0005745471?date=20261008,경영,0.003222256739126015,
조선일보,"[단독] 지역국립대병원 6곳, 올 필수의료 전문의 채용률 50%도 안 돼","제주대·충북대병원은 10%대 그쳐지역 국립대병원 9곳 중 6곳이 올해 필수의료 전문의를 당초 계획의 절반도 채용하지 못한 것으로 나타났다. 제주대병원과 충북대병원은 채용률이 10%대에 그쳤다. 필수의료 기피에 수도권 쏠림까지 겹치면서 지역 거점병원의 의사 구인난이 심각해지고 있다는 지적이 나온다.7일 한지아 국민의힘 의원실이 서울대병원을 제외한 전국 국립대병원 9곳의 전문의 채용 현황을 분석한 결과, 올해 8월 기준 내과·외과·산부인과·소아청소년과·응급의학과·심장혈관흉부외과·신경외과·신경과 등 8개 주요 필수의료과의 채용률이 50%에 못 미친 병원이 6곳에 달했다.제주대병원이 49명 채용 계획에 5명만 뽑아 10.2%로 가장 낮았다. 충북대병원 12.5%(48명 중 6명), 경상국립대병원 27.3%(33명 ...",https://n.news.naver.com/article/newspaper/023/0004002737?date=20261008,기타,0.0032006019239651344,
동아일보,양쯔충 “우린 아시아서 시작해 세계로 달렸다”,"부국제 ‘올해의 亞영화인상’ 수상“훌륭한 얘기 많아 더 큰 목표 가져야영화는 내 삶, 매일 새로운 도전 꿈꿔”“영화는 제게 일이 아닙니다. 매일 아침 일어나 새로운 도전을 꿈꾸는 것, 삶 자체예요.”제31회 부산국제영화제(부국제)에 참석한 홍콩 배우 양쯔충(楊紫瓊·64)은 7일 부산 해운대구 영화의전당에서 가진 기자회견에서 영화에 대한 애정을 유독 강조했다. 그는 “상상할 수 없는 많은 걸 영화에서 배웠다”며 “내 인생은 영화를 빼놓고는 생각할 수가 없다”고 말했다.2011년 프랑스 영화 ‘더 레이디’ 이후 15년 만에 부산을 찾은 양쯔충은 6일 부국제 개막식에서 ‘올해의 아시아영화인상’을 수상했다. 이 상은 아시아 영화 산업과 문화 발전에 기여한 영화인에게 수여된다. 그는 “부국제처럼, 오랫동안 이 길을 ...",https://n.news.naver.com/article/newspaper/020/0003753560?date=20261008,기타,0.0031254759848151656,
매일경제,"'러 석유공급' 우크라 비난에 … 靑 ""사실확인 없이 왜곡말라""","靑 ""韓, 대러제재 꾸준히 이행""경유 수출 의혹 조목조목 반박한국과 우크라이나 간 외교적 충돌이 격화하고 있다. 양국이 북한군 포로 송환을 둘러싼 진실 공방을 벌이는 상황에서 한국이 러시아에 석유제품을 대거 공급했다는 외신 보도가 나오자 우크라이나 대통령실이 한국을 직격하고 나섰다. 한국 정부는 우크라이나 측에 ""사실관계 확인도 없이 대한민국 정책을 왜곡하지 말라""며 강경 대응 방침을 시사했다.가디언은 지난 6일 항만 기록과 선박 추적 데이터를 분석한 결과 지난 7~8월 유조선 7척이 울산과 여수 등 한국 항구에서 석유제품 17만6000t 이상을 싣고 14차례에 걸쳐 블라디보스토크 등 러시아 극동 지역으로 운송했다고 보도했다.보도에 따르면 운송된 석유제품 대부분은 경유였고, 운송에 동원된 유조선 7척 가운데...",https://n.news.naver.com/article/newspaper/009/0005745618?date=20261008,기타,0.0030565289328767704,
조선일보,[경제계 인사] 한국은행,▲한국은행▷부총재보 최영주▷경제연구원장 윤경수▷금융시장국장 이대건▷국제국장 김신영...,https://n.news.naver.com/article/newspaper/023/0004002671?date=20261008,경영,0.0030187305316570034,
매일경제,CLSA證 코스닥 시장조성계약 해지,"한국거래소가 씨엘에스에이(CLSA)코리아증권과의 코스닥시장 시장조성계약을 중도 해지했다. 7일 금융투자업계에 따르면 한국거래소는 전날 공시를 통해 CLSA코리아증권의 코스닥시장 59개 종목에 대한 시장조성계약을 해지한다고 밝혔다.중도 해지는 시장조성실적 평가 기준을 충족하지 못해 이뤄졌다.한국거래소 측에 따르면 CLSA코리아증권은 분기별로 진행되는 시장조성실적 평가에서 기준을 충족하지 못해 벌점이 누적됐다. 누적 벌점이 일정 수준을 넘어서면서 시장조성자 자격이 정지됐고, 1년간 시장조성 참여도 제한된다.다만 한국거래소는 이번 조치가 해당 증권사의 존속 문제나 애프터마켓 개설과는 무관하다고 설명했다.CLSA코리아증권은 홍콩에 기반을 둔 글로벌 금융사 CLSA의 한국 법인이다. 한국거래소는 지난해 말 한국IMC...",https://n.news.naver.com/article/newspaper/009/0005745515?date=20261008,경영,0.0029809623677810133,
조선일보,[양상훈 칼럼] 北이 ‘李 약점’ 이용할 생각 못하게 해야,대북 불법 송금사건 관련북은 이 대통령에 영향 미칠카드 갖고 있다고생각할 가능성 있어안보 위해서라도공소취소 깨끗이 포기를이재명 대통령이 북한이 군사분계선 남쪽에 매설한 지뢰에 우리 장병들이 심각한 부상을 입은 사건을 “불의의 사고”라고 한 것은 아무리 이해하려고 해도 이해가 되지 않는다. 더구나 국군의 날에 국군 장병들 앞에서 그랬다. 장병들이 당했는데도 정부는 북한에 사실상 아무런 조치를 하지 않고 있다. 트럼프가 미국 내 선거용으로 김정은과 평양 쇼를 하겠다면서 한미연합훈련 첫날 미군 지휘소를 철수시켰는데 이 대통령이 트럼프에게 “경의를 표한다”고 한 것도 납득할 수 없다.우크라이나가 북한군 포로를 한국으로 보냈다는 사실을 공개한 것도 이 대통령이 이렇게까지 화를 낼 일인지 모르겠다. 공개가 유감이라고 ...,https://n.news.naver.com/article/newspaper/023/0004002656?date=20261008,경영,0.0029736706437504985,
중앙일보,[사진] 경제 6단체장 만난 부총리 “투자 막는 애로 해소”,"이형일 부총리 겸 재정경제부 장관(왼쪽 셋째)이 7일 대한상공회의소에서 경제 6단체 대표와 만나 경제 성장과 양극화 완화를 위해 협력하자고 밝혔다. 이 부총리는 이 자리에서 “대규모 미래 투자를 추진하고, 기업 투자를 가로막는 현장 애로를 해소하겠다”고 말했다. 간담회에는 최태원 대한상의 회장, 류진 한국경제인협회 회장, 윤진식 한국무역협회 회장, 김기문 중소기업중앙회 회장, 최진식 한국중견기업연합회 회장, 이동근 한국경영자총협회 상근부회장이 참석했다. [연합뉴스]...",https://n.news.naver.com/article/newspaper/025/0003556451?date=20261008,경영,0.002949772167505762,
중앙일보,[사진] ‘시속 110㎞’ 롯데월드부산 새 롤러코스터,7일 롯데월드부산에서 ‘자이언트 레볼루션’이 시운전을 하고 있다. 최고 시속 110㎞로 세 번 급가속해 50m 상공까지 치솟는다....,https://n.news.naver.com/article/newspaper/025/0003556440?date=20261008,기타,0.0029431408567133174,
매일경제,[알립니다] 매경 AI·반도체 최고위과정 1기 모집,"매일경제신문사가 제1기 'AI·반도체 최고경영자과정'을 개설하고 원우를 모집합니다. 인공지능(AI)·반도체 패권전쟁 시대에 기업과 리더가 어디에서 기회를 찾고 어떻게 선점할 것인가를 국내외 최고 현장 전문가들과 함께 모색합니다.커리큘럼     총 13회 강좌. 글로벌 전략·R&D, 산업·투자·생태계, 차세대 먹거리 3개 트랙. 중국 베이징 2박3일 해외 현장연수 포함강사진     주임교수 이승우 유진투자증권 리서치센터장. 김승규 엔비디아코리아 대표, 김진국 전 SK하이닉스 CTO, 구형일 퓨리오사AI CAO, 안기현 한국반도체산업협회 전무 등일정·장소     2026년 11월 11일~2027년 2월 10일, 매주 수요일 오후 6시 30분~9시. 매일경제 교육센터교육비    800만원(VAT 별도). 석식·교...",https://n.news.naver.com/article/newspaper/009/0005736252?date=20261008,경영,0.0029074073473372474,
한국경제,안양 데이터 AI가 읽고 경찰 출동…146개국 '집중',"방범·교통·재난·복지 데이터스마트도시통합센터로 결집경찰·소방과 24시간 공조 체계해외 방문객 8000명 넘어유엔 산하 ITU 인증도 취득경기 안양시가 인공지능(AI)을 도시 운영 전반에 접목하며 ‘스마트도시 실험실’로 떠오르고 있다. 첨단 장비를 설치하는 데 그치지 않고 방범·교통·재난·복지 데이터를 스마트도시통합센터로 모아 AI가 분석하면, 경찰과 소방이 이를 토대로 현장에 출동하는 방식이다.실종된 치매 노인의 동선을 찾아내고 홀로 사는 고령자의 구조 요청을 감지하는 등 성과도 시민의 일상에서 나타나고 있다. 이 같은 운영 모델은 해외에서도 주목받아 통합센터를 찾은 해외 방문객이 146개국 8000명을 넘어섰다.◇ CCTV 뒤져 3시간 만에 실종자 발견8일 안양시에 따르면 시 스마트도시의 중심은 스마트도시...",https://n.news.naver.com/article/newspaper/015/0005340101?date=20261008,기타,0.0028276622618895533,
조선일보,박스권 갇힌 코스피… 왜 7000서 번번이 미끄러지나,"美 증시는 연일 뜨거운데…3줄 요약ㆍ외국인 투자자 9월 코스피 21조원 순매도ㆍAI 반도체 중 메모리 기업 주가 하락ㆍ삼성전자 실적 호조 시 수급 개선 가능성미국 뉴욕 증시가 연일 사상 최고치를 갈아치우고 있지만 코스피는 좀처럼 7000선에서 벗어나지 못하고 있다.6일(현지 시각) 미국 S&P500지수는 전 거래일보다 0.58% 오른 7818.95, 나스닥지수는 0.45% 상승한 2만7599.79에 마감했다. 두 지수 모두 사상 최고치다. 반면 한국 증시는 정반대다. 7일 코스피는 전 거래일보다 1.98% 하락한 6803.90에 마감했다. 고점 대비 25% 하락했다. 미국 증시는 매일 최고치를 쓰는데 코스피는 왜 7000 박스권에서 헤매는 것일까.◇외국인이 떠났다가장 큰 차이는 수급이다. 미국 증시에는 인공...",https://n.news.naver.com/article/newspaper/023/0004002664?date=20261008,경영,0.0028260532062560286,
동아일보,[인사]재정경제부 外,◇재정경제부〈전보〉▽국장급△소득법인세정책관 김건영 △재산소비세〃 김영노 ▽과장급△국고총괄과장 강경구 △공공정책총괄〃 김준철◇고용노동부▽국장급△경기지방노동위원회 위원장 김윤태◇한국은행△부총재보 최영주 △경제연구원장 윤경수〈보임〉▽국장△금융시장국 이대건 △국제국 김신영...,https://n.news.naver.com/article/newspaper/020/0003753591?date=20261008,경영,0.0027385986825274136,
동아일보,"강군의 성패, 결국 사람에 달렸다[기고/채성준]","최근 우리 군을 바라보는 국민의 시선이 편치 않다. 학군장교와 학사장교, 부사관 지원자는 줄고 초급간부의 조기 전역은 늘고 있다. 일선에서는 간부 부족으로 장교와 부사관의 업무 부담이 커졌다는 호소도 나온다. 다른 한편에서는 군인의 온라인 도박과 가상자산 투기, 과도한 채무와 사기 등의 일탈도 이어지고 있다. 성격은 서로 다르지만 군의 인적 기반과 직업윤리, 조직 관리 체계가 동시에 흔들린다는 점에서는 맞닿아 있다.이를 일부 장병의 기강 해이나 젊은 세대의 문제로만 봐선 안 된다. 학령인구가 감소하고 병영이 사회와 실시간으로 연결되면서 군을 지탱해 온 조건 자체가 달라졌다. 간부들도 군의 급여와 근무 환경, 경력 개발 가능성을 민간 일자리와 비교하는 만큼, 희생만을 강조해서는 우수 인재를 확보하고 붙잡아 두...",https://n.news.naver.com/article/newspaper/020/0003753477?date=20261008,기타,0.0027096421700902877,
한국경제,'해양 AI' 콕 집어 창업생태계 키우는 부산,亞 창업 엑스포 '플라이 아시아' 개막올해 해양특별관 처음으로 선봬LS일렉 등 40개 이상 기업 참여수소선박 연료추진 시스템 눈길투자사·펀드 운용사 매칭 기회도부산의 창업 박람회 ‘플라이아시아’가 해양산업과 인공지능(AI)을 중심으로 지역 기업의 해외 진출과 투자 유치 지원에 나섰다. 올해 처음 마련한 해양특별관에서는 수소추진선박과 스마트항만 등 부산의 산업 기반을 활용한 기술과 사업을 선보였다.부산시와 부산기술창업투자원은 7일 해운대구 벡스코 제1전시장에서 ‘플라이아시아 2026’을 개막했다. 행사는 다음날인 8일까지 이어진다. 지난해에는 40개국에서 2만여명이 찾았다. 올해는 전시장 규모를 지난해의 1.5배로 늘리고 해외 기업 전시관과 해양특별관을 마련했다.한국해양대를 주축으로 구성한 해양특별관에는 40...,https://n.news.naver.com/article/newspaper/015/0005340178?date=20261008,업계,0.002634700354014499,
한국경제,경찰? 중수청?…'금융권 해킹' 수사 관할 골머리,사건 1주일 넘도록 수사 주체 '혼란'경찰 전담팀 꾸려 대응 나섰지만중대범죄땐 중수청에 통보해야시중銀 동시에 뚫린 초유의 사태금융위 해석 기다리다 실기 우려금융권을 겨냥한 동시다발 해킹 사건을 경찰이 수사 중인 가운데 수사 주체가 중대범죄수사청으로 바뀔 가능성이 제기되고 있다. 금융위원회의 유권해석 결과 중수청 수사 대상으로 분류되면 경찰이 진행하던 수사를 중수청이 이어받는 ‘이어달리기식 수사’가 불가피할 것이라는 우려가 나온다.◇전자금융거래법 해석이 관건7일 법조계 등에 따르면 경찰과 중수청은 이번 금융권 해킹 사건이 중수청법상 직접 수사 대상인 중대범죄에 해당하는지 각각 검토하고 있다. 중수청법은 다른 수사기관이 중대범죄를 인지하면 중수청장에게 즉시 통보하도록 규정하고 있다. 중수청 수사 대상 사이버범죄...,https://n.news.naver.com/article/newspaper/015/0005340227?date=20261008,기타,0.0025619246782814316,
동아일보,"“하하하, 김정은과 얘기하고 싶으면 말해”… 北유엔대표부 전화하니 ‘金 조롱’ 메시지","[美, 해킹대응 회의 국정원 배제]北, 해킹 정황 음성 사서함 방치“세상에(Holy shit)! 우리 쓰레기 안 가져가? 하긴, 북한에서 우린 다 쓰레기지. 하하하!”미국 뉴욕 주유엔 북한대표부의 대표 전화번호로 7일 오전 6시 반경 전화를 걸었더니 몇 차례 신호 연결음이 울린 뒤 기괴한 고음의 여성 목소리가 흘러나왔다.이 음성 사서함에선 어색한 문법과 억양의 목소리로 “북한(North Korea)이 최고의 한국(best Korea)이야. 어떻게 아냐면, 우리는 국민을 굶기거든”이라는 말이 나왔다. 이어 “김정은 (북한 국무위원장)에게 이야기하고 싶으면 내게 말해”라며 “그러면 누군가 곧 밥을 먹게 될지도 모르지”라고도 했다.CNN에 따르면 각국 언론의 질의와 보도가 이어지고 있지만 북한대표부는 이 이상한 ...",https://n.news.naver.com/article/newspaper/020/0003753568?date=20261008,기타,0.0025422535704468217,
중앙일보,[김병기의 필향만리] 행복은 화목함에서 보람은 부지런함에서(一家之計在于和 一生之計在于勤),"가화만사성(家和萬事成)이라는 말이 있다. ‘가정이 화목하면 모든 일이 잘 이루어진다’라는 뜻이다. 집안일만이 아니다. 천하 모든 일의 성공과 실패, 행복과 불행은 다 화목에 달려 있다. 그래서 맹자도 “천시불여지리(天時不如地利) 지리불여인화(地利不如人和)”라고 했다. ‘하늘이 주는 좋은 때는 지리적 이로움만 못하고, 지리적 이로움도 사람의 화목만 못하다’는 뜻이다. 하늘과 땅이 나서서 도와도 사람끼리 화목하지 못하면 일을 이룰 수 없다. 설령 일을 이룬다 해도 뒤가 다툼으로 이어진다면 그 안에 무슨 보람이 자리하고 행복 자리하겠는가? 행복은 사람 사이의 화목함에 있으니, 이익 때문에 화목을 깬다면 화목이 깨진 그 자리가 바로 지옥임을 알아야 한다. 날마다 치고받고 싸우는 집안이라면 천만금이 있은들 무슨 소용...",https://n.news.naver.com/article/newspaper/025/0003556473?date=20261008,기타,0.0025176465116976536,
조선일보,어두운 침실서 휴대폰 보다 눈 통증·두통… 동공 커져서 생기는 급성 녹내장일 수도,"3줄 요약ㆍ어두운 환경 스마트폰 사용 급성 폐쇄각 녹내장 유발ㆍ동공 확대로 방수 배출 통로 막혀 안압 급상승ㆍ치료 지연 시 시신경 손상·치명적 후유증 발생어두운 침실에서 스마트폰을 보던 중 갑자기 한쪽 눈이 터질 듯 아프고 심한 두통이 나타난다면 단순한 피로나 편두통으로 넘겨서는 안 된다. 어두운 곳에서 동공이 커지는 상황이 ‘급성 폐쇄각 녹내장’ 발작을 유발할 수 있다는 안과 전문의 경고가 나왔다.순천향대 부천병원 안과 김민진 교수는 “급성 폐쇄각 녹내장은 눈속 액체인 방수가 빠져나가는 통로인 전방각이 갑자기 막히면서 안압이 급격히 상승하는 질환”이라며 “수 시간 내 안압이 40~60㎜Hg 이상으로 높아질 수 있으며, 높은 안압이 지속되면 시신경이 빠르게 손상될 수 있다”고 말했다.김민진 교수는 “특히 어...",https://n.news.naver.com/article/newspaper/023/0004002697?date=20261008,기타,0.0024937899142426327,
중앙일보,동맹인가 ‘돈맹’인가…“얼마 냈나”부터 보는 트럼프 [혈맹에서 거래 동맹으로],도널드 트럼프 미국 행정부 2기를 맞아 한ㆍ미동맹을 비롯한 글로벌 안보 질서가 중대한 전환점을 맞고 있다. 트럼프에게 동맹은 자유민주주의라는 가치를 공유하는 전통적 연대라기보다 미국이 부담하는 비용과 그 대가를 따지는 거래의 대상에 가깝다. 동맹국이 미국에 제공하는 실질적 이익과 비용을 계산하는 ‘거래형 동맹’의 성격이 한층 노골화하고 있다는 분석이 나온다.트럼프는 집권 1기(2017~2020년)에도 주한미군 주둔비와 한ㆍ미 연합훈련 비용을 반복적으로 문제 삼으며 동맹을 비용 논리로 접근했다. 2기 들어서는 이런 대차대조표식 계산이 방위비 분담을 넘어 통상ㆍ관세ㆍ투자ㆍ공급망ㆍ기술ㆍ에너지 등으로 확대되고 있다. 과거 별개의 영역에서 다뤄지던 현안들이 미국의 국가안보 전략 아래 하나의 패키지처럼 묶이는 양상이 ...,https://n.news.naver.com/article/newspaper/025/0003556501?date=20261008,경영,0.0024883713393504467,
동아일보,“점이 많으면 익히는데 고통”… 맹학교 학생들에 1년간 테스트,"송암 박두성의 한글 점자 ‘훈맹정음’육필 원고 3종으로 본 창안 과정‘32점식’ 등 12개의 점자 고안 검토… 실제 문서에 적용해 효율성 살펴봐자음-모음 오늘날까지 그대로 쓰여… ‘정교하게 설계된 글자’ 알 수 있어100년 전, ‘가갸날’(한글날) 제정과 함께 우리 글의 역사에 큰 걸음이 내디뎌졌다. 시각장애인 교육을 위해 헌신한 송암 박두성(1888∼1963·사진)이 1926년 11월 4일 제자들과 함께 연구한 한글 점자를 ‘훈맹정음(訓盲正音)’이란 이름으로 세상에 내놓았다.하지만 송암의 점자 창안 과정은 “배우기 쉽고, 점 수효가 적고, 서로 헷갈리지 않아야 한다”는 원칙을 세웠다는 것 말고는 구체적인 내용이 널리 알려지지 않았다. 9일 한글날을 앞두고 ‘훈맹정음의 유래’ 등 그가 남긴 육필 원고 3종(...",https://n.news.naver.com/article/newspaper/020/0003753594?date=20261008,기타,0.0024753372987510506,
중앙일보,[사랑방] 한국소방안전원 外,"◆한국소방안전원 신임 원장에 조선호 전 경기도소방재난본부장이 지난 6일 취임했다.◆(사)한국박물관협회(회장 조한희)는 12일 오후 2시 국립중앙박물관 대강당에서 협회 창립 50주년 기념식을 열고 제29회 자랑스런 박물관인상 시상식을 한다. 올해 수상자는 오순희 박을복자수박물관 관장, 윤숙자 떡박물관 관장, 송영숙 뮤지엄한미 관장, 전보삼 만해기념관 관장, 김차순 우제길미술관 관장이며 특별공로상에는 (재)행촌문화재단 김동국 이사장이 선정됐다.◆김세중 홍익대 공연예술대학원 교수와 소리꾼·배우 이자람씨가 (사)난계기념사업회(이사장 홍정수)와 충북 영동군이 공동 제정한 제28회 난계악학대상 및 공로상에 각각 선정됐다.◆신영균예술문화재단은 제16회 아름다운예술인상 수상자로 넷플릭스 ‘참교육’에 출연한 김무열 배우와 ...",https://n.news.naver.com/article/newspaper/025/0003556441?date=20261008,기타,0.002462689262082688,
한국경제,'원조 언양불고기의 맛' 10년 만에 돌아왔다,"울산 울주서 9~11일 축제구이터, 시식·판매장 마련울산 울주군은 9~11일 울산전시컨벤션센터(UECO) 옆 행사장에서 ‘2026 언양 한우불고기축제’를 연다고 7일 밝혔다. 언양에서 한우불고기축제가 열리는 것은 2016년 이후 10년 만이다.축제장에는 800명이 동시에 이용할 수 있는 대형 한우불고기 구이터와 한우 시식·판매장이 들어선다. 지역 농특산물 판매 부스와 어린이 마술쇼, 주민 공연, 현장 노래방 등도 운영한다. 어린이 나무놀이터와 체험부스, 플리마켓, 푸드트럭도 마련된다.울주군 언양과 봉계는 2006년 국내에서 유일하게 한우불고기특구로 지정됐다. 언양불고기는 양념한 한우를 석쇠에 구워 불향을 살리는 방식이다. 봉계는 소금으로 간한 한우를 숯불에 구워 고기 본연의 맛을 살리는 것으로 유명하다.울주...",https://n.news.naver.com/article/newspaper/015/0005340175?date=20261008,기타,0.0024543340607926577,
조선일보,“명태균에 무상 여론조사 의뢰한 증거 없어” 尹 항소심 무죄,"1심 징역 2년 판결 뒤집혀정치 브로커 명태균씨에게 대선 때 여론조사를 무상으로 제공받은 혐의로 기소된 윤석열 전 대통령이 7일 서울고법 형사7부(재판장 구회근) 심리로 진행된 항소심에서 무죄를 선고받았다. 윤 전 대통령 부부와 명씨 사이에 여론조사를 주고받기로 한 ‘암묵적 합의’가 있었다는 1심의 유죄 판단이 뒤집혔다. 서울고법 형사7부는 오는 23일 선고를 앞둔 오세훈 서울시장 ‘여론조사 비용 대납 의혹’ 사건 항소심도 맡고 있다.“여론조사 의뢰, 협의 없었다”서울고법 형사7부는 이날 정치자금법 위반 혐의로 기소된 윤 전 대통령과 명씨에게 각각 징역 2년과 징역 1년 6개월을 선고한 원심을 깨고 모두 무죄를 선고했다. 윤 전 대통령은 2022년 대선을 앞두고 명씨에게 58차례에 걸쳐 2억7440만원 상당...",https://n.news.naver.com/article/newspaper/023/0004002712?date=20261008,기타,0.0024375919781283784,
동아일보,[인천판/게시판]인천 外,"〈모집〉 인천 □그림책 교실=초등학교 2∼4학년생 대상 ‘그림책과 어울림―노란 길을 지켜줘’ 참가자 20명. 10일 오후 2∼3시 인천도서관 세미나실2.□인문 강좌=초등학교 3, 4학년생 대상 ‘정의, 모두에게 같은 의미일까?’ 참가자 15명. 17, 24일 오전 10시∼낮 12시 중앙도서관 배움1실.□저자 특강=‘이진희 작가와의 만남―팝콘 인문학 수업’ 참가자 20명. 22, 29일 오후 4∼6시 영종하늘도서관 세미나실1.□문화 강좌=‘독도의 날 기념 작가와의 만남’ 참가자 40명. 25일 오후 2시∼3시 반 신트리도서관 여름강의실.□만들기 교실=‘가을을 담은 캘리그라피 엽서 만들기’ 참가자 15명. 26일 오전 10시∼낮 12시 주안도서관 꿈디미디.□영어 교육=초등학생 대상 ‘달튼외국인학교와 영어 그림책...",https://n.news.naver.com/article/newspaper/020/0003753536?date=20261008,기타,0.002408140894912397,
동아일보,"염소가스에 놀란 제주, 수영장 특별점검",물놀이 시설 안전관리 강화호텔 누출 사고로 59명 병원행약품 투입-대피 등 매뉴얼 정비호텔 직원 초동대응 교육 강화5성급 호텔에서 염소가스가 발생해 59명이 병원으로 이송되는 사고로 겪은 제주도가 화학물질 안전관리 기준을 대폭 강화하기로 했다.제주특별자치도는 화학물질을 다루는 도내 시설 전반에 대한 안전관리를 대폭 강화한다고 7일 밝혔다.이번 조치는 1일 제주 서귀포시 색달동에 있는 5성급 호텔 수영장에서 발생한 염소가스 누출 사고로 인해 시작됐다. 당시 호텔 관계자가 수영장 기계실에서 소독제를 보충하던 중 차아염소산나트륨 약품을 수소이온농도(pH) 조절제 통에 잘못 주입했다. 두 약품이 만나면 독성 물질인 염소가스가 발생한다. 오주입으로 기계실 내부 염소가스 농도는 일시적으로 50ppm(1ppm은 100만...,https://n.news.naver.com/article/newspaper/020/0003753588?date=20261008,업계,0.0024070286104362266,
매일경제,[부음] 윤영배씨 별세 외,"▲윤영배씨 별세, 유현숙씨 배우자상, 윤택근 윤신근 윤동근씨 부친상, 김정미 허명자씨 시부상, 윤문정(코리아헤럴드 편집부 외신팀 대리) 윤효정 윤정훈 윤애정 윤라영 윤수영씨 조부상=6일 연세대 세브란스병원, 발인 9일 오전 7시 40분. (02)2227-6151▲이주우씨 별세, 박송자씨 배우자상, 이상길(연세암병원 병원장) 이상도 이상헌씨 부친상, 김선경 최나리씨 시부상=5일 연세대 세브란스병원, 발인 8일 오전 10시. (02)2227-7500▲신경도씨 별세, 지선희씨 배우자상, 신창주 신윤정(아시아나항공 차장) 신혜영씨 부친상, 이성춘(여수 좌수영요양병원 원장) 김승현(중앙일보 논설위원) 조장호씨(한국전기안전공사 부장) 장인상=6일 여천장례식장, 발인 8일 오전 9시 30분. (061)685-4444...",https://n.news.naver.com/article/newspaper/009/0005745444?date=20261008,기타,0.0023385214752479344,
매일경제,"HJ중공업, 함정정비 MRO사업 명가 … 美해군 시장 본격 진출","HJ중공업이 함정 건조를 넘어 미 해군 유지·보수·정비(MRO) 사업을 새로운 성장축으로 키우고 있다. 국내 함정 MRO에서 축적한 기술력과 경험을 바탕으로 미 해군 시장 진출을 본격화하면서 글로벌 방산 조선사로 도약한다는 전략이다.HJ중공업은 1974년 국내 최초의 해양방위산업체로 지정된 이후 50여 년간 1300여 척의 함정과 경비함, 군수지원 체계를 건조·정비해왔다. 특히 고속함정 분야에서는 해군 참수리 고속정 100여 척, 유도탄고속함 8척, 신형 고속정 32척을 모두 건조하며 독보적인 입지를 구축했다. 국내 최대 함정인 독도함과 마라도함을 건조했으며, 공기부양식 고속상륙정(LSF-Ⅱ)을 국내에서 유일하게 설계·건조할 수 있는 조선사이기도 하다.MRO 분야에서도 함정 창정비와 성능 개량 사업을 수행하...",https://n.news.naver.com/article/newspaper/009/0005745372?date=20261008,경영,0.002319465691144464,
동아일보,"“초판본, 그 속에 담긴 오류마저도 열정의 소산”","30년째 초판본 수집 김기태 교수김환기의 그림 실린 황순원 ‘학’ 등 지금까지 모은 단행본만 5만 종2년전 전문서점 ‘처음책방’ 열기도… “이게 다 역사, 후손들에 물려줘야”1948년 2월 16일인 윤동주 시인 3주기 추도식에 맞춰 출판사 ‘정음사’는 유고 시집을 내려 했다. 하지만 시간이 부족해 급한 대로 동대문에서 벽지를 구해 겉표지를 만들고 시집 10권을 제본했다. 그렇게 세상에 나온 게 ‘하늘과 바람과 별과 시’ 최초본. 정식 초판본보다도 약 한 달 앞서 출간됐다.5일 경기 이천시에 있는 ‘처음책방’. 가로세로 125X185mm 작은 책을 김기태 세명대 미디어콘텐츠창작학과 교수(63)가 가리켰다. 갈색 표지엔 벽지의 거친 질감이 그대로 남아 있었다.“이게 그 최초본이에요. 그땐 이렇게라도 만들 수밖에...",https://n.news.naver.com/article/newspaper/020/0003753596?date=20261008,기타,0.0021991881519466514,
매일경제,[인사] 재정경제부 / 개인정보보호위원회,■재정경제부 ◇국장급 전보 △소득법인세정책관 김건영 △재산소비세정책관 김영노 ◇과장급 전보 △국고총괄과장 강경구 △공공정책총괄과장 김준철■개인정보보호위원회 ◇위촉 △개인정보보호위원회 위원 이성엽 박민철 양동훈...,https://n.news.naver.com/article/newspaper/009/0005745443?date=20261008,경영,0.002183736566887629,
매일경제,[필동정담] 허진호가 잘못한 것,"감독 허진호는 '리모컨'으로 대한민국을 울렸다. 영화 '8월의 크리스마스'. 생이 얼마 남지 않은 주인공(한석규)이 아버지(신구)에게 TV 리모컨 조작법을 알려주는 장면에서 눈물샘이 터진다. 필자도 볼 때마다 리모컨 신에서 오열한다.그의 신작 '암살자(들)'을 봤다. 200만 관객 돌파 소식이 들렸던 개천절 연휴. 이른 시간인데 객석의 40%가 채워졌다. 만듦새에서 이름값을 했다. 1974년 육영수 여사 피격 사건을 모티브로 전후 상황을 밀도 있는 상상력으로 끌고 간다. 단, 피격 사건과 인과성이 없는 허구다. 다이소에서 초강력 본드를 사다 쓴 것처럼, 허구의 전후 상황이 딱딱 붙는다. 이 접착력이 불편한 관객은 기껏 돈을 쓰고 스트레스에 시달릴 수 있다.영화를 보며 2005년 서초동 법원·검찰을 취재하던 ...",https://n.news.naver.com/article/newspaper/009/0005745472?date=20261008,기타,0.002078652768990159,
중앙일보,[우리말 바루기] 새롭게 등재된 표준어,"내일은 훈민정음 반포를 기념하는 한글날이다. 한국인이라면 누구나 한글을 쓰지만, 사실 우리말을 제대로 쓰는 게 쉽지만은 않다. ‘우리말 바루기’의 오랜 독자라면 이 이야기에 더욱더 동감할 것이다. 헷갈리고 틀리기 쉬운 단어와 용법이 이렇게 다양하다는 걸 미처 몰랐다는 독자가 많다.언어는 끊임없이 생성, 소멸, 변화하기 때문에 새롭게 등장한 낱말이 표준어로 등재되기도 하고, 더 많이 쓰이는 비표준어가 표준어와 자리를 바꾸기도 한다. “내가 학교에 다닐 적에는 이렇게 썼는데…”라며 바뀐 표준어로 인해 혼란스러웠던 경험이 있다면 바로 이 때문이다.언어는 시대상을 반영하기 때문에 모든 신조어가 표준어로 등재되는 것은 아니지만, 당대에 많이 쓰이고 있다는 대표성을 인정받으면 새롭게 표준국어대사전에 표준어로 오르게 된...",https://n.news.naver.com/article/newspaper/025/0003556455?date=20261008,경영,0.00207521144671035,
조선일보,[리빙포인트] 건조한 방에 솔방울,솔방울을 물에 충분히 적셔 방 안에 두면 수분이 서서히 증발해 ‘천연 가습기’ 역할을 한다. 은은한 솔 향도 즐길 수 있다....,https://n.news.naver.com/article/newspaper/023/0004002725?date=20261008,기타,0.0020722577363507457,
매일경제,카카오엔터·美 AMG…K팝 세계 공략 '맞손',"브루노 마스 키운 음악명가와음악 제작·팬덤 확대 등 협력카카오엔터테인먼트가 미국 애틀랜틱 뮤직그룹(AMG)과 손잡고 K팝 아티스트의 글로벌 시장 공략에 나선다. 해외 진출 전략을 초기부터 함께 설계하고 음악 제작부터 유통, 마케팅, 팬덤 소통까지 전방위로 협력하는 방식이다.카카오엔터테인먼트는 워너뮤직그룹 산하 AMG와 전략적 파트너십을 체결했다고 7일 밝혔다.AMG는 애틀랜틱 레코드, 10K 프로젝트, 300 엔터테인먼트를 중심으로 여러 레이블을 거느린 음악 그룹이다. 팝과 힙합, 리듬앤드블루스(R&B), 록 등 다양한 장르를 아우르며 아티스트 발굴과 육성, 음반 제작을 지원해왔다.대표 레이블인 애틀랜틱 레코드는 레이 찰스와 어리사 프랭클린, 레드 제플린 등의 음반을 선보인 바 있다. 브루노 마스, 찰리 x...",https://n.news.naver.com/article/newspaper/009/0005745418?date=20261008,기타,0.0020455593448299014,
중앙일보,[한 컷] 단풍은 조연,단풍보다 고운 한복을 차려입은 세 모녀가 7일 창덕궁 후원에서 초가을 추억을 사진으로 남기고 있습니다. 가을빛이 완연한 날씨에 사랑하는 사람과 나들이하기에 좋은 계절입니다....,https://n.news.naver.com/article/newspaper/025/0003556436?date=20261008,기타,0.002028173512473806,
동아일보,부산시 홈페이지 새단장… ‘AI 비서’ 시범 도입,"부산시는 민선 9기 출범 100일을 맞아 공식 홈페이지 메인 화면을 개편하고 생성형 인공지능(AI) 기반 ‘AI 시민비서’를 시범 운영한다고 7일 밝혔다.우선 기존 이미지·영상 중심의 화면 구성 대신 시민들이 즐겨 찾는 정보에 쉽게 접근할 수 있도록 3분할 구조로 바꿨다. 왼쪽에는 육아, 청년, 소상공인, 공공시설 등 이용빈도 분석을 통해 선정된 주요 서비스를 배치했다. 오른쪽에는 최신 공지사항과 보도자료, 시 공식 소셜네트워크서비스(SNS) 콘텐츠를 실시간으로 노출해 생생한 시정 소식을 빠르게 전달한다. 화면 중앙에는 주요 정책과 행사 등 주요 소식을 한눈에 확인할 수 있도록 배치했다.시범운영하는 AI 시민비서는 시민들의 다양한 질문에 24시간 응답하는 생성형 AI 기반 챗봇 서비스다. 표준어와 부산 사투...",https://n.news.naver.com/article/newspaper/020/0003753540?date=20261008,기타,0.0019838853459604264,
매일경제,오늘의 운세 2026년 10월 8일 木(음력 8월 28일),신단수·미래를 여는 창...,https://n.news.naver.com/article/newspaper/009/0005745450?date=20261008,기타,0.0019624395176543637,
동아일보,"CJ프레시웨이, AI로 식습관 관리","CJ프레시웨이가 인공지능(AI)을 활용한 영유아 식습관 관리 서비스를 강화하고 있다.CJ프레시웨이는 키즈 식품 전문 브랜드 ‘아이누리’를 통해 어린이집과 유치원에 AI 식습관 관리 솔루션 ‘냠냠키즈’를 운영하며 영유아 식습관 관리를 지원하고 있다고 7일 밝혔다. 냠냠키즈는 AI 스캐너로 아이들의 식사 전후 식판을 찍어 섭취량과 잔반량을 분석하고, 이를 바탕으로 식사교육 콘텐츠와 영양 리포트를 제공하는 서비스다. 지난해 11월부터 운영을 시작해 올해 9월 기준 어린이집과 유치원 79곳에 AI 푸드스캐너 119대가 설치됐다. 누적 이용 아동은 1844명, 식사 데이터는 21만8000여 건이다....",https://n.news.naver.com/article/newspaper/020/0003753499?date=20261008,업계,0.0019500727988753799,
한국경제,"국감장 등장한 박진영 ""패노메논 행사 사비 써""","문화체육관광위 국감4대 대형 기획사 중 한 곳인 JYP의 수장 박진영 대중문화교류위원장(사진)이 7일 패노메논 행사 논란에 대해 “특혜를 받는다고 하기에는 조금 그렇다”고 반박했다. 그는 “사비를 많이 썼고, 상표권 취득으로 JYP에 남는 것은 없다”고도 했다.박 위원장은 이날 국회 문화체육관광위원회의 문화체육관광부 국정감사에 증인으로 출석해 “패노메논 행사 때 4개사의 대표 가수들이 이걸 안 하고 따로 공연하면 두 배, 세 배의 수익을 낸다”며 이같이 말했다.내년 12월 개최되는 패노메논은 미국의 ‘코첼라’를 본떠 대중문화교류위원회가 기획한 행사다. JYP SM YG 하이브 등 4대 기획사가 전담법인을 꾸려 행사를 주도하고, 관이 지원하는 구조다. 내년에 편성된 예산은 150억원이다. 국가 단위 사업인 패...",https://n.news.naver.com/article/newspaper/015/0005340260?date=20261008,기타,0.0019467468625638021,
한국경제,광장에 차린 이동시장실…이기형의 '현장소통',"이기형 김포시장이 시장실을 벗어나 시민을 직접 찾아가는 ‘이동시장실’로 현장 소통에 나서고 있다.8일 김포시에 따르면 시는 지난 8월 28일부터 9월 22일까지 ‘시장이 온(ON)다!’ 이동시장실을 네 차례 운영했다. 구래역 광장과 김포아트빌리지, 통진공영주차장, 김포5일장 등 시민이 많이 찾는 곳에 시장실을 차리고 사전 신청 없이 현장에서 시민을 만났다. 기존 방식만으로는 생활 속 불편을 제대로 파악하기 어렵다고 판단했기 때문이다.성과는 빠르게 나타났다. 양촌읍 양곡2리의 한 주민은 경로당 인근 버스정류장에 노선 안내판이 없다고 건의했다. 시는 바로 다음 날 노선도와 배차 시간표를 설치했다. 모담산 등산로에 벤치를 놓아 달라는 요청은 예산 부족 등을 이유로 여러 차례 미뤄졌지만, 이번에는 닷새 만에 해결됐...",https://n.news.naver.com/article/newspaper/015/0005340097?date=20261008,기타,0.0019310433924947191,
매일경제,[목대균의 글로벌 인사이트] '대답' 잘하는 AI는 기본 … 이젠 업무 '위임' 받는 AI로 승부,"쇼핑·결제 AI가 처리검색→클릭 시대 끝나기술보다 신뢰가 중요지난 9월 21~22일 미국 뉴욕 증시에서 반도체주가 치솟는 사이 은행·보험·여행주는 미끄러졌다. 방아쇠는 메타가 내놓은 개인 AI 에이전트 '뮤즈(Muse)'였다. 이메일을 보내고 여행을 예약하고 상품을 비교해 결제까지 한다. 출시 2주 만에 다운로드는 250만건을 넘었다. 투자자들은 AI의 다음 승부가 '말솜씨'보다 '실행'에 있다는 것을 눈치챘다. 앱 하나가 반도체와 유통, 여행, 금융의 몸값을 다시 매겼다.생성형 AI는 질문에 답했다. 에이전틱 AI는 한 걸음 더 간다. 목표를 이해하고 일을 쪼갠 뒤 여러 서비스를 오가며 직접 처리하고, 중요한 결정 앞에서는 사용자의 승인을 다시 받는다.상거래에서 변화는 더 선명하다. 월마트의 쇼핑 에이전트...",https://n.news.naver.com/article/newspaper/009/0005745446?date=20261008,경영,0.00187527123857017,
한국경제,"최현덕 남양주시장 ""왕숙 집 짓기 전 교통망부터…자족도시로 만들 것""",최현덕 남양주시장 인터뷰'선철도·도로망 후입주' 원칙GTX-D·E·F·G 조기 연결판교 1.7배 첨단산단 조성AI·첨단 제조기업 유치할 것경기 남양주시가 왕숙신도시 등 대규모 주택을 공급하기 전에 철도와 도로망부터 갖추는 ‘선교통 후입주’를 교통정책 원칙으로 세웠다. 판교 제1첨단산업지구의 1.7배 규모 첨단산업단지를 조성해 기업과 일자리를 끌어들이겠다는 계획이다. 주택만 늘어나는 베드타운이 아니라 자족도시로 바꾸겠다는 구상이다.최현덕 남양주시장은 8일 한국경제신문과의 인터뷰에서 “대규모 주택을 공급하기 전에 교통부터 준비해야 한다”며 “교통시설이 입주보다 늦어지면 그 불편은 고스란히 시민이 떠안게 된다”고 말했다. 남양주에서는 왕숙신도시 등 기존 개발사업과 신규 공공택지 개발이 동시에 진행되고 있다. 신규...,https://n.news.naver.com/article/newspaper/015/0005340109?date=20261008,경영,0.00187028058520207,
동아일보,[고양이 눈]독서 명당,책 하나만 쏙 들어가는 앉은뱅이 책상. 한 문장 읽고 눈높이가 맞는 창밖 풍경 한 번 보고 시간 가는 줄 모릅니다. 책 읽기에 이보다 좋은 자리가 있을까요.―서울 종로구 필운동에서...,https://n.news.naver.com/article/newspaper/020/0003753479?date=20261008,기타,0.0018385431938107955,
동아일보,[광화문에서/이새샘]수도권 집값만 보는 사이… 미분양-전세난 겪는 지방,"지난달 대구 달서구에서 난데없는 ‘전세 오픈런’이 벌어졌다. 신축 아파트 전세가 시세 대비 저렴하게 나오자 이를 계약하려는 사람들이 밤새 줄을 서 대기한 것이다. 해당 아파트는 준공 후에도 미분양이 해소되지 않은 아파트를 매입해 임대하는 기업구조조정(CR) 리츠 물량이었다. 수요가 없어 미분양된 아파트인데, 공공 보증과 함께 전세로 나오자 ‘오픈런’을 부를 정도로 인기를 끈 것이다.민간 부동산 통계를 내는 KB부동산에 따르면 지방의 전세수급지수는 100을 훌쩍 넘긴 지 오래다. 전세 수요가 공급보다 많다는 의미다. 대구, 부산 등은 주택임대차보호법 개정 여파로 전세가 급등했던 2021년 수준에 육박하고 있다. 한국부동산원 통계에서도 지방 아파트 전세 가격은 지난해 8월 이후로 계속해서 상승 중이다.반면 지방...",https://n.news.naver.com/article/newspaper/020/0003753481?date=20261008,경영,0.001816481518703731,
한국경제,[포토] 에버랜드 붉게 물들인 코키아,7일 경기 용인 에버랜드 하늘정원길에서 방문객들이 붉게 물든 코키아(댑싸리)를 배경으로 가을 정취를 즐기고 있다.삼성물산 제공...,https://n.news.naver.com/article/newspaper/015/0005340186?date=20261008,기타,0.0017991568928640359,
한국경제,"양자경 ""저도, 부산국제영화제도 세계를 향해 달리며 꿈 이뤘죠""","올해의 아시안영화인상 수상""이창동 감독과 작업 기다려""“부산국제영화제처럼 저도 오랜 시간 이 길을 걸어왔습니다. 우리는 아시아에서 시작해 세계로 향해 달렸고, 어떤 방식으로든 그걸 이뤘다고 생각합니다.”7일 부산 우동 영화의전당에 모습을 드러낸 배우 양자경(사진)은 “영화 없이 어떻게 살아야 할지 모르겠다”며 이렇게 말했다. 15년 만에 찾은 부산국제영화제(BIFF)를 마치 오랜 세월 같은 목표를 이루기 위해 노력한 동료처럼 표현하며 남다른 감회를 드러냈다.양자경은 전날 ‘제31회 BIFF’ 개막식에서 아시아 영화산업과 문화발전에 기여한 영화인에게 주는 ‘올해의 아시안영화인상’을 받았다. 수상을 기념해 이날 열린 기자회견에 나선 그는 “내게 연기는 인생 자체”라며 감사를 전했다.양자경은 아시아를 넘어 국제 ...",https://n.news.naver.com/article/newspaper/015/0005340211?date=20261008,기타,0.0017979871582258313,
조선일보,한숨 대신 “음~~” 콧노래… 돈 안 드는 스트레스 해소법,"‘허밍 건강법’이 뜬다3줄 요약ㆍ허밍할 때 비강 산화질소 15배 증가ㆍ성대 진동으로 미주신경 자극해 부교감신경 활성화ㆍ장비 없이 느린 호흡 유도해 심신 안정“흥얼흥얼 콧노래가 몸과 마음을 좋게 한다.”입을 다문 상태에서 코와 입천장 쪽으로 소리를 울려 콧노래를 부르거나 웅성거리는 소리를 내는 허밍(humming)이 건강 상에 상당한 효과를 낸다는 연구들이 나오면서, 허밍 건강법이 주목받고 있다.허밍을 하면 목과 얼굴에 잔잔한 진동이 느껴진다. 숨은 자연스럽게 길게 내쉬게 된다. 특히 코와 부비동에서는 평소와 다른 공기 흐름이 만들어진다. 최근 연구에서는 이 과정에서 심박변이도(HRV)가 증가하는 등 자율신경계에 변화가 생기는 것으로 나타났다.허밍을 하면 코에서 나오는 산화질소(nitric oxide·NO)가...",https://n.news.naver.com/article/newspaper/023/0004002702?date=20261008,기타,0.001756938812888014,
매일경제,[최재원의 이슈플러스] 반도체ELS에 뭉칫돈 몰리는데… 3년내 삼전닉스 휘청이면 대규모 원금 손실 주의보,"다시 뜨는 ELS, 리스크도 체크年10~20% 수익에 투자자 몰려3분기 7.6조 팔려…전년比 33%↑삼전닉스 추종하는 3년 만기상품기준 주가 35% 미만으로 하락땐투자자 원금 절반 이상 잃을 우려글로벌 경기 민감한 메모리 업황3년 후 실적 증권사도 장담 못해주식시장이 급등 이후 숨 고르기에 들어가면서 주가연계증권(ELS) 시장으로 뭉칫돈이 몰리고 있다. 주가가 단기간에 큰 폭으로 오르기보다는 일정한 범위 안에서 등락을 거듭하자 상대적으로 높은 쿠폰 수익을 제시하는 ELS가 투자 대안으로 부각되는 모습이다.하지만 만기가 통상 3년에 달하고, 투자 기간 중 기초자산 가격이 일정 수준 아래로 떨어질 경우 원금 손실 위험이 발생할 수 있다는 점에서 단순히 제시된 쿠폰 수익률만 보고 접근해서는 안 된다는 지적이 나온...",https://n.news.naver.com/article/newspaper/009/0005745447?date=20261008,경영,0.0017500034086951265,
동아일보,"강신철 “北 MDL 침범, 유엔사 조사후 조치… 확성기 효과는 의문”","[李정부 2년차 국감]국감서 “우리 대응에 당황했을 것… 확성기 강력 수단이면 제가 썼죠”9·19합의 안보공백 지적에 동의도…野 “지뢰 제거는 쇼, 소극대응” 질책강신철 국방부 장관이 7일 국회 국방위원회 국정감사에서 군사분계선(MDL) 이남에 매설된 북한 지뢰가 수백 발로 판단된다고 밝힌 가운데 향후 유엔군사령부와 공동 조사 후 대북 통지를 통해 정전협정 위반 행위 중단과 원상 복구를 강력히 촉구하겠다고 밝혔다.앞서 군은 5일 비무장지대(DMZ) 지뢰 폭발 최종조사 결과에서 25사단 외에 MDL 이남 북한 지뢰 지대 여러 곳이 추가 식별됐다고 밝힌 바 있다. 야당은 우리 장병 3명이 부상한 북한 지뢰 도발이 명확히 드러났음에도 정부와 군이 소극적으로 대응한다고 비판하면서 대북 확성기 방송 재개 등 단호한 ...",https://n.news.naver.com/article/newspaper/020/0003753569?date=20261008,기타,0.001740748739016414,
동아일보,가을 정취 속으로… 댑싸리 물결 주말 절정,6일 경기 용인시 에버랜드 하늘정원길을 찾은 시민들이 붉게 물든 코키아(댑싸리) 사이에서 가을 정취를 즐기고 있다. 에버랜드는 코키아가 이번 주말 절정에 이를 것이라고 7일 밝혔다....,https://n.news.naver.com/article/newspaper/020/0003753506?date=20261008,기타,0.0017228188424486888,
조선일보,미군의 여성 살해에 또 뒤집어진 오키나와,"日 시민단체 등 항의 시위 잇따라미군, 장병들 30일간 외출 금지령일본 오키나와에서 미군 병사가 강도 살인 혐의로 체포되면서 미군에 대한 반감이 확산되고 있다. 오키나와 주둔 미군은 6일 밤 다음 날 정오부터 48시간 동안 작전을 중단하고, 이후 30일간 소속 장병의 외출(자정부터 오전 5시까지)을 금지한다고 발표했다. 오키나와 미군 최고 책임자인 벤저민 왓슨 조정관은 발표문에서 “지역 사회의 신뢰가 훼손되면 동맹의 힘과 지역 안보에도 영향을 미친다”며 “규율과 책임에 대해 숙고하기 위한 것”이라고 밝혔다.앞서 지난 3일 오키나와현 경찰은 나하시 한 호텔에서 39세 여성이 숨진 채 발견된 사건과 관련해 후텐마 비행장 소속 미 해병대 상병 데빈 제이콥 밸러드(20)를 강도 살인 혐의로 체포했다. 경찰은 호텔 ...",https://n.news.naver.com/article/newspaper/023/0004002708?date=20261008,기타,0.0017064905063305714,
동아일보,장미 진 자리에 포차… 중랑 ‘가을 야장’ 오픈,"장미공원 등 3곳서 골목야행서울 중랑구 장미공원과 지하철 7호선 먹골역 일대 상점가에서 가을밤 야장 축제가 잇따라 열린다.중랑구는 9일 장미달빛거리 골목형 상점가에서 ‘제1회 장미달빛거리 골목야행’을 연다고 밝혔다. 15∼16일에는 장미제일시장에서 ‘장미 야시장의 추억’을, 16일에는 장미꽃빛거리에서 ‘제4회 장미포차’를 개최한다.이들 행사는 서울시 ‘야간·음식문화 활성화 지원사업’에 선정돼 마련됐다. 서울시는 이 사업을 통해 12개 자치구의 23개 상점가와 전통시장의 가을 야간 행사를 지원한다. 중랑구는 “먹거리와 야간 행사를 통해 전통시장 및 골목형 상점가를 찾는 방문객을 늘리고 상권 활성화를 지원하기 위해 마련했다”고 설명했다.장미달빛거리 골목야행에서는 팽이 등 전통놀이 체험과 버스킹, 비눗방울 마술쇼...",https://n.news.naver.com/article/newspaper/020/0003753525?date=20261008,기타,0.0016685392679406713,
매일경제,"농협금융, 서남권에 금융허브 AI·반도체 등 전략산업 지원","NH농협금융지주가 정부의 국가균형성장 기조에 발맞춰 서남권에 지역 밀착형 금융 지원을 본격화한다.7일 농협금융은 경남 창원(동남권), 전북 전주에 이어 전남광주통합특별시(서남권)를 그룹의 금융 지원 역량을 집중할 세 번째 테마 지역으로 선정했다고 밝혔다. 향후 농협금융은 서남권 지역경제 성장을 위해 올 4분기 내 NH금융허브(가칭)를 신설한다. 이를 통해 전남광주에 보유한 100여 개의 사무소와 1100여 명의 임직원 역량을 한군데로 모을 예정이다.중점 지원 분야는 서남권 전략산업인 인공지능(AI)·반도체·신재생에너지·모빌리티·바이오 업종이다.이찬우 농협금융 회장은 ""전남광주가 세계적인 메가시티로 도약할 수 있도록 든든한 동반자가 되겠다""고 강조했다.[차창희 기자]...",https://n.news.naver.com/article/newspaper/009/0005745531?date=20261008,업계,0.001664632530495467,
중앙일보,[시론] AI시대 인간의 마지막 직업은 연결이다,"인공지능(AI)은 그동안 인간이 수행해온 많은 일을 대신하고 있고, 앞으로 기술이 더 발전하면 더 많은 노동을 대체할 것이다. 보고서를 쓰고, 그림을 그리고, 노래를 작곡하고, 상담을 돕고, 의사결정도 지원한다. 인간의 능력을 확장하는 기술은 하루가 다르게 진화하고 있다.그러나 AI가 아직 온전히 대신해 주지 못하는 일이 하나 있다. 사람과 사람을 연결하고 관계를 형성하는 일이다. 그래서 우리는 AI 시대를 맞아 더 행복해지고 있는지 되물을 수밖에 없다. 오늘날 우리는 인류 역사상 가장 촘촘하게 연결된 시대를 살아간다고 해도 과언이 아니다. 언제 어디서든 누구와도 연결될 수 있지만, 역설적으로 외로움과 고립은 오히려 깊어지고 있다.자원봉사 통해 신뢰, 공동체 회복국적·직업 초월한 역할에 주목한국사회 떠받치는...",https://n.news.naver.com/article/newspaper/025/0003556483?date=20261008,경영,0.0016389458858736522,
조선일보,"민노총, 노사정 대화 복귀 무산… 반대파에 표결 막혀","1999년 IMF 시절 노사정위 탈퇴임시 대의원회서 복귀 논의했지만강경파 대거 이탈, 안건 처리 못해3줄 요약ㆍ반대파 대의원 이석으로 과반수 정족수 미달ㆍ양경수 위원장 직권 소집에도 내부 반발 여전ㆍ사회적 대화 복귀 대의원 대회 무산 6번째전국민주노동조합총연맹(민주노총)이 27년 만에 사회적 대화 복귀를 위해 대의원 표결을 시도했지만, 반대파 대의원들의 집단 이석으로 찬반 표결 자체가 무산됐다. 최근 정부가 민주노총이 요구한 사회적 대화 기구 개편에 협의할 뜻까지 밝히는 등 과거보다 상황이 우호적이었는데도 내부 문턱을 넘지 못했다는 비판이 나온다.민주노총은 7일 경기 고양시 킨텍스에서 제85차 임시 대의원 대회를 열고 대통령 직속 노사정 대화 기구인 ‘경제사회노동위원회’에 복귀하는 안건을 논의했다. 대회 시...",https://n.news.naver.com/article/newspaper/023/0004002717?date=20261008,기타,0.0016314138008853844,
한국경제,"佛정부, 긴축안 강행…의회 표결 패싱하나","""재정적자, GDP의 5%로 제한""의회는 ""연금삭감 반대"" 충돌프랑스 정부가 내년도 재정 긴축안을 처리하기 위해 의회 표결을 우회하는 헌법 권한까지 동원할 수 있다는 뜻을 내비쳤다. 재정적자를 줄이려는 정부와 연금 삭감에 반대하는 정치권이 정면으로 충돌할 것이라는 우려가 제기된다.6일(현지시간) 월스트리트저널(WSJ)에 따르면 프랑스 정부는 최근 430억유로(약 65조원) 규모 긴축안을 담은 내년 예산안을 공개했다. 롤랑 레스퀴르 프랑스 재무장관은 이날 예산안과 관련해 “재정적자를 국내총생산(GDP)의 최대 5%로 제한할 것”이라며 “예산안이 의회에서 막히면 의회 표결 없이 법안을 처리할 수 있는 ‘헌법 49조3항’을 발동할 준비가 돼 있다”고 강조했다.예산안에는 물가 상승에 따른 연금 지급 인상폭을 축소하...",https://n.news.naver.com/article/newspaper/015/0005340270?date=20261008,기타,0.0015951844222559344,
매일경제,"당국, 8년전부터 금융권 '외부 연결망' 경고","조회 사이트 등 공개용 웹서버보안 강조에도 대응 '지지부진'AI 침투도구, 딥시크 연동 확인최근 인공지능(AI)을 활용한 해킹 공격에 금융권 외부 시스템의 보안 취약성이 주목받은 가운데 금융당국이 이미 수년 전부터 이 같은 외부 접점을 핵심 취약 지점으로 보고 규제·제재해온 것으로 나타났다.7일 금융권에 따르면 금융감독원은 2018년 금융상품 관련 금융사 협력업체가 이용하는 조회 사이트도 '공개용 웹서버'로 보고 별도의 보안 대책을 적용해야 한다고 판단했다. 이중·삼중 보호막이 두꺼운 내부 시스템과 달리 공개용 웹서버는 해킹 공격에 취약해 별도 조치가 필요하다는 취지다. 금감원은 이러한 내용을 전자금융감독규정 해설서에 담아 업계에 전파했다.현행 전자금융감독규정도 금융사와 전자금융업자는 내부·외부통신망 사이의...",https://n.news.naver.com/article/newspaper/009/0005745528?date=20261008,경영,0.0015582708025696581,
매일경제,포니정 영리더에 배드민턴 여제·차세대 과학자,포니정재단 올해 수상자 선정시상식 내달 25일 포니정홀안세영 배드민턴 국가대표 선수와 김도형 미국 펜실베이니아대 화학·생체분자공학과 교수가 제7회 '포니정 영리더상' 수상자로 선정됐다.포니정재단은 7일 안 선수와 김 교수를 올해 포니정 영리더상 수상자로 뽑았다고 밝혔다.안 선수는 20대의 나이에 일찌감치 대한민국은 물론 세계를 대표하는 배드민턴 선수로 자리매김하며 경기를 치를 때마다 새로운 기록을 세우고 있는 '살아 있는 전설'이다. 10대 때부터 국가대표로 선발됐고 2019년에 세계배드민턴연맹(BWF) 뉴질랜드 오픈 여자 단식 결승에서 우승하며 생애 첫 BWF 월드투어 정상에 올랐다. 당시 결승전에서 2012년 런던올림픽 금메달리스트 리쉐루이를 꺾고 세계에 이름을 알렸다. 같은 해 프랑스 오픈 최연소 우승...,https://n.news.naver.com/article/newspaper/009/0005745445?date=20261008,업계,0.0015315280678269455,
한국경제,부산·충남·전남대 '톱20' 포진…거점국립대 저력 입증했다,"부산대 지역거점 선두'서울대 10개' 대학들 약진부산대 라이다 기술 상용화 추진경북대는 美대학과 용접로봇 개발의대·공대·병원 갖춘 종합대학들오랜 연구 인프라가 성과로 연결정부의 ‘서울대 10개 만들기’ 정책 패키지 지원 대학으로 선정된 부산대, 충남대, 전남대가 ‘2026 INUE·한경 대학평가’에서 모두 종합순위 20위 안에 들었다. 특히 부산대는 종합점수 81.33점으로 종합 13위와 지역거점국립대 1위를 차지했다. 충남대와 전남대도 종합순위에서 각각 19위, 20위에 올라 정부 지원 대상 거점국립대의 경쟁력을 보여줬다. 오랜 기간 연구·교육 인프라를 축적한 거점국립대의 경쟁력이 이번 평가에서 확인됐다.◇부산대, 연구·교육·지속가능성 ‘삼박자’7일 공개된 평가에서 부산대는 연구성과 부문 15위(31.98...",https://n.news.naver.com/article/newspaper/015/0005340249?date=20261008,기타,0.001519772248128967,
매일경제,저축銀·대부업 동시 대출 … 고위험 채무자 25만명으로,"최근 2년새 15%나 늘어나40·50대가 증가분 74% 차지저축은행에서 돈을 빌린 차주가 206만명을 넘어선 가운데 은행·보험·대부업 등 다른 금융업권의 대출까지 함께 보유한 차주가 빠르게 늘고 있다. 장기 연체 등 금융채무불이행자는 비슷한 수준을 유지했지만, 여러 업체에 빚을 동시에 진 차주가 증가하면서 잠재적인 부실 우려가 커지고 있다.7일 코리아크레딧뷰로(KCB)가 박홍배 더불어민주당 의원실에 제출한 자료에 따르면 올해 6월 말 기준 저축은행 대출 보유자는 206만8182명으로, 2024년 말 195만9752명보다 10만8430명(5.5%) 증가했다.특히 저축은행과 대부업 대출을 함께 보유한 차주는 같은 기간 21만7108명에서 25만259명으로 3만3151명(15.3%) 늘었다. 전체 저축은행 차주 ...",https://n.news.naver.com/article/newspaper/009/0005745535?date=20261008,기타,0.0015120201521776244,
동아일보,“한글 오행시 즐거운 고민”… 한글날 기념 다문화 백일장,7일 대구 달서구 병암서원에서 열린 ‘제580돌 한글날 기념 다문화 한글 백일장’에 참가한 다문화 가족과 외국인 참가자들이 한글 오행시를 짓고 있다. 이날 백일장에는 성인 100여 명과 어린이 60여 명이 참가했다....,https://n.news.naver.com/article/newspaper/020/0003753580?date=20261008,기타,0.001488075194010585,
매일경제,"현대ENG, 인천 데이터센터 공사 수주","8700억 규모…2029년 준공현대엔지니어링은 인천 서해구 원창동 데이터센터 신축 사업(투시도)을 수주했다고 7일 밝혔다. 지난주 군산 SGC 인공지능(AI) 데이터센터 신축 사업에 이은 연속 수주다.이번 사업은 서해구 원창동 일원에 50㎿급 데이터센터를 짓는 사업이다. 지하 4층~지상 11층 규모로 총사업비는 약 8700억원이다. 이도테라원이 설립한 청라 IDC PFV(프로젝트금융투자회사)가 발주했다. 다음달 착공해 2029년 준공할 예정이다.현대엔지니어링은 건축과 토목, 설비, 조경, 통신 공사를 맡는다. 기계·전기·배관 공사는 공동 시공사인 KT클라우드와 함께 수행한다.현대엔지니어링은 데이터센터를 미래 성장사업으로 키우고 있다. 전담 조직을 두고 설계·시공부터 유지보수까지 사업 역량을 강화하는 중이다....",https://n.news.naver.com/article/newspaper/009/0005745465?date=20261008,경영,0.0014865743148528062,
매일경제,나주에 에너지도시 … 제주는 전기차 메카로,"정부, 5극3특 맞춤형 녹색전환노후산단 탄소중립 선도지구로교통비 환급 '그린카드'도 출시정부가 지역별 산업 특성을 반영한 맞춤형 녹색전환(GX) 산업 육성에 나선다. 제주에서는 새롭게 등록되는 차량은 모두 전기차로 돌리고, 전남광주 나주는 한국전력 등 기존 에너지 인프라를 활용한 에너지특화도시로 조성한다. 정부는 7일 발표한 '한국형 녹색대전환(K-GX) 전략'을 통해 '5극3특'(5개 초광역권·3개 특별자치도)에 맞는 지역별 모델을 발굴한다는 방침을 밝혔다.먼저 곳곳에 흩어진 서남권 에너지 신산업 인프라를 연계해 전남광주 나주를 에너지특화도시로 만든다. 규제 샌드박스와 이전 기업 인센티브 등을 활용해 에너지 산업의 기술·투자·창업 생태계를 구축한다. 지난 8월 설립된 한전기술지주가 한전 보유 기술을 스타트...",https://n.news.naver.com/article/newspaper/009/0005745551?date=20261008,경영,0.001485091512479853,
동아일보,[알립니다]17일 경주국제마라톤에 역대최다 2만명 참가,"오전 8시 시민운동장에서 출발2026 경주국제마라톤이 17일 오전 8시 경주시민운동장에서 출발 총성을 울립니다. 올해 대회는 국내외 엘리트 선수와 역대 최다인 2만 명의 마스터스 마라토너들이 경주의 가을을 달립니다. 세계육상연맹(WA)이 공인한 엘리트 라벨 대회인 경주국제마라톤은 풀코스와 하프코스, 10km코스 등 3개 부문 경기가 열립니다. 대회 당일 경주시민운동장과 경주 시내에서는 참가자 안전을 위해 구간별 교통 통제가 시행됩니다. 시민 여러분의 양해와 협조를 부탁드립니다.● 대회 일시: 10월 17일 오전 8시● 부문: 풀코스, 하프코스, 10km● 상세 정보: 경주국제마라톤 홈페이지(www.gyeongjumarathon.com) 참조● 문의: ‘동마클럽’ 사이트 내 문의하기 클릭...",https://n.news.naver.com/article/newspaper/020/0003753517?date=20261008,기타,0.0014570114932901447,
동아일보,"에이피알, 멕시코 명품百 첫 입점",대표적 K뷰티 브랜드인 에이피알의 ‘메디큐브’가 멕시코 프리미엄 백화점에 정규 매장을 열고 현지 오프라인 유통망 확대에 나선다.에이피알은 7일 메디큐브가 멕시코시티 북서부의 프리미엄 백화점 ‘팔라시오 데 히에로’ 사텔리테점에 공식 입점했다고 밝혔다. 팔라시오 데 히에로는 패션·뷰티·잡화·라이프스타일 분야의 글로벌 프리미엄 브랜드를 주로 운영하는 멕시코 대표 백화점 체인이다. 메디큐브는 올 상반기(1∼6월) 멕시코 코요아칸의 오아시스 쇼핑센터에서 단독 팝업스토어를 운영한 데 이어 이번 개점으로 상시 판매 채널까지 확보했다....,https://n.news.naver.com/article/newspaper/020/0003753498?date=20261008,기타,0.0013953450849917733,
조선일보,"[단독] “계엄 해제 과정 기록” 국회, 5억9000만원 써","448쪽짜리 ‘대응 백서’ 만들고계엄군 흔적 보존 칸막이 설치국회가 12·3 비상계엄 해제 과정을 기념하고 관련 기록을 남기는 데 5억9032만원을 쓴 것으로 7일 확인됐다. 국회사무처가 국민의힘 김민전 의원실에 제출한 자료에 따르면, 이 중 가장 많은 예산이 들어간 사업은 지난해 12월 열린 계엄 해제 1주년 행사였다. 당시 국회는 본관 외벽에 계엄 당시 사진과 영상을 투사하는 ‘미디어 파사드’에 1억1820만원을 썼다. 이 행사는 문재인 정부 청와대 의전비서관을 지낸 탁현민씨가 기획했다.국회사무처는 또 지난 7월 계엄 선포 후 해제에 이르는 과정을 담은 448쪽짜리 ‘12·3 비상계엄 대응 백서’를 발간하면서 1억1050만원을 썼다. 계엄 특집 다큐멘터리 제작·방영에는 9887만원, 사진전에는 6902만...",https://n.news.naver.com/article/newspaper/023/0004002736?date=20261008,기타,0.0013906926365069199,
한국경제,"박대희 대표 ""대전에 특구 만들어 외국인 유학생 창업 유도해야""",박대희 대전창조경제혁신센터 대표의 제언KAIST에만 유학생 1288명인재 붙잡아둘 제도는 미흡비자 연계땐 창업 크게 늘 것박대희 대전창조경제혁신센터 대표(사진)는 “유학생들이 대전에 창업하도록 ‘대전 외국인 창업특례특구’ 지정이 절실하다”고 말했다. 그는 “유학생 출신 창업 회사가 곧 도시와 국가의 경쟁력이 될 것”이라고 강조했다.박 대표는 7일 한국경제신문과의 인터뷰에서 “KAIST에만 90개국에서 온 유학생 1288명이 있지만 이들을 붙잡아 둘 제도적 장치는 미흡하다”며 이같이 말했다. 대학에서 공부한 외국인 인재가 졸업 후에도 지역에 남아 기업을 세우고 성장할 수 있도록 체류 제도와 창업 지원을 연결해야 한다는 주장이다.그가 제안한 해법은 기존 특구 제도와 광역형 비자를 연계하는 것이다. 박 대표는 “...,https://n.news.naver.com/article/newspaper/015/0005340181?date=20261008,경영,0.0013881767486188356,
조선일보,[한은형의 느낌의 세계] 재난문자로 도착해 스타로 뜬 ‘부캉이’가 알려준 것,"베를린이 사랑한 북극곰 크누트처럼 부산 특수를 만든 흑상어진실한 애정 목말랐다… 부캉이는 우리 시대의 ‘외로움부 장관’베를린에는 곰이 많았다. 웅장한 무드의 곰 동상과 곰 석상, 또 만세를 한 채 색색의 옷을 입고 있는 발랄한 ‘버디 베어’가 베를린 도처에 있다. 베를린의 상징이 곰이라는 걸 알지만 과하다는 생각이 들 정도였다. 그런데, 베를린에서 가장 유명한 곰은 정작 따로 있었다. 베를린동물원에 살던 북극곰 크누트. 크누트는 2011년 죽었다. 크누트에 대해 들은 것은 2016년. 내게 크누트에 대해 말해준 이는 냉랭한 성격의 독일인이었다. 그는 크누트가 죽은 지 얼마 안 된 것처럼 느끼는 듯했다. 크누트에 대해 이야기하던 순간의 그는 말랑말랑한 표정이 되어 그 곰을 회고했다. 크누트가 죽은 지 5년이나...",https://n.news.naver.com/article/newspaper/023/0004002651?date=20261008,기타,0.0013587533864636268,
한국경제,"오세훈 ""아파트 리모델링도 재건축처럼 지원할 것""","민선 9기 취임 100일 소회 밝혀""정부와 협력…규제 풀고 닥공""오세훈 서울시장은 “주택 리모델링을 지금처럼 방치할 이유가 없다”며 “재건축과 똑같은 조건에서 경쟁할 수 있도록 최대한 지원하라고 지시했다”고 말했다.오 시장은 7일 서울시청에서 열린 민선 9기 취임 100일 기자간담회에서 “리모델링 촉진책을 마련 중”이라며 “조만간 구체적인 내용을 공개하겠다”고 했다. 그동안 서울시가 재개발·재건축 규제를 대폭 완화하면서 리모델링을 추진하던 아파트 단지 상당수가 재건축으로 방향을 바꿨는데, 앞으로는 리모델링도 선택지가 될 수 있도록 지원하겠다는 것이다.서울 주택 공급에서 민간 정비사업의 역할도 거듭 강조했다. “올 들어 8월까지 서울의 주택 인허가 물량 약 4만 가구 가운데 절반 이상인 2만2000가구가 정비...",https://n.news.naver.com/article/newspaper/015/0005340221?date=20261008,기타,0.0013322908521082632,
한국경제,'부산청년 기쁨두배통장' 사업 본격화,영남 브리프부산시는 ‘부산청년 기쁨두배통장’ 지원자 6000명을 확정하고 본격적인 사업을 추진할 방침이라고 7일 밝혔다. 올해 참가자 모집에는 6만6061명이 참가하며 11대1의 높은 경쟁률을 기록했다. 이 사업은 일하는 청년이 매월 10만원을 저축하면 부산시가 같은 금액을 지원해 청년의 목돈 마련과 경제적 자립을 돕는 사업이다....,https://n.news.naver.com/article/newspaper/015/0005340173?date=20261008,경영,0.0013178579573815406,
동아일보,"[사설]美, 대북 사이버 협력에 국정원 배제… 불신받는 ‘정보 동맹’",미국 정부가 북한의 해킹 등 사이버 활동에 맞서 대응책을 논의하는 한미일 3국 협의체에 우리 국가정보원의 배제를 요구해 올해 6월 말 워싱턴에서 열린 실무그룹회의에 국정원 관계자들이 참석하지 못했다고 한다. 미국 측은 기밀 정보 유출 가능성을 지적하며 이종석 원장 체제의 국정원에 대한 불신을 표출한 것으로 알려졌다. 한미일 외교당국과 정보기관의 북핵·사이버 담당자 60여 명이 참석한 회의에 대북 사이버 안보를 담당하는 우리 정부의 핵심 기관인 국정원이 빠진 것은 매우 이례적인 일이다.국정원과의 정보 협력을 거부한 미국의 조치는 가뜩이나 한미 관계가 원활하지 않은 최근 상황과 맞물린 누적된 불만의 표출로 보인다. 올해 초 정동영 통일부 장관의 ‘한미 연합비밀 누설’ 논란이 일면서 미국 측이 취한 양국 간 정보...,https://n.news.naver.com/article/newspaper/020/0003753487?date=20261008,경영,0.001317637499808312,
중앙일보,“대통령과 협의할 의무 없다”…조희대가 쏘아올린 제청론,조희대 대법원장이 6일 국정감사에서 대법관 제청을 둘러싼 자신의 헌법 해석론 세 가지를 구체적으로 밝히며 헌법 논쟁에 직접 뛰어들었다. 대법원장이 공개석상에서 헌법 조항에 대한 구체적인 해석을 내놓은 건 이번이 처음이다. 더불어민주당은 7일 조 대법원장의 자진 사퇴를 촉구하며 맹공을 퍼부었다.조 대법원장이 내놓은 첫 해석론은 “대통령은 대법원장의 대법관 제청 과정에 관여할 수 없다”는 선언이다. 조 대법원장은 교착 상태의 원인이었던 ‘대통령과의 협의’는 헌법상 근거가 없는 과정이라고 못 박았다. 그는 품에서 꺼낸 원고를 읽으며 “그동안 대법원장이 협의해 온 것은 헌법에 근거는 없지만 신속하고 원활한 임명을 위해 자진해서 협력해 온 것”이라고 말했다. 이런 ‘협의’ 덕분에 지금까지 일단 임명 제청된 대법관 후...,https://n.news.naver.com/article/newspaper/025/0003556484?date=20261008,기타,0.0013112993448324264,
조선일보,[이미도의 아라비안 舞飛 나이트] [21] 방관은 惡을 편든다,"“지뢰는 영원히 희생자를 낼 준비가 되어 있다(The landmine is eternally prepared to take victims).” 조디 윌리엄스의 1997년 노벨평화상 수상 소감문 핵심입니다. 그녀는 대인지뢰를 영원한 초병, 완벽한 군인이라고 비유했습니다. 전쟁이 끝나도, 군대·국가가 명령을 멈춰도 군인·민간인 가리지 않고 살상을 이어가기 때문이지요.지뢰를 소재로 한 전쟁 영화 ‘노 맨스 랜드(No Man’s Land·사진)’의 시대적 배경은 1990년대 초. 보스니아 내전 중 보스니아인·세르비아인 간 전투가 극단으로 치닫습니다. 무대는 ‘두 진영 사이 완충 지대(no man’s land)’의 참호. 이곳에 양측 부상병 세 명이 방치돼 있고, 한 병사의 허리 밑엔 살상용 지뢰가 매설돼 있습니다....",https://n.news.naver.com/article/newspaper/023/0004002650?date=20261008,기타,0.0012926720655018632,
한국경제,'명태균 무상 여론조사' 尹 2심 무죄로 뒤집혀,"""재산상 이득 봤다 보기 어렵다""정치 브로커 명태균 씨로부터 여론조사 결과를 무상으로 받은 혐의로 1심에서 징역 2년을 선고받은 윤석열 전 대통령이 항소심에서 무죄를 선고받았다. 명씨도 무죄 판결을 받았다.서울고등법원 형사7부(부장판사 구회근)는 7일 정치자금법 위반 혐의로 기소된 윤 전 대통령과 명씨의 항소심 선고기일을 열어 이들에게 무죄를 선고했다.재판부는 “정치자금법 위반은 금전으로 환산할 수 있는 재산상 이득이 있을 때 성립한다”며 “윤 전 대통령이 명씨로부터 받은 건 정치적 조언이나 유력 정치인 소개 등 대통령 선거에 관한 도움에 해당한다”고 판시했다. 윤 전 대통령이 정치자금을 받았다고 보기 어렵다는 취지다. 재판부는 이어 “명씨가 자신의 존재 가치를 인정받으려는 개인 사정도 작용한 것으로 보인다...",https://n.news.naver.com/article/newspaper/015/0005340219?date=20261008,기타,0.0012788750442467934,
동아일보,"‘미래대응’ 한다더니… 공공기관 예산 1000억, 장차관 관사에 57억",전국 초중고 냉방비에 1313억‘모두의 창업’에도 4411억 편성野 “미래 위해 걷은 반도체 세금쌈짓돈처럼 마구잡이 쏟아부어”정부가 반도체 초호황에 따른 초과세수로 162조 원 규모의 미래대응기금을 신설하면서 공공기관 직원 특별수당과 장차관 관사 확보 사업 등에 예산을 편성한 것으로 파악됐다. 야당은 “성장동력 확충에 써야 할 재원을 ‘쌈짓돈’처럼 졸속 사업에 마구잡이로 쏟아붓고 있다”며 비판하고 나섰다.7일 국회 재정경제기획위원회 소속 국민의힘 박수영 의원실이 기획예산처로부터 제출받은 미래대응기금 사업 140개에 대한 설명자료에 따르면 공공기관 직원 특별수당과 인센티브로 총 1000억 원을 지급하는 ‘공공기관 기능개혁 지원사업’이 포함됐다. ‘행정부처 지방 이전 지원’이라는 명목으로 897억2500만 원이...,https://n.news.naver.com/article/newspaper/020/0003753577?date=20261008,경영,0.0012611896136700438,
한국경제,"안양시, 공무원이 규제 찾아…기업 성장 길 터준다","경기 안양시가 공무원이 기업 현장을 찾아 규제를 발굴하고 사업화까지 돕는 ‘기업 밀착형 규제혁신’에 속도를 내고 있다. 기업이 규제를 들고 시청을 찾아오기를 기다리는 대신 공무원이 직접 현장에서 규제를 찾아내는 방식이다.대표 사례는 지역 중소기업이 개발한 ‘맨홀 충격 방지구’다. 함몰된 맨홀 위에 덮개를 씌워 주변 도로를 뜯어내지 않고도 단차를 없애는 제품이지만, 제도가 신기술을 따라가지 못해 상용화가 막혀 있었다.시는 2023년 9월 ‘찾아가는 규제신고센터’를 통해 이 애로를 발굴한 뒤 2024년 5월 규제샌드박스 실증특례 승인을 끌어냈고, 지난해 9월부터 전국 최초로 도로 실증에 들어갔다. 이어 올해 조달청 혁신제품으로 지정되면서 공공기관이 수의계약으로 구매할 수 있는 길이 열렸다.규제혁신은 산업 입지로...",https://n.news.naver.com/article/newspaper/015/0005340100?date=20261008,기타,0.0012604504849855118,
조선일보,[일사일언] 만리향 같은 그의 시,"사탕이 녹는 것. 옅은 눈이 사라지는 것. 세상에 단 하나 남은 악기가 소실되는 것. 유순하고도 작은 동물의 마지막 개체가, 한 종(種)의 대표성을 간직한 채로 죽음을 맞이하는 것. 본 적도 없는데 그리운 것. 만난 적도 없는데 감사한 것. 시인의 죽음을 생각하면 늘 이런 식이다. 한 시인이 세상을 떠날 때마다 유일했던 목소리 하나가 사라지는 것 같다.2018년 10월 3일에 작고한 허수경 시인의 8주기 추모 식수 행사에 다녀왔다. 그가 다녔던 경남 진주 경상국립대 인문대학 현관 앞에서 붉은 벽돌을 보며 시인이 봤을 풍경을 상상해 봤다. 경주에서 한달음에 찾아온 독자도 있었고, 꽃을 한가득 안고 와서 시비(詩碑)에 헌화하며 마음을 내준 독자도 있었다. 식수할 자리와 꽃나무를 마련해준 진주의 많은 이들과 시인...",https://n.news.naver.com/article/newspaper/023/0004002688?date=20261008,기타,0.001250729547079186,
동아일보,"민노총, ‘27년만의 사회적 대화 복귀’ 표결도 못해","반대파 이탈에 정족수 못 채워경사노위 참여 논의했지만 불발전국민주노동조합총연맹(민노총)이 27년 만에 대통령 직속 사회적 대화 기구인 경제사회노동위원회 복귀를 논의했지만 결국 무산됐다. 민노총은 1999년 2월 경사노위 전신인 노사정위원회를 탈퇴한 뒤 현재까지 복귀하지 않고 있다.민노총은 7일 경기 고양시 킨텍스에서 임시 대의원대회를 열고 경사노위 복귀와 관련한 ‘사회적 교섭 추진’ 안건을 논의했다. 초반 대의원 1061명이 참석했지만 약 3시간에 걸친 찬반 토론 이후 270명 이상이 이탈하면서 복귀 여부를 결정하는 표결 자체가 무산됐다.경사노위 복귀에 반대하는 대의원들은 “노사정 대화의 필요성을 모르겠다”, “지금 복귀에 힘을 쏟으면 투쟁 기회를 놓치게 된다” 등을 언급하며 자리를 떠났다.양경수 민노총 위...",https://n.news.naver.com/article/newspaper/020/0003753563?date=20261008,경영,0.001190827973453164,
동아일보,"李, 밤 12시-새벽 1시20분에도 SNS 글…이틀에 한번꼴 한밤 올려","최근 한달 ‘X’ 글 게시 3.5배 늘어밤시간엔 부동산-김지용 관련 내용… 지지층-與 강경파 향한 메시지 다수여권 “李, 익숙한 방식으로 직접 소통”… 靑참모들에 ‘SNS 활용 확대’ 지시도이재명 대통령이 지난 한 달간 X(옛 트위터)에 올린 게시글이 전달보다 3배 이상 늘어난 것으로 나타났다. 지지율 하락 속 ‘직접 소통’을 강조하고 나선 이 대통령이 이틀에 한 번꼴로 오후 9시 이후 글을 올리는 등 일과 후에도 X 활동을 크게 늘린 것. 특히 야간 시간에는 주로 부동산 정상화 의지를 강조하거나 김지용 중대범죄수사청(중수청)장 후보자 지명에 반대하는 당내 강경파를 겨냥한 메시지에 집중하는 등 지지층 설득에 나서고 있다는 분석이 나온다.● 국정 지지율 하락하자 X 게시글 급증이 대통령은 프랑스 방문을 마치고...",https://n.news.naver.com/article/newspaper/020/0003753557?date=20261008,기타,0.0011729552507031334,
한국경제,"""공포의 10월 9일 온다""…서학개미들 떨고 있는 이유","美증시 공포의 10월?""평균 수익률은 평범""한국경제신문의 투자 전문 유료 플랫폼'한경 프리미엄9'(www.hankyung.com/premium9)에 실린 기사입니다.'한경 프리미엄9'을 구독하시면 더 많은 글로벌 투자 기사를 찾아볼 수 있습니다.미국 증시에서 10월은 ‘공포의 달’로 불린다. 1929년과 1987년 대폭락이 모두 10월에 터졌기 때문이다.6일(현지시간) 마켓워치가 인용한 다우존스마켓데이터에 따르면 1928년부터 지난해까지 98년간 S&P500지수의 10월 평균 상승률은 0.5%였다. 1년 중 3월과 함께 공동 8위다. 10월에 지수가 오른 해는 열 번 중 여섯 번꼴(58%)이었다. 따라서 성적이 가장 나쁜 달은 10월이 아니라 9월로, 평균 1.1% 하락했다. 마켓워치는 “10월 평균 수익률...",https://n.news.naver.com/article/newspaper/015/0005340310?date=20261008,경영,0.001139622458018128,
조선일보,투탕카멘 무덤 뒤 비밀의 방이 있다?,"‘아마르나 왕궁 프로젝트’ 연구 결과고대 이집트 파라오 투탕카멘의 무덤 벽 뒤에는 정말 ‘비밀의 방’이 있을까. 실제로 아직 발견되지 않은 복도와 방이 존재할 가능성을 뒷받침하는 새로운 조사 결과가 나왔다. 일부 학자는 이 방이 투탕카멘의 선대에 파라오로 통치했을 것으로 추정되는 네페르티티의 무덤일 수 있다고 본다. ‘아마르나 왕궁 프로젝트’ 연구진은 이런 연구 결과를 보고서로 최근 공개했다.투탕카멘은 9세에 왕위에 올라 19세 무렵 숨진 ‘소년 파라오’다. 1922년 영국 고고학자 하워드 카터가 도굴 피해를 거의 입지 않고 온전한 상태로 그의 무덤을 발견하면서 고대 이집트를 대표하는 인물로 이름을 알렸다. ‘이집트 최고 미녀’로 유명한 네페르티티는 투탕카멘의 아버지인 파라오 아케나텐의 왕비였고, 투탕카멘이...",https://n.news.naver.com/article/newspaper/023/0004002681?date=20261008,기타,0.0011377363089460696,
매일경제,닥공 속도전 마음급한 LH… 이번엔 토지확보 '소송戰',공공주택 건설 속도 올리면서1년새 104건 → 373건 3배 쑥분쟁 길어질수록 착공도 지연정부가 주택 공급 속도를 끌어올리는 가운데 한국토지주택공사(LH)가 토지 확보를 위해 직접 제기하는 소송이 급증한 것으로 나타났다. 특히 보상 절차 이후 토지를 넘겨받기 위한 '토지인도' 소송은 최근 1년 새 3배 넘게 늘었다. 정부가 공공택지의 보상·이주·퇴거 기간을 절반 가까이 단축하겠다고 밝힌 상황에서 인도 소송이 착공 기간 단축의 변수로 떠올랐다.7일 국회 국토교통위원회 소속 김종양 국민의힘 의원이 LH로부터 제출받은 국정감사 자료에 따르면 2021년부터 올해 9월까지 LH가 당사자로 참여한 소송은 총 8177건으로 집계됐다. 연간 소송은 2021년 747건에서 지난해 1960건으로 2.6배 늘었고 올해도 9월까...,https://n.news.naver.com/article/newspaper/009/0005745464?date=20261008,기타,0.0011302509632431597,
매일경제,관객과도 한잔 … 공연장이 펍으로 변신,"뮤지컬 '콰이어 오브 맨' 리뷰관객 무대 올려 맥주 권하고배우가 직접 악기 연주까지퀸·아델 대표곡들 한 무대에""누군가는 아픔을 이겨내고 내일을 살기 위해 마시고 춤추고 노래할 수 있어요. 배우들과 함께 웃고 노래하다 보면 관객도 고단했던 하루를 잠시 내려놓고 내일을 살아갈 힘을 얻어 갈 수 있을 겁니다.""펍을 배경으로 한 뮤지컬 '콰이어 오브 맨'의 출연 배우 김방언은 이달 초 서울 놀씨어터 대학로에서 열린 기자간담회에서 ""술 마시고 떠드는 남자들의 이야기 같지만 실은 저마다의 아픔을 안은 이들이 노래로 서로를 위로하는 작품""이라며 이같이 말했다.펍(pub)은 '퍼블릭 하우스(public house)'의 줄임말이다. 펍은 우리로 치면 퇴근길 동네 호프집쯤 된다. 맥주 한잔을 사이에 두고 이웃과 하루의 고단함...",https://n.news.naver.com/article/newspaper/009/0005745419?date=20261008,기타,0.0011229128400980935,
조선일보,[남궁인의 심야 일지] “약 끊어야 수술” “약 끊으면 위험” 의료 핑퐁의 덫,"할머니는 배가 아프다고 했다. 중년의 아들이 휠체어를 밀고 함께 응급실에 방문했다. 우리는 일단 환자를 침대로 안내했다. 할머니는 먹기만 하면 자꾸 배가 아파서 음식을 안 먹게 된다고 했다. 환자는 우리 병원 진료 기록은 없었고 복부 검진상 별다른 이상이 없었다. 그런데 갑자기 아들이 어머니가 요즘 밑이 빠진다는 말씀을 하셨다고 덧붙였다. 복통과 연관이 있을 것 같았다.“편찮으신 곳을 봐드릴게요. 저희 간호사와 같이 진찰하겠습니다.”할머니는 바지춤을 조심스럽게 끌어내리는 내 손을 순간적으로 붙들었다. 순간 할머니의 정신이 온전치 않은가 생각했다. 하지만 착각이었다.“저, 목욕을 안 해서, 부끄러워요.”병원에서 마주하는 아흔 살의 인지 능력은 스펙트럼이 아주 넓다. 뇌졸중이나 파킨슨처럼 인지 기능을 떨어뜨리는...",https://n.news.naver.com/article/newspaper/023/0004002648?date=20261008,기타,0.0010871249688483172,
한국경제,대구경북경제자유구역청장에 정해용,"대구시 경제부시장 출신지역경제 밝고 네트워크 강점정해용 전 대구시 경제부시장(사진)이 신임 대구경북경제자유구역청장에 임용됐다. 지역 경제정책과 기업 유치 경험을 바탕으로 8개 지구의 특화산업을 육성하고 국내외 투자를 확대할 계획이다.대구시와 경상북도는 정 전 부시장을 신임 대구경북경제자유구역청장에 임용했다고 7일 발표했다. 임기는 2029년 6월 30일까지다.정 청장은 대구시의원과 대구시 정무조정실장, 정무특보를 거쳐 경제부시장을 지냈다. 지역 현안과 경제정책에 대한 경험이 풍부하다는 평가를 받는다. 국회 정책연구위원과 국회의원 보좌관을 역임해 중앙 정치권과의 인적 교류도 폭넓다.경제부시장 재임 당시 기업 유치와 투자 지원, 미래산업 인재 양성에 주력했다. 지역인재 양성사업인 ‘휴스타 프로젝트’와 지방자치단...",https://n.news.naver.com/article/newspaper/015/0005340171?date=20261008,경영,0.001082660667869704,
동아일보,"尹, ‘명태균 공짜 여론조사 혐의’ 2심서 무죄",법원 “여론조사는 정치적 조언정치자금 기부로 보기 어렵다”정치 브로커 명태균 씨로부터 여론조사 결과를 무상으로 받은 혐의로 1심에서 징역 2년을 선고받았던 윤석열 전 대통령에게 항소심 재판부가 무죄를 선고했다.7일 서울고법 형사7부(부장판사 구회근)는 윤 전 대통령과 명 씨의 정치자금법 위반 혐의 항소심에서 “여론조사는 정치적 조언을 위한 수단 또는 근거의 일부로 윤 전 대통령 부부에게 제시된 것일 뿐”이라며 “명 씨가 제공한 정치적 조언을 정치자금 기부로 보기 어렵다”는 이유로 두 사람에게 무죄를 선고했다.윤 전 대통령은 부인 김건희 여사와 공모해 2021∼2022년 명 씨로부터 58회에 걸쳐 2억7000만 원 상당의 여론조사를 무상으로 제공받은 혐의를 받는다. 1심 재판부는 이 중 14건의 여론조사에 대...,https://n.news.naver.com/article/newspaper/020/0003753582?date=20261008,기타,0.001078921708829761,
동아일보,"만경강, ‘100년만의 홍수’에도 버티게 정비한다","전북환경청 하천기본계획 수립습지-식생 보존, 통수 기능 확대전북지방환경청은 만경강의 치수 안전과 하천 환경을 종합적으로 관리하기 위한 ‘만경강 하천기본계획’을 수립했다고 7일 밝혔다. 이 계획은 기후 변화로 증가하는 홍수에 대응하고, 만경강이 가진 생태적 가치를 보전하기 위해 마련했다.기본계획에는 100년 빈도 홍수에 대응할 수 있도록 홍수위와 통수 기능 등을 종합적으로 검토하고, 필요한 구간에는 하도 정비와 저수로 폭을 확대하는 방안이 담겼다. 생태적 가치가 높은 습지와 식생 공간은 최대한 보전함으로써 ‘자연성과 치수 안전이 조화를 이루는 하천관리’를 기본 방향으로 제시했다.특히 하천의 모든 구간을 동일한 방식으로 관리하기보다는 위치와 지형, 식생과 퇴적 상태, 홍수위 및 통수 기능 등을 종합적으로 고려해...",https://n.news.naver.com/article/newspaper/020/0003753542?date=20261008,기타,0.0010763052878674944,
조선일보,"우주서 농작물 보고, 땅의 변화까지 잡아내","민간 주도 차세대중형위성 초기 성과독도 주변 바다의 물결이 또렷하게 드러나고, 서울 잠실종합운동장을 촬영한 사진에서는 인근 도로의 차량까지 식별할 수 있다. 이처럼 지상을 정밀하게 관측할 수 있는 차세대중형위성(차중) 2호와 4호의 실제 촬영 영상을 우주항공청이 지난 1일 공개했다. 이날 발표에 나선 박찬열 국가산림위성정보활용센터장은 차중 4호가 촬영한 경남 밀양 산불 피해 지역 사진을 두고 “위성 자료가 있으면 산불 피해 지역의 경계를 파악해 복원 작업에 빠르게 나설 수 있고, 복원 과정을 모니터링하기도 쉬워진다”고 했다.올해 잇따라 발사된 차중 2호와 4호가 본격적인 운영을 앞두면서 국토·농림 분야에서 활용할 고해상도 위성 관측 자료도 늘어날 전망이다. 우주항공청은 두 위성의 초기 운영 현황과 실제 관측...",https://n.news.naver.com/article/newspaper/023/0004002683?date=20261008,기타,0.0010723893252535528,
한국경제,"[기고] 피지컬AI 시대, 세계는 왜 K컬처가 필요한가","고삼석 동국대 첨단융합대학 석좌교수·국가인공지능전략위원회 분과위원인공지능(AI) 경쟁의 무게중심이 화면 속 생성형 AI에서 현실 공간을 움직이는 피지컬AI로 이동하고 있다. 로봇은 공장과 물류 현장을 넘어 가정, 교육, 돌봄, 공연장과 도시로 활동 범위를 넓히고 있다. 피지컬 AI 시대 중요한 질문은 로봇이 얼마나 정확하고 빠르게 움직이는가에 한정되지 않는다. 오히려 인간은 로봇과 어떤 관계를 맺고, 그 관계에 어떤 가치와 문화를 담을 것인지 함께 물어야 한다.글로벌 로봇 경쟁은 성능과 생산성, 자본 규모를 중심으로 펼쳐져 왔다. 미국과 중국 등 주요국의 투자는 압도적이다. 그러나 기술이 사회 안으로 들어오면 경쟁의 기준은 달라진다. 안전성과 신뢰는 물론 친밀감, 서사, 감정적 수용성이 더욱 중요해진다. 기...",https://n.news.naver.com/article/newspaper/015/0005340332?date=20261008,경영,0.001069748528542938,
중앙일보,[박치문의 검은 돌 흰 돌] 이창호와 이세돌,"어느 날 왕십리 한국기원에 갔더니 이창호 9단이 사무실 한쪽에서 웬 중년 남자와 바둑을 두고 있었다. 허름한 차림의 남자는 처음 보는 사람이었다. 이창호는 이제 막 일인자의 자리에 올라 그 기세가 하늘을 찌를 듯했다. 그런 이창호와 대국이라니. 도대체 누구일까. 직원들은 그냥 일하고 있었고 가끔 이 바둑에 시선을 돌릴 뿐 아무도 곁에 가서 구경하는 사람은 없었다. 그 속에서 이창호와 중년 남자는 편안한 포즈로 대국하고 있었다. 친근하면서도 낯선 풍경이었다.낯선 중년 팬과 바둑 둬준 이창호항상 풍운을 몰고 다녔던 이세돌물과 불, 정오의 태양과 정원의 흙이창호는 대개 병풍이 쳐진 격조 있는 대국장에서 대국한다. 한데 마치 시골 툇마루에 걸터앉아 대국하듯 이렇게 아무 데서나 바둑을 둘 정도라면 두 사람은 어떤 사...",https://n.news.naver.com/article/newspaper/025/0003556470?date=20261008,기타,0.001065024463949989,
조선일보,"[기고] 한글날 100주년, ‘속뜻 교육’으로 아이들 문해력 높이자","전광진 성균관대 중어중문학과 명예교수올해는 훈민정음 반포 580돌, 한글날 제정 100주년이라는 역사적인 해다. 한글과 한자를 두고 소모적 다툼을 벌인 지도 근 100년 가까이 됐다. 출구를 찾지 못한 채 헛도는 논쟁에 종지부를 찍고, 우리 아이들의 미래를 위한 해답을 찾아내야 할 때가 됐다.그동안 소리글 중심의 단편적 교육은 겉보기엔 편리했을지 몰라도, 뜻을 속속들이 알지 못해 어휘력 빈곤과 문해력 붕괴를 낳았다. 나아가 PISA(국제 학업성취도 평가) 성적이 추락하는 결과를 낳았다. 겉으로 드러난 소리만으로는 글의 참된 의미를 소화하지 못하는 ‘문해력 위기’가 학교 교육 현장을 수렁으로 몰아넣고 있다.우리 사회에서는 글을 읽을 줄 모르는 사람은 찾기 어렵다. 하지만 ‘글자를 읽을 줄 알아도 낱말의 속뜻을...",https://n.news.naver.com/article/newspaper/023/0004002647?date=20261008,기타,0.0010612060708093992,
매일경제,광장시장서 주취난동 60대… 상인 이어 경찰 때려 구속,"서울 광장시장에서 술에 취한 상태로 시장 상인과 경찰을 폭행한 남성이 구속됐다.7일 서울 혜화경찰서는 60대 남성 A씨를 폭행·공무집행방해 혐의로 지난 3일 구속했다고 밝혔다. 경찰에 따르면 A씨는 지난 2일 오전 8시 40분께 서울 종로구 광장시장 골목에서 한 상인과 종로3가치안센터 소속 B경감에 대해 폭행을 저질렀다.경찰 등에 따르면 A씨는 당시 심하게 취한 상태로 블루투스 스피커로 노래를 크게 틀어 주변 상인들에게 소음 피해를 주고 있었다. 한 상인이 ""스피커 소리를 줄여 달라""고 말했으나 A씨가 이를 따르지 않자 상인은 직접 스피커 볼륨을 줄였고, 이에 격분한 A씨가 상인의 얼굴을 주먹으로 가격했다.당시 광장시장 순찰을 돌던 B경감이 이를 발견하고 폭행을 당한 상인과 이야기하던 도중에 A씨가 B경감의...",https://n.news.naver.com/article/newspaper/009/0005745482?date=20261008,기타,0.0010465208225904352,
조선일보,우리는 혹시 인간의 사명감을 ‘오류’로 배척하고 있지 않나,"장편 ‘테니스나무’ 낸 윤고은 작가사회 비판에 이번엔 로맨스 더해소설가 윤고은(46)은 말이 빠른 편이었다. 평소 “힘들이지 않고 숨 쉬듯 공상을 한다”는 그의 사고 회로는 일반인보다 1.5배 정도 빠른 것 같았다. 한 시간 반 남짓한 인터뷰 동안 그의 말이 테니스공처럼 통통 이리 튀고 저리 튀었다. 긴장을 늦출 수 없었다. 212쪽으로 비교적 짧은 편인 그의 신작 장편소설 ‘테니스나무’(문학동네)에서도 이런 속도감이 돋보인다. 빠른 호흡 덕에 순식간에 완독하게 되지만, 성긴 부분이 없다. 짧지만 쫀쫀하다.소설은 ‘생존 배낭’을 만드는 회사에서 일하는 ‘미아’와 인간 역무원이 사라져버린 지하철 K선 역사에서 ‘역무원의 얼굴’로 일하는 인턴 ‘태오’ 이야기. 지하철 K선과 협업한 러닝 대회에 생존 배낭이 기념...",https://n.news.naver.com/article/newspaper/023/0004002692?date=20261008,기타,0.0010435264946337178,
한국경제,"개인체납 1위 '선박왕' 권혁, 15년 만에 4000억 다 낸다",현금 1000억·선박 5척 담보 제공체납 세금 납부액으론 사상 최대개인 최대 규모 국세 체납자였던 ‘선박왕’ 권혁 시도그룹 회장이 4000억원에 달하는 체납액을 모두 납부하기로 했다.국세청은 고액 체납 특별 대응 태스크포스(TF) 추적 결과 권 회장이 개인 체납액 3938억원을 완납하기로 했다고 7일 발표했다. 2011년 종합소득세 고지 이후 약 15년 동안 내지 않은 금액이다. 권 회장은 작년 12월 공개된 개인 고액·상습 체납자 6848명 중 체납액 1위였다.권 회장은 먼저 지난 7월 현금 1000억원을 납부했다. 나머지는 납부계획을 제출하며 해외에 있는 선박 5척을 담보로 제공했다. 현재 담보물 적정성을 평가하는 절차를 밟고 있는데 잔여 체납액을 초과한다는 게 국세청의 설명이다.권 회장 본인 체납액과 ...,https://n.news.naver.com/article/newspaper/015/0005340265?date=20261008,기타,0.001036714501639315,
동아일보,54만→3만 그루… 제주가 재선충 잡은 비결 ‘한 그루씩’,22년간 지방비 등 3074억 투입고사목 제거-나무예방주사 실시QR코드로 그루터기도 추적 관리2030년 ‘재선충 청정지역’ 목표“숲이 불에 덴 것처럼 벌게지더니 소나무가 바짝 마르더라구요. 아예 소나무 씨가 마르는 줄 알았다니까.”지난달 30일 제주시 애월읍 하귀리 바굼지오름 앞에서 만난 유순량 씨(70)는 오른손 검지로 엑스자를 그으며 이렇게 말했다. 바굼지오름은 4계절 내내 소나무가 울창해 주민 산책길로 인기가 좋았다. 바굼지는 바구니를 뜻하는 제주 방언이다. 소나무재선충병이 돈 건 2013년 경이다. 청록색 소나무는 벌겋게 타들어가며 말라죽었다. 유 씨는 “나무가 서있는 채로 죽어나가니까 좀비 같았다”고 했다.바굼지오름이 있는 애월읍에서는 2013년 10월부터 올해 5월까지 약 13년 동안 소나무 37...,https://n.news.naver.com/article/newspaper/020/0003753533?date=20261008,기타,0.0010308397413153294,
중앙일보,[단독] “세로로 서 있는데 왜 가로등인가요?”…초·중·고 문해력 쇼크,"교직 생활 6년 차인 초등학교 교사 A씨는 지난해 공공시설물을 주제로 한 3학년 수업 중 “가로등은 길거리에 세로로 서 있는데 왜 ‘가로’등인가”라는 한 학생의 질문에 당황해 말문이 막혔다. 중학교 교사 B씨도 비슷한 경험이 많다. 그는 “교과서에 사교육, 농어촌, 심경과 같은 단어가 나오면  ‘무슨 뜻이냐’는 질문을 자주 받는다. 뜻을 설명하느라 진도 나가는 게 버거울 때가 많다”고 했다.이처럼 교사 대다수가 학생의 문해력 저하로 수업 지도나 학생과의 의사소통에 어려움을 겪고 있다는 조사 결과가 나왔다. 특히 학생들이 글의 핵심을 파악하는 능력이 부족하다고 교사들은 우려했다. 상당수 교사들은 일부에서 제안하는 ‘교과서 한자 병기’가 문해력 향상에 실질적인 도움이 되지 않을 것으로 보면서 한층 종합적인 대책...",https://n.news.naver.com/article/newspaper/025/0003556504?date=20261008,기타,0.0010075056671610292,
동아일보,서울 장애인 전문치과 3곳서 2년간 4만2000명 치료,성동-강서-연세대서 전문진료‘장애동행치과’ 69곳으로 확대서울시가 장애인 전문 치과병원과 권역센터 등 3곳에서 지난해부터 올해까지 4만2000여명을 진료했다고 밝혔다. 장애인이 집 가까운 곳에서 구강검진과 예방진료를 받을 수 있는 ‘장애 동행 치과’는 69곳으로 늘었다.7일 서울시에 따르면 장애인 전문 진료기관은 △서울시 장애인치과병원(성동구) △권역 장애인 구강 진료센터(서대문구) △서부 장애인치과병원(강서구) 등 3곳이다.시는 2005년 성동구에 전국 최초로 장애인 전문 치과를 개원했다. 자폐성 장애인 등은 진료 과정에서 과잉행동을 보이거나 의사소통에 어려움이 있어 신체를 안전하게 고정하거나 전신마취 등 전문 진료가 필요한 경우가 있기 때문이다.지난해 6월에는 연세대 치과병원 안에 서울 권역 장애인 구강...,https://n.news.naver.com/article/newspaper/020/0003753524?date=20261008,기타,0.0010032844177121142,
한국경제,지방의회 마이웨이…의정비 '묻지마 인상',"지자체 재정난 심각한데 ""일단 올리고 보자""괴산군의회 등 18% 인상 추진공무원 보수 상승률 3배 달해대구·울산서도 월정수당 '쑥'""의정활동 평가해 반영"" 지적전국의 지방의회들이 동시다발적으로 의정비 인상에 나서고 있다. 주요 지방자치단체가 유례없는 세수 감소와 재원 부족으로 심각한 재정 압박을 받는 상황에서 적정성을 두고 논란이 일고 있다.◇ 대구·울산·청주 등 잇따라 인상7일 각 지방자치단체에 따르면 청주시의회를 비롯한 충북 주요 시군 지방의회는 내년부터 월정수당과 의정활동비를 인상하는 방안을 추진하고 있다. 기초의회 의정비는 크게 월정수당과 의정 활동비로 분류된다.청주시는 시의원의 월정수당 7% 인상안을 마련해 시민 여론조사를 하기로 했다. 앞서 시의회는 월정수당을 역대 최고 수준인 14.1% 인상해 ...",https://n.news.naver.com/article/newspaper/015/0005340169?date=20261008,경영,0.0010012344590374582,
조선일보,"리투아니아, 핵무기 배치 허용하나",‘핵 금지’ 폐지 개헌안 1차투표 통과안보 불안에 외국군 주둔도 허용러시아와 가까운 유럽 국가들의 자체 무장 움직임에 속도가 붙고 있다. 리투아니아 의회는 6일 자국 내 핵무기 배치와 외국군 주둔을 허용하는 내용의 헌법 개정안을 141명 중 106명의 찬성으로 가결했다. 핵무기를 포함한 대량 살상 무기를 금지하고 외국군 기지가 주둔할 수 없도록 규정한 헌법 137조를 폐지하는 것이 개정안의 골자다. 1차 투표에서 의결 정족수(95표)를 여유 있게 넘은 만큼 최종 2차 투표도 가결이 확실시된다.헌법 137조는 소련 해체 이후 잔존한 러시아 세력을 몰아내기 위해 마련한 조항이다. 앞서 지난 6월 핀란드에서도 핵무기 금지 규정을 폐지하는 의회 표결이 이뤄진 바 있다.리투아니아는 외국 군대의 주둔도 적극 반기고 있...,https://n.news.naver.com/article/newspaper/023/0004002709?date=20261008,기타,0.0009939544252851652,
매일경제,"""양도세·상속세 30년째 그대로 소득·물가수준에 맞게 손질을""","野박수영 ""공제한도 올려야""與예결위원장 제안에 화답박수영 국민의힘 의원(사진)이 소득세·상속세·양도소득세 등 주요 세제를 국민 소득 증가와 물가 상승에 맞춰 확 뜯어고치자고 했다. 이광재 국회 예산결산특별위원회 위원장의 ""낡은 과세 기준을 현실화하자""는 제안에 화답한 것이다. 여야 경제통이 간만에 의기투합하는 모습을 보인 것이라 주목된다.박 의원은 과세 기준에 대한 개편이 늦어지는 동안 '소리 없는 증세'가 이뤄졌다고 지적했다. 그는 ""1990년대 말 1만달러 남짓하던 1인당 국민소득은 지난해 3만6000달러로 3배 넘게 증가했고, 최저임금은 1400원에서 올해 1만320원으로 7배 올랐다""며 ""서울 아파트 평균 가격은 2000년에는 2억원 수준이었지만 이제 16억원을 넘어섰다""고 했다.그러면서 ""양도소득세...",https://n.news.naver.com/article/newspaper/009/0005745544?date=20261008,기타,0.0009938160085435656,
매일경제,"""내부통제 제대로 해라"" … 증권사 질타한 금감원","IT보안 전면 재점검도 주문금융당국이 상품설명서에 허위·부실 정보를 기재하거나 개인 휴대폰을 이용해 영업하는 등 증권업계에서 위법행위가 반복되고 있다며 내부통제 강화를 주문했다.감사조직에는 사후 적발에 그치지 말고 위법행위를 미리 차단하는 예방적 감사 강화를 촉구했다.금융감독원은 7일 금융투자협회에서 종합금융투자사업자 10곳과 중형 증권사 11곳 등 증권사 총 21곳의 감사를 대상으로 '투자자 중심 내부감사 기능 강화를 위한 감사 간담회'를 개최했다. 서재완 금감원 금융투자부문 부원장보는 이날 ""최근 증권업계가 역대급 양적 성장을 이루어낸 근간에는 자본시장의 공정성·투명성에 대한 투자자의 기대감이 있다""면서도 ""증권사의 현 내부통제 수준이 이러한 기대에 부응해 충분한 신뢰를 주고 있는지에 대해서는 근본적인 ...",https://n.news.naver.com/article/newspaper/009/0005745522?date=20261008,경영,0.0009809044895683606,
매일경제,[알립니다] 'CES 2027' 동행 참관단 모집,"매일경제가 2027년 1월 미국 라스베이거스에서 열리는 세계 최대 정보기술(IT) 박람회 'CES 2027' 참관단을 모집합니다.국내 최대 규모·최장 기간 운영을 통해 축적한 CES 전문 노하우를 바탕으로 매년 현장에 동행하는 운영진의 고품격 케어 서비스와 매경 테크가이드의 전시 해설 투어, 실리콘밸리 특파원 및 산업별 전문가의 디브리핑을 제공합니다. 순수 CES 중심의 전문 연수로 기술과 산업 트렌드를 깊이 있게 경험할 수 있습니다. 매경미디어는 11년 연속 CES의 미디어 파트너로 참여하면서 혁신 현장의 소식을 국내 독자들에게 전달하고 있습니다.일정    2027년 1월 5~11일, 4박7일신청·문의   매경 CES 참관단 사무국 (02)2000-5480, ces.mk.co.kr참가 비용    사무국 문...",https://n.news.naver.com/article/newspaper/009/0005745513?date=20261008,경영,0.000972529274530006,
한국경제,[사설] CPTPP 원점서 재논의…국익 확대기회 놓치지 말아야,포괄적·점진적 환태평양경제동반자협정(CPTPP) 가입이 또다시 기로에 놓였다. 이재명 대통령은 그제 국무회의에서 농어민의 신뢰와 공감대를 강조하며 “결론을 정해놓고 서두르지 말고 원점에서 다시 대화하라”고 지시했다. 농어민단체의 반발과 최근 농지 전수조사로 악화된 농심까지 고려한 것으로 보인다. 그러나 정치적 부담이 국가 전체의 통상전략을 좌우해서는 곤란하다.수출로 먹고사는 나라가 세계 국내총생산(GDP)의 15%를 차지하는 초대형 자유무역협정(FTA) 가입을 머뭇거리는 것은 전략적 실책이다. 더구나 보호무역주의가 확산하는 상황에서 CPTPP의 조속한 가입은 시급한 국가 과제다.무엇보다 이 대통령 스스로 가입 필요성을 인정해 왔다. 지난 1월 다카이치 사나에 일본 총리와의 정상회담에서 가입 의사를 재확인했다...,https://n.news.naver.com/article/newspaper/015/0005340337?date=20261008,경영,0.0009718955998744315,
동아일보,"軍, MDL 이남 北지뢰 매설 수백발 추정","강신철, 국감서 “유엔사와 조사 추진”정동영 “지뢰 폭발, 北공격 특정 못해”강신철 국방부 장관이 7일 군사분계선(MDL) 이남에 수백 발의 북한 지뢰가 매설돼 있을 것으로 본다고 밝혔다. 국방부는 지난해 9월 북한이 MDL 이남에 지뢰를 매설했을 가능성이 있다고 보고했다고 설명했다. 하지만 유엔군사령부와의 이견으로 1년 넘게 별다른 조치를 취하지 못한 것이다.강 장관은 이날 서울 용산구 국방부 청사에서 열린 국회 국방위원회 국정감사에서 지난달 21일 서부전선 비무장지대(DMZ) 지뢰 폭발 사건이 발생한 현장 외에도 북한 지뢰 매설 의심 지역이 여러 곳 있다고 밝혔다. 강 장관은 국민의힘 유용원 의원이 ‘MDL 이남에만 수백 발 이상의 북한 지뢰가 매설돼 있을 것으로 판단된다’고 지적하자 “저희들도 그렇게 ...",https://n.news.naver.com/article/newspaper/020/0003753553?date=20261008,기타,0.0009667647144445706,
조선일보,"분자의 100년 난제 해결… 노벨화학상, 日 2년 연속 수상","佛 앙리 카강·日 소아이 겐소분자의 선택적 합성 방법 제시日, 노벨상 31번째 수상자 배출약이 효과를 내려면 몸속 표적이라는 자물쇠에 열쇠처럼 꼭 맞아야 한다. 그런데 약 분자 상당수는 왼손과 오른손처럼 거울에 비친 듯 좌우가 뒤바뀐 두 형태로 존재하고, 이 가운데 한쪽만 자물쇠에 맞는 경우가 많다. 올해 노벨 화학상은 이처럼 원하는 ‘열쇠’ 분자를 더 많이 만들어내는 길을 연 두 화학자에게 돌아갔다.스웨덴 왕립과학원은 7일 앙리 카강(95) 프랑스 파리쉬드대(현 파리사클레대) 명예교수와 소아이 겐소(76) 일본 도쿄이과대 명예교수를 수상자로 선정했다고 발표했다. 이들의 연구 성과는 더 안전한 약을 만드는 기술의 바탕이 됐을 뿐 아니라, 향료·농약·신소재를 만드는 화학 반응을 설계하는 데 핵심 도구가 됐다....",https://n.news.naver.com/article/newspaper/023/0004002728?date=20261008,업계,0.0009633982958029605,
매일경제,"국감서 고개 숙인 선관위 … ""전면쇄신 방안 모색할 것""","위철환 중앙선거관리위원장 직무대행이 국정감사에서 투표용지 부족과 선거관리 부실에 대해 재차 고개를 숙였다. 선관위는 조직 개편, 투·개표 절차 개선, 정치관계법 개정 등 3가지 분야에서 쇄신해 나가기로 했다.위 대행은 7일 국회 행정안전위원회의 선관위에 대한 국정감사에서 ""국민 여러분과 국회에 큰 실망과 우려를 끼쳐 드린 점에 대해 다시 한번 머리 숙여 깊이 사죄드린다""고 말했다. 이어 ""위원회는 지금 창설 이래 가장 무거운 시련의 시간을 보내고 있다""고 말했다.위 대행은 ""위원회는 뼈저린 성찰을 바탕으로 조직 개편, 투·개표 절차 개선, 정치관계법 개정의 세 분야로 나눠서 전면적인 쇄신 방안을 모색하고 있다""고 했다. 이어 ""올 하반기 지방체육선거를 시작으로 내년 전국 동시 조합장 선거에 이르기까지 투·개...",https://n.news.naver.com/article/newspaper/009/0005745541?date=20261008,기타,0.0009589863644028191,
매일경제,"놓친 세지포 명장면, 다시보기로 만나요","80여개 세션 다시보기 제공연말까지 무제한 시청 가능포럼은 사흘 만에 끝났지만, 배움은 석 달 더 이어진다. 매경미디어가 지난달 29일부터 공식 홈페이지를 통해 '세계지식포럼 2026 다시보기' 서비스를 운영 중이다. 현장에서는 동시에 열리는 여러 세션 가운데 하나만 골라야 했지만, 이제는 참석자가 직접 자신만의 '포럼 시간표'를 다시 짤 수 있게 됐다.다시보기의 가장 큰 장점은 관심사에 따라 세션을 묶어 볼 수 있다는 점이다. 올해 포럼은 '프로메테우스의 순간: 공존지능 세계를 설계하라'를 주제로 인공지능(AI)과 거시경제부터 국방·에너지·바이오까지 산업 전반을 폭넓게 다뤘다.예컨대 AI 관련 세션을 연달아 보며 '공존지능' 시대의 큰 그림을 그려볼 수도 있고, 자신이 속한 산업 분야 세션만 골라 깊이 파...",https://n.news.naver.com/article/newspaper/009/0005745413?date=20261008,업계,0.0009372545250403505,
매일경제,주택연금 탓에 … 5대銀 가계대출 여력 줄어,"가계대출 증가액의 26% 차지""총량규제 대상서 제외 필요""5대 은행이 올해 들어 늘린 가계대출의 4분의 1 이상이 주택연금대출인 것으로 나타났다. 주택연금이 은행들의 가계대출 증가액에서 차지하는 비중이 구체적인 수치로 확인된 것은 이번이 처음이다.고령층의 노후 생활을 지원하는 정책상품인 주택연금까지 가계대출 총량 규제에 포함되면서 가뜩이나 빠듯한 가계대출 여력이 더 줄어들고 있다는 지적이 나온다.7일 한민수 더불어민주당 의원실이 5대 은행(KB국민·신한·하나·우리·NH농협은행)과 한국주택금융공사에서 제출받은 자료에 따르면, 5대 은행의 올해 8월까지 가계대출 증가액은 약 5조2448억원으로 집계됐다. 이 가운데 주택연금대출 지급액 증가분은 약 1조3635억원으로, 전체 가계대출 증가액의 26%에 달했다.주택...",https://n.news.naver.com/article/newspaper/009/0005745532?date=20261008,경영,0.0009347400675073946,
한국경제,2026 한경 넥스트 머니포럼,"13일 한경 본사 다산홀경제평론가 윤지호 등 강연한경미디어그룹 계열사 한경닷컴은 오는 13일 서울 중림동 한국경제신문사빌딩 18층 다산홀에서 차세대 금융 트렌드와 자산관리 전략을 제시하는 ‘2026 한경 넥스트 머니포럼’을 엽니다. 이번 포럼은 인공지능(AI), 빅데이터, 블록체인 등 이른바 ‘ABCD테크’의 발전이 금융시장과 투자 환경에 미치는 영향을 조명합니다.가속화하는 기업의 AI 전환(AX)과 급변하는 금융·자산시장 환경에 개인투자자가 효과적으로 대응할 수 있도록 실전 투자 전략 및 자산관리 방향도 소개합니다.● 장소:한국경제신문사빌딩 18층 다산홀● 참가비:3만원(선착순 200명)● 연사:윤지호 경제평론가, 노근창 세미콘리서치랩 대표, 이재만 하나증권 글로벌투자분석실장, 유동원 유안타증권 본부장, ...",https://n.news.naver.com/article/newspaper/015/0005340235?date=20261008,경영,0.0009313752735726693,
한국경제,"[단독] ""우리 회사가 낫네""…요즘 직장인들에 인기 폭발한 사내 복지","""은행보다 우리 회사가 낫네""사내대출 올해 30% 급증금리 싸고 규제 적용 안 돼 인기올 SGI서울보증 공급액 1.2조원이 기사는 10월 7일 오후 3시 한국경제신문의 투자 정보 유료 플랫폼인 '한경 프리미엄9'(www.hankyung.com/premium9)에 게재됐습니다.한경 프리미엄9을 구독하시면 더 많은 단독 기사를 실시간으로 볼 수 있습니다.직장 사내대출이 빠르게 늘고 있다. 높은 대출 문턱에 금리까지 올라가는 가운데 규제 없는 저금리 대출이라는 점이 부각되고 있어서다. 직장 복지인 사내대출에 따라 자금 여력에 차이가 나자 ‘컴퍼니론 디바이드’라는 말까지 생겨날 정도다.7일 SGI서울보증이 한민수 더불어민주당 의원에게 제출한 자료에 따르면 올해 들어 8월까지 이 회사가 공급한 사내대출(공기업 제외)...",https://n.news.naver.com/article/newspaper/015/0005340236?date=20261008,경영,0.0009004504953565324,
매일경제,"""LA 파괴돼도 괜찮다""… 트럼프 망언에 美 발칵","도널드 트럼프 미국 대통령이 이란전으로 인한 물가 상승을 감수해야 한다고 주장하는 과정에서 로스앤젤레스(LA)와 샌디에이고(SD)가 공격받아도 어쩔 수 없다는 취지의 발언을 해 논란이 일고 있다.6일(현지시간) 트럼프 대통령은 전날 네브래스카 연설에서 이란전으로 연료 가격이 오른 데 대해 ""세계를 안전하게 지키기 위해 치러야 할 작은 대가""라고 말했다. 이어 ""그들이 LA와 SD를 파괴하게 놔두라""고 했다.개빈 뉴섬 캘리포니아 주지사는 트럼프 대통령을 강하게 비판하며 수정헌법 25조 발동을 주장했다. 공화당 소속 짐 데스먼드 연방 하원의원 후보 역시 ""어떤 미국 도시도 희생될 수 없다""고 비판했다.이에 백악관은 트럼프 대통령이 이란의 위협을 언급한 것일 뿐이라고 해명했다.[김덕식 기자]...",https://n.news.naver.com/article/newspaper/009/0005745497?date=20261008,기타,0.0008801005081467485,
조선일보,잠실야구장 44년 만에 재건축… 전국 경기장 44%가 30년 넘었다,[한계 다다른 노후 경기장]<上> 근본적 해법 없이 사실상 방치7일 프로야구 LG와 두산의 경기가 열린 잠실야구장은 마치 40년 전으로 타임머신을 타고 돌아간 듯했다. LG와 두산의 전신인 MBC 청룡과 OB 베어스의 빛바랜 유니폼을 입은 올드 팬과 레트로 유니폼으로 꾸민 젊은 팬들로 관중석이 북적였다. 홈팀 LG 영구 결번 선수 이병규(9번)와 박용택(33번)이 시구자로 나서 팬들의 향수를 한층 자극했다. 잠실야구장에서 열리는 정규시즌 마지막 ‘잠실 더비’ 풍경이었다.1982년 7월 개장한 서울 잠실야구장이 올 시즌을 끝으로 재건축에 들어간다. 연말 철거 작업을 시작해 2032년 초 3만석 규모 돔구장으로 다시 태어난다. 2014년 처음 계획이 발표된 이후 실제 재건축에 돌입하기까지 12년이 걸렸다. 구장...,https://n.news.naver.com/article/newspaper/023/0004002719?date=20261008,업계,0.0008446055005841421,
동아일보,“나를 잊지 마세요”… 한국 여성인권운동 역사전,"7일 시민들이 경기 고양시 덕양구 성평등가족부 산하 한국양성평등교육진흥원 국립여성사전시관에서 열리고 있는 상설주제전 ‘목소리들’을 관람하고 있다. 가부장제와 노동, 젠더폭력 등 세 가지 주제로 한국 여성인권운동의 역사를 조명하는 이번 전시는 내년 5월 31일까지 열린다....",https://n.news.naver.com/article/newspaper/020/0003753527?date=20261008,기타,0.0008288292497953103,
조선일보,[이응준의 과거에서 보내는 엽서] [87] 버마의 ‘암살자(들)’,"1983년 10월 8일, 나는 버마 수도 랑군(1989년 미얀마와 양곤으로 각각 명칭 변경)의 아웅산 국립묘지를 거닐고 있다. 오늘 전두환 대한민국 대통령은 동남아·대양주 6개국 순방의 첫 방문지로 버마를 찾았다. 그리고 10월 9일인 내일 버마에서의 이틀째 일정으로 이곳 아웅산 국립묘지 내 아웅산 장군 묘소를 참배하려는 와중에 북한의 폭탄 테러가 벌어질 것이다. 북한의 최정예 특수공작원 3인조(김진수, 강민철, 신기철)는 아웅산 묘역 지붕 천장에 원격 조종 폭탄들을 설치한 채 도사리고 있었다.그들은 남한 정부 수행원들이 도착해 늘어서고 행사의 시작을 알리는 진혼 나팔이 울리자, 폭발 버튼을 눌렀다. 하지만 전 대통령은 버마 외교부 장관과의 출발 시간 혼선과 차질 때문에 몇 분 정도 늦게 출발한 터였다. 미...",https://n.news.naver.com/article/newspaper/023/0004002649?date=20261008,기타,0.0008263863001412248,
동아일보,"개인 체납 1위 권혁, 15년 안낸 세금 3938억 납부하기로","日서 자수성가한 해운업계 거물역외탈세 세금 추징-10년 법정다툼1000억 선납… 나머지는 선박 담보역대 개인 고액 체납 1위 권혁 시도그룹 회장(사진)이 15년간 내지 않았던 세금 3938억 원을 납부하기로 했다. 권 회장은 현금 1000억 원을 먼저 납부한 데 이어 나머지 체납액에 대해서는 해외 선박 5척을 담보로 제공했다.7일 국세청에 따르면 권 회장은 최근 정부에 개인 체납액 3938억 원 전액을 납부하겠다는 계획을 제출했다. 2011년 국세청은 권 회장과 관련 법인 등에 종합소득세와 법인세 등 총 4101억 원을 추징했다. 그러나 권 회장은 자신이 한국 거주자가 아니어서 종합소득세를 낼 의무가 없다며 불복해 소송을 진행했다. 이후 10년 넘게 소송을 이어 갔고, 2024년 3938억 원을 납부해야 한...",https://n.news.naver.com/article/newspaper/020/0003753581?date=20261008,기타,0.0008203802402026886,
동아일보,반영구화장-타투 고수는 누구,7일 서울 영등포구 중소기업중앙회에서 열린 반영구화장·타투·두피문신 종사자들의 기능·예술 경진대회인 ‘소상공인 기능경진대회 제3회 PTS 문화예술대전’에서 참가자들이 경연을 하고 있다....,https://n.news.naver.com/article/newspaper/020/0003753493?date=20261008,기타,0.0007944719958367783,
매일경제,"""K웹툰과 마블은 '찰떡궁합'… 韓콘텐츠와 협업 더 늘릴 것""","C B 서벌스키 마블 아시아오리지널스 편집장亞현지화 콘텐츠 발굴에 힘써'엑스맨 코리아' 가장 기대돼한국인 스파이더맨 나올 수도창작의 뿌리는 인간성과 경험AI기술로도 절대 대체 못할 것마블 코믹스의 아시아 지역 콘텐츠 전략을 총괄하는 C B 서벌스키 마블 아시아오리지널스 편집장은 ""언젠가 한국인 스파이더맨이 한국에서 활약하는 이야기도 들려줄 기회가 있을 것""이라고 말했다.지난 8년여간 마블 코믹스 편집장으로 재직하며 '슈퍼히어로 왕국'을 이끌어온 그에게 성공적인 지식재산권(IP) 전략에 관해 묻자 의외의 답이 돌아왔다. 그는 ""마블의 창작물을 IP나 콘텐츠라는 단어로 부르는 걸 좋아하지 않는다""며 정교한 콘텐츠 사업 전략보다 독자의 마음을 움직이는 이야기가 먼저라고 강조했다.이야기의 힘을 믿는 그는 2011년...",https://n.news.naver.com/article/newspaper/009/0005745414?date=20261008,기타,0.0007939359437357435,
중앙일보,"[취재일기] “군대 안 갑니다”…그들이 딴 건 금메달인가, 군면제 티켓인가","“(메달) 무거워요?”아이치·나고야 아시안게임에서 취재진이 던진 지극히 평범한 질문이었다. 그런데 축구 대표팀 주장 이기혁의 입에서 나온 답은 귀를 의심케 했다.“군대 안 갑니다.”누구도 병역 혜택을 묻지 않았다. 그런데도 선수들은 철없는 언행을 쏟아냈다. “군 면제 보상, 그거 하나만 보고 경기했다”는 양민혁의 고백, 전역모를 삐딱하게 쓴 박승수의 인증샷, 러너들 사이에서 유행하는 밈을 따라 했다지만 지뢰 사고를 떠올리게 하는 최우진의 영상까지. 외신이 “금메달을 따고도 욕먹는 법”이라고 보도할 만큼 스스로 국제적 망신을 불렀다.일본 사회인 야구팀을 꺾은 야구 대표팀에서는 병역 미필 선수 16명만 따로 모여 세리머니를 했다.이들에게 국방의 의무는 형벌이고, 금메달은 병역 면제로 가는 ‘골든 티켓’일 뿐인 ...",https://n.news.naver.com/article/newspaper/025/0003556476?date=20261008,기타,0.0007878948431123387,
한국경제,일찌감치 동나던 호텔방도 텅텅…AI 공포에 경고 쏟아진 곳,"프랑크푸르트도서전 개막세계 최대 도서전 덮친 AI…""책과 사고력 약탈""글로벌 석학들 AI에 경고음""우리는 스스로 결정할 힘 잃어""한편에선 AI 활용 방법도 고심“예전에는 도서전 기간에 다른 손님을 거의 받을 수 없었지만, 이제는 일반 단체 손님도 받을 만큼 객실에 여유가 있어요.”(독일 프랑크푸르트 호텔 관계자)세계 최대 도서전도 출판 불황의 그늘을 피하지 못하고 있다. 제78회 프랑크푸르트 도서전이 7일(현지시간) 막을 올렸다. 출판사와 에이전시들이 과거보다 참가 규모를 줄이면서 행사 기간이면 일찌감치 방이 동나던 이 지역 호텔가의 풍경도 달라졌다.이런 위기감은 도서전이 열린 메세 안에서도 고스란히 감지됐다. 전 세계 출판인이 모인 개막 현장에서 화두는 역시 생성형 인공지능(AI)이었다. 책을 사는 사람은...",https://n.news.naver.com/article/newspaper/015/0005340375?date=20261008,기타,0.0007829463380621756,
동아일보,결혼이민여성들의 ‘도전! 한글 골든벨’,"7일 대구 북구 대구북구가족센터에서 열린 ‘도전! 한글 골든벨’에 참가한 결혼이민여성들이 직접 쓴 한글 퀴즈 정답을 들어보이고 있다. 북구는 한글날 100주년의 의미를 되새기고, 결혼이민여성들의 한글에 대한 관심을 높이기 위해 행사를 마련했다....",https://n.news.naver.com/article/newspaper/020/0003753543?date=20261008,기타,0.0007648621727901068,
매일경제,"SK디앤디, 1천억 유상증자 … 디폴트 위기 급한불 '진화'","한앤코, 배정 물량 전량 청약사모펀드(PEF) 운용사 한앤컴퍼니가 투자한 SK디앤디가 주주배정 유상증자로 1010억원을 조달할 방안을 확정 지었다. 이로서 채무불이행(디폴트) 위기에 직면했던 SK디앤디는 급한 불을 끌 수 있게 됐다. 최대주주인 한앤컴퍼니는 배정 물량 전량 청약에 나선다.7일 금융감독원 전자공시시스템에 따르면 SK디앤디는 이날 유상증자 발행가를 주당 2260원으로 확정했다. 발행 신주는 4468만1000주다. 이날 SK디앤디 주가는 전 거래일 대비 4.95% 내린 3070원에 마감했다. 유상증자 추진을 처음 공시하기 전날인 지난 7월 13일과 비교하면(수정주가 기준) 59.16% 하락한 수준이다.조달 자금 중 620억원은 이달 말 만기가 돌아오는 사모사채 상환에, 390억원은 군포 지식산업센...",https://n.news.naver.com/article/newspaper/009/0005745503?date=20261008,경영,0.0007576663480229833,
동아일보,지프 ‘뉴 그랜드 체로키 L’ 국내 출시,"“아시아-태평양 지역서 韓에만 판매”출력 15% 높이고, 에어서스펜션도지프가 대형 스포츠유틸리티차량(SUV) ‘뉴 그랜드 체로키 L’(사진)을 국내에 출시하고 10월 한 달간 구매 혜택을 제공한다고 7일 밝혔다.뉴 그랜드 체로키 L은 5세대 그랜드 체로키의 부분변경 모델로, 아시아·태평양 지역에서는 한국에서만 판매된다. 국내에는 최고급 모델인 ‘서밋 리저브’를 우선 출시하며 가격은 1억1490만 원이다. 그랜드 체로키는 1992년 처음 출시된 이후 전 세계에서 700만 대 이상 판매된 지프의 대표 SUV다.새 모델은 기존 3.6L 6기통 엔진 대신 2.0L 터보 가솔린 엔진을 탑재했다. 최고출력은 기존보다 15% 높아진 329마력이고, 최대토크도 31% 향상됐다. 복합연비는 L당 7.9km다. 특히 배기량이...",https://n.news.naver.com/article/newspaper/020/0003753489?date=20261008,기타,0.0007407196190229989,
동아일보,"올해 수출입銀 해킹시도 283건, 작년의 8배","은행 정보유출 집단소송 움직임올해 들어 한국수출입은행을 겨냥한 해킹 시도가 지난해 연간 건수의 8배에 달하는 것으로 조사됐다. 한국은행에도 지난달 해외에서 홈페이지를 공격하려는 움직임이 탐지되는 등 해킹 시도가 이어지고 있다.7일 국회 재정경제기획위원회 소속 국민의힘 이종욱 의원이 제출받은 자료에 따르면 올해 들어 이달 5일까지 수은 해킹 시도는 283건으로 집계됐다. 지난해(36건)의 약 7.9배에 달한다. 공격 발신지는 국외가 96.1%였다. 다만 해킹 피해는 확인되지 않았다. 올해 들어 이달 2일까지 한은 공격 시도는 136건으로, 지난해의 약 4.5배다.한편 최근 은행 개인정보 유출과 관련해 피해자 집단소송 움직임이 나타나고 있다. 서울 서초구의 한 법무법인은 이날 신한은행 개인정보 유출 피해자를 대...",https://n.news.naver.com/article/newspaper/020/0003753507?date=20261008,경영,0.0007385086504146546,
매일경제,"HD현대, 조선업 총괄 신설·안전경영 강화","HD현대 정기선號 사장단 인사이상균 부회장이 조선 총괄업황 불확실성에 선제 대응조민수 사장, 안전총괄 대표한주석 사장, 신사업에 집중'품질 전문가' 박찬혁 승진HD현대그룹이 정기선 회장 체제 1년을 맞아 첫 사장단 인사를 단행했다. 불확실성에 대응해 조선업을 총괄하는 부회장직을 신설하고 이상균 HD현대중공업 부회장을 선임했다. 또 안전 전담 대표를 임명했다.7일 HD현대는 이 같은 내용을 골자로 하는 '2026년도 사장단 인사'를 단행했다고 밝혔다. HD현대는 통상 11월에 사장단 인사를 단행했다. 하지만 지난해 계열사 합병을 앞두고 인사를 10월 중순으로 앞당겼고, 올해는 작년보다 인사 시기를 열흘가량 더 빠르게 조정했다.1961년생인 이 총괄 부회장은 인하대 조선공학과를 졸업하고 1983년 현대중공업에 ...",https://n.news.naver.com/article/newspaper/009/0005745509?date=20261008,경영,0.0007240954541762843,
한국경제,"[포토] 날았다 누리호, 위성 14기 배달 완료",‘한국형 발사체’ 누리호가 7일 낮 12시25분 전남광주 고흥군 나로우주센터에서 5차 발사에 성공했다. 국내 최초의 실용급 양산형 군집위성 5기를 포함해 위성 14기를 목표 궤도에 안착시켰다. ﻿﻿한국항공우주연구원 제공...,https://n.news.naver.com/article/newspaper/015/0005340234?date=20261008,기타,0.0007182604309362574,
동아일보,"[전문의 칼럼]대한민국 ‘의료 허리’, 포괄수련종합병원 살려야","응급환자가 발생했을 때 모든 환자가 서울의 대형 상급종합병원으로 가는 의료 체계가 과연 바람직할까. 위급한 환자에게 중요한 것은 병원의 이름이나 규모가 아니라 ‘골든타임 내에 필요한 치료를 받을 수 있느냐’다. 이를 위해서는 사는 곳 근처에서 응급 처치부터 입원, 수술, 중환자 치료까지 책임질 수 있는 병원이 필요하다.이런 역할을 수행하는 곳이 ‘포괄수련종합병원’이다. 상급종합병원은 아니지만 대부분 대학병원이다. 24시간 응급실과 중환자실을 운영하고, 고난도 수술과 중증환자 치료도 맡고 있다. 이뿐만 아니라 전공의(인턴, 레지던트) 교육의 한 축도 담당하고 있다. 포괄수련종합병원은 우리나라 중증진료의 3분의 1 이상을 담당할 정도로 의료 전달 체계에서 중요한 역할을 한다.그러나 수행하는 역할에 비해 보상은 ...",https://n.news.naver.com/article/newspaper/020/0003753530?date=20261008,경영,0.0007173240610294535,
동아일보,[단독]法어겨 공공입찰 제한 121개 업체가 1조원 낙찰,효력정지 소송후 계속 입찰 참여패소해도 낙찰 계약 취소 못해“참가자격 제한 제도 무력화” 지적최근 6년여간 국가계약법 등 관련 법을 어겨 공공입찰 자격이 제한된 121개 업체가 법원에 이에 대한 효력정지 가처분을 신청한 뒤 계속 입찰에 참여해 1조 원이 넘는 공공 계약을 낙찰받았다. 이 가운데 일부는 선금 258억 원도 받아 챙긴 것으로 나타났다.더불어민주당 문진석 의원이 7일 조달청에서 받은 자료에 따르면 2020년∼2026년 8월 ‘부정당업자’로 지정된 121개 기업이 이를 취소해 달라는 소송을 제기했지만 패소했다. 조달청은 공공입찰에서 담합을 하거나 계약을 위반하는 등 불법 행위를 한 업체에 대해 일정 기간 입찰 참가 자격을 제한하는 부정당업자 지정 제도를 운영한다. 해당 업체들은 소송이 진행되는 동안...,https://n.news.naver.com/article/newspaper/020/0003753509?date=20261008,기타,0.0006991971017771136,
매일경제,"최교진 ""서울대 10개 만들기, 내년 2곳이상 추가""","국회 교육위 국정감사서 밝혀수능 서·논술형 발표 늦춰질듯최교진 교육부 장관이 '서울대 10개 만들기' 사업과 관련해 내년 2곳 이상의 지역을 추가 선정하는 방안을 추진하겠다고 밝혔다. 올해 부산대·전남대·충남대 3곳을 선정한 데 이어 국회 예산 논의 등을 거쳐 지원 대상을 확대한다는 계획이다. 7일 최 장관은 국회 교육위원회 국정감사에서 내년 추가 선정 계획에 대해 ""2곳 이상 추가 선정하는 방안을 국회 논의 과정에서 예산 등을 종합적으로 고려해 추진하도록 계획하고 있다""고 밝혔다. '서울대 10개 만들기'는 거점국립대에 대한 투자를 확대해 서울대 수준의 교육·연구 경쟁력을 갖출 수 있도록 지원하는 사업이다.사업이 이공계 중심으로 설계됐다는 지적에 대해서는 보완 필요성을 인정했다. 최 장관은 ""지역 전략산업...",https://n.news.naver.com/article/newspaper/009/0005745488?date=20261008,경영,0.0006830463851493013,
매일경제,"""미술관 벽에 선을 그려라"" 아이디어 자체가 예술","개념미술 거장 솔 르윗 서울·샌프란서 전시아모레는 韓 첫 대규모 회고전SFMOMA, 핵심작 21점 공개""아이디어는 예술 만드는 기계""지시문 따라 작품 새롭게 탄생""아이디어가 예술을 만드는 기계가 된다.""미국 개념미술을 이끈 거장 솔 르윗은 이 선언을 증명하듯 평생 아이디어와 규칙의 가능성을 실험했다. 정육면체로 만든 구조물부터 선과 형태를 반복한 월 드로잉까지 그의 실험은 끊임없이 모습을 바꿨다. 그의 전시가 서울과 샌프란시스코 등 곳곳에서 열리고 있다.르윗은 예술의 핵심은 물질적 결과보다 아이디어와 그 작동 과정에 있다고 봤다. 작품을 만드는 과정에서 작가의 손과 감정보다 아이디어와 규칙을 더 중시했다. 또 선이나 사각형, 정육면체 등 단순한 기하학적 요소를 정해진 규칙에 따라 반복하고 조합했다. 회화, ...",https://n.news.naver.com/article/newspaper/009/0005745417?date=20261008,기타,0.0006675302053414333,
한국경제,"대구국제뮤지컬페스티벌, 첫 지원作 시범공연",영남 브리프대구국제뮤지컬페스티벌(DIMF)이 오는 28일 오후 7시 대구 꿈꾸는씨어터에서 극단 온누리의 ‘더 해피 프린스’ 시범공연을 연다. 올해 뮤지컬 인큐베이팅사업에 새로 도입한 시범공연 지원에 선정된 작품이다. 뮤지컬 전문가의 지도를 받아 완성도를 높인 작품을 관객에게 선보인다....,https://n.news.naver.com/article/newspaper/015/0005340176?date=20261008,기타,0.000662472829139089,
조선일보,"[논설실의 뉴스 읽기] “닥공 한다면서 공급 막는 규제 양산, 정말 집값 잡을 의지 있나”","정부 공급대책이 안 통하는 이유김준형 명지대 교수의 진단서울 아파트 값이 86주 연속 오르며 사상 최장 상승 기록을 갈아치웠다. 공급 절벽이 현실화하고 있기 때문이다. 서울의 연간 적정 입주 물량은 4만5000가구 안팎으로 평가되지만, 올해는 3만4000가구, 내년은 2만2400여 가구로 적정치를 밑돌 전망이다.정부는 ‘닥치고 공급’을 외치며 잇따라 대책을 내놓고 있지만 현장에선 “실효성 없다”는 평가가 많다. 조합원 지위 양도 제한, 이주비 대출 규제 등 정부 규제가 서울 주택 공급의 대부분을 차지하는 정비사업의 발목을 잡고 있기 때문이다. 서울시 주택부동산정책수석을 지낸 김준형 명지대 교수를 만나 공급난이 심화하는 이유와 해법을 들었다.-공급난의 책임을 놓고 이재명 대통령은 윤석열 정부 때인 2022년부...",https://n.news.naver.com/article/newspaper/023/0004002653?date=20261008,기타,0.0006623439128408227,
동아일보,美격전지 중간선거 사전투표 돌입… 트럼프도 독려 나서,"투표소 앞 긴줄… 상원의원 초접전트럼프, 韓대미투자 치적으로 강조“이란 LA 파괴하게 둬라” 발언 논란‘대선 잠룡’ 뉴섬 “행정권한 뺏어야”11월 3일 미국 중간선거가 채 한 달도 남지 않은 가운데 6일 이번 선거의 핵심 격전지로 꼽히는 북동부 오하이오주에서 ‘조기 현장투표(사전투표)’가 시작됐다. 과거 야당 민주당 지지자가 주로 참여한다는 이유로 우편투표를 포함한 사전투표에 부정적이었던 도널드 트럼프 대통령은 투표를 독려하며 핵심 지지층인 보수 유권자 규합에 나섰다. 트럼프 행정부를 강하게 비판해 온 민주당 소속 버락 오바마 전 대통령은 24일 또 다른 격전지 미시간주 디트로이트에서 지원 유세에 나서기로 했다.● 트럼프 “투표하라” 독려로이터통신 등에 따르면 이날 오하이오 머디나 카운티 선거관리위원회에는 ...",https://n.news.naver.com/article/newspaper/020/0003753519?date=20261008,경영,0.0006582525956608122,
조선일보,"송영길 등 與 인사들, 줄줄이 이화영 면회",“더 못 참겠다는 취지로 말해”친명계는 가석방 요구에 격앙송영길 더불어민주당 의원 등 여권 인사들이 쌍방울 대북 송금 사건으로 징역 7년 8개월이 확정돼 수감 중인 이화영 전 경기도 평화부지사를 최근 잇달아 면회했다. 이 전 부지사는 “더 이상 못 참겠다”는 취지의 토로를 했다고 한다. 이 전 부지사의 변호를 맡고 있는 김광민 변호사가 7일 공개적으로 가석방 요구를 한 것과 같은 맥락이다.송영길 의원은 지난달 23일 수원구치소를 찾아 이 전 부지사를 접견했다. 송 의원은 7일 본지에 “대북 송금 사건의 조작 수사 과정에 대한 생생한 이야기를 들었다”며 “이 전 부지사가 강한 분노를 표했다”고 했다. 송 의원 외에도 최근 여권 인사들이 이 전 부지사를 접견한 것으로 전해졌다.여권 인사들이 이 전 부지사를 찾은...,https://n.news.naver.com/article/newspaper/023/0004002721?date=20261008,기타,0.0006512811423251324,
조선일보,"“여명학교 건립, 우리가 지지”... 261개 단체·3만 시민 뭉쳤다","서울시교육청·서울시의회에 “조속히 추진” 촉구“죽음 넘어온 탈북 청소년들에 희망의 끈 끊지 말라”“북한에서도, 중국에서도 위축돼 살았던 아이들이 여기서까지 움츠러들어 살아야 합니까.”7일 오전 서울 중구 서울시의회 앞. 탈북 청소년 대안학교인 여명학교 조명숙 교장이 이렇게 말하며 눈물을 보였다. 22년간 이곳저곳을 떠돌던 여명학교는 최근 서울 강서구 옛 염강초등학교 부지 한쪽에 새 보금자리를 마련하려 했지만 일부 주민의 거센 반대에 부딪혔다. 20일 전 열린 주민 설명회에서는 조 교장이 반대 주민들 앞에서 무릎을 꿇고 학교 건립을 호소하기도 했다.하지만 이날 조 교장 곁에는 여명학교 건립을 지지하는 이들이 함께 섰다. 교육·시민사회·종교계 등 261개 단체가 참여한 ‘여명학교 현 부지 학교 건립을 지지하는 ...",https://n.news.naver.com/article/newspaper/023/0004002628?date=20261008,경영,0.0006398176206035484,
한국경제,"기업교육업체 HSG, 내달 11일 코칭센터 설립","기업교육 전문업체 HSG는 7일 비즈니스 코칭 전문 조직인 ‘HSG코칭센터’를 다음 달 11일 설립한다고 밝혔다. 2012년 비즈니스 코칭을 시작한 이후 14년간 축적한 경험과 역량을 전담 조직으로 체계화할 계획이다. HSG가 그동안 진행한 코칭 세션은 누적 4000회 이상이다.HSG는 대화와 지식 전달 중심의 기존 코칭을 리더의 실질적인 행동 전환으로 옮기기 위해 센터를 설립했다. 인공지능(AI) 전환과 조직 변화가 빨라지면서 코칭에서 배운 내용을 업무에 적용하도록 체계적인 지원이 필요하다는 것이다.센터장을 맡은 이민경 박사는 “리더십 개발은 단일 프로그램 중심에서 다양한 행동 변화 기법을 결합하고, 리더별 맞춤형 경험을 설계한 뒤 성과를 데이터로 확인하는 방향으로 바뀌고 있다”며 “개인별 맞춤 코칭으로 ...",https://n.news.naver.com/article/newspaper/015/0005340201?date=20261008,기타,0.0006338469350195788,
동아일보,[단독]브레이크 없는 ‘픽시 자전거’ 타다 적발 1269건,"99.6%가 청소년, 인명사고 위험대부분 경고… 처벌법은 내년 시행제동 장치가 없는 픽시 자전거를 타다가 경찰에 적발된 이들의 99.6%가 18세 미만 청소년으로 나타났다. 7일 더불어민주당 이상식 의원이 경찰청에서 받은 자료에 따르면 지난해 9월 17일부터 올해 7월 31일까지 픽시 자전거 적발은 1269건이었다. 이 중 5건을 뺀 1264건이 18세 미만이 운전한 경우였다.픽시 자전거는 뒷바퀴의 기어와 페달이 고정돼 페달이 돌면 바퀴도 함께 도는 자전거다. 청소년 사이에서는 멋이나 묘기를 위해 브레이크를 떼고 타는 경우가 많다. 이 경우 페달을 반대로 밟아 뒷바퀴를 미끄러뜨려 멈춰야 해 제동 거리가 길다. 돌발 상황이나 내리막길에서 인명 사고로 이어질 위험이 크다. 실제로 지난해 7월 서울의 한 이면도로...",https://n.news.naver.com/article/newspaper/020/0003753583?date=20261008,기타,0.0006250455515628439,
한국경제,"韓 '지옥의 시왕들', 미국서 모여 특별전",시왕도 등 100여점 전시600여 년 전 고려 사람들이 사후세계를 그린 그림 ‘시왕도’ 열 폭이 60여 년 만에 한자리에 모인다.미국 클리블랜드미술관은 국립중앙박물관과 함께 오는 11일(현지시간) 특별전 ‘지옥의 시왕: 중세 한국의 사후 세계’(사진)를 개막한다고 6일 밝혔다. 흩어져 있던 시왕도 열 폭을 비롯해 한국·일본·미국·영국에서 모은 저승 관련 작품 100여 점이 나온다.시왕은 고려와 조선시대 사람들이 믿었던 ‘시왕 신앙’에 등장하는 저승의 왕 열 명을 뜻한다. 염라대왕은 이 중 다섯 번째 왕이다. 시왕도는 이 왕들을 한 폭에 한 명씩 그린 그림이다.시왕도 중 셋째 폭은 11월까지만 걸린다. 12월 1일 작품 교체 뒤에는 현대미술가 갈라 포라스-김이 이번 전시를 위해 만든 작품이 그 자리를 채운다....,https://n.news.naver.com/article/newspaper/015/0005340215?date=20261008,기타,0.0006161535813625885,
매일경제,취약층 전기료 왜 지원? … 미래기금 사용처 논란,한전 사업에 3500억 편성 등미래투자와 거리 먼 사업 다수현금성 지원까지 대거 포함162조3000억원 규모로 책정된 미래대응기금의 신규 사업 중 '미래 대응' 취지에 맞지 않는 사업이 상당수 포함된 것으로 나타났다. 현금성 지원 사업 등이 대거 포함돼 반도체 슈퍼사이클로 발생한 추가 세수를 국가 미래에 투자하겠다는 정부 의지가 퇴색됐다는 비판이 나온다.7일 박수영 국민의힘 의원실이 기획예산처에서 받은 2027년도 미래대응기금 사업 설명자료에 따르면 정부는 내년 '전기요금 복지·특례 지원' 사업에 3500억원을 신규 편성했다. 저소득층과 취약계층 전기요금을 깎아주는 이 사업은 한국전력이 자체 부담해왔다. 당초 전기요금 복지할인과 특례할인 등은 정부와 한전이 분담해 지원하도록 돼 있었다.이 사업에는 농어촌 미...,https://n.news.naver.com/article/newspaper/009/0005745506?date=20261008,경영,0.0006072490802337972,
동아일보,"美, 정동영 ‘구성 발언’ 반년 넘도록 북핵 정보 공유 제한","[美, 해킹대응 회의 국정원 배제]鄭 “北 핵시설 공개된 내용” 해명정부 후속조치에도 美 ‘미흡’ 불만MB-朴-文정부 때와 달리 장기화올 3월 정동영 통일부 장관이 북한의 제3 핵시설로 평안북도 구성시를 지목한 이후 미국이 한미 정보당국 간 정보 공유를 제한한 조치가 유지되고 있는 것으로 알려졌다. 과거 미국이 대북 관련 정보를 제한했을 당시에는 한미 간 협의를 통해 공유를 재개했는데 이번 제한 조치가 반년 넘게 이어지는 것이다. 미국 측은 정 장관 발언에 대해 정부가 취한 일부 후속 조치에 대해서도 불만을 표출하는 것으로 알려졌다.7일 정부 소식통에 따르면 정 장관의 발언 이후 미국이 취한 정보 공유 제한 조치가 여전히 계속되고 있는 것으로 알려졌다. 앞서 정 장관은 3월 국회 외교통일위원회 전체회의에서 ...",https://n.news.naver.com/article/newspaper/020/0003753567?date=20261008,기타,0.0006070723021902281,
중앙일보,[신복룡의 신영웅전] 늙음에 대해 충고한 후쿠다 다케오 총리,"나이가 나이인지라 친구들의 이야기는 온통 건강 이야기이다. 어느 모임에서 내 친구 김영작(金榮作·국민대) 교수가 이런 일화를 들려주었다. 그가 일본에서 머물 무렵 후쿠다 다케오(福田赳夫·1976~1978 재임·사진) 총리에게 인사를 드리러 갔다. 후쿠다 야스오 총리의 아버지를 뜻한다.인사를 마치고, 이런저런 얘기 끝에 인생의 늙음이 화제가 되었다. 이제 노경에 이른 후쿠다 총리는 자신의 경험에 비춰 볼 때 늙어가면서 조심해야 할 일이 세 가지가 있는데, 첫째는 넘어져 낙상하지 말아야 하고, 둘째는 고뿔에 걸리지 말아야 하고, 셋째는 인연을 끊어야 한다는 것이었다.한 노제국의 총리를 지낸 인물이 세계 추세가 어떻고, 인생이 어떻고 하는 사변에 빠지지 않고 가장 가까이 와닿는 이야기를 한 것이 인상적이다. 인연...",https://n.news.naver.com/article/newspaper/025/0003556466?date=20261008,기타,0.0005949049234887535,
동아일보,"여러개를 한몸처럼 운용 ‘군집위성’, 한반도 산불-홍수 감시","[누리호 5차 발사]6차때 5기 추가 10기 운용 예정큐브위성 9기는 우주 실험 임무누리호 5차 발사에는 주 임무 위성(주탑재위성)이자 군집위성인 ‘네온샛’ 5기와 초소형 위성인 큐브위성 10기 등 총 15기의 위성이 실렸다. 큐브위성 한 기를 제외한 총 14기가 정상 궤도에 올라 지상과 교신에 성공했다.7일 발사된 네온샛 2∼6호는 같은 설계로 만든 한국의 첫 양산 군집위성이다. 한 기의 무게는 100kg 미만으로 흑백 1m급, 컬러 4m급 해상도의 전자광학 카메라를 탑재했다. 내년 누리호 6차 발사에서 7∼11호 5기를 추가해 모두 10기를 두 개의 궤도면에 나눠 함께 운용할 계획이다. 10기를 동시에 운용할 경우 한반도 지역의 산불이나 홍수 피해 지역의 변화를 더 자주 살펴보거나, 안보상 필요한 지역을...",https://n.news.naver.com/article/newspaper/020/0003753554?date=20261008,기타,0.0005868379331671852,
매일경제,'삼전닉스 레버리지' 개미들 2.3조 털렸다,개인 확정손실 첫 집계삼성전자와 SK하이닉스 주가의 하루 등락률을 2배로 추종하는 '단일종목 레버리지' 상품에 투자했던 개인투자자가 출시 석 달도 안 돼 2조3000억원이 넘는 확정 손실을 입은 것으로 나타났다. 상품 출시 이후 주요 증권사를 아우르는 개인투자자의 실현손실 집계 규모가 확인된 것은 처음이다.7일 금융감독원이 국회에 전날 제출한 자료에 따르면 단일종목 레버리지·인버스 상장지수상품(ETP)이 출시된 지난 5월 27일부터 8월 14일까지 개인투자자의 매매 실현손실은 2조3242억원으로 집계됐다. 상장지수펀드(ETF)뿐 아니라 상장지수증권(ETN)을 포함한 수치다.보유 중인 상품의 평가손실이 아니라 손실을 보고 매도해 실제로 '확정'된 금액이다. 집계 대상은 미래에셋·키움·삼성·NH투자·한국투자·K...,https://n.news.naver.com/article/newspaper/009/0005745549?date=20261008,경영,0.0005848396783436414,
한국경제,"이용익 신흥 회장, 서울대 발전공로상",30여년간 누적 50억 기부서울대는 제19회 발전공로상 수상자로 이용익 신흥 회장(사진)과 이윤경·이도영 CM병원 행정대표·이사장 부부를 선정했다고 7일 밝혔다. 시상식은 오는 14일 제80주년 서울대 개교기념식에서 열린다.이 회장은 치과용 의료기기 전문기업 신흥을 이끌며 국내 최초로 환자용 의자(유니트체어)와 파노라마 엑스레이 등을 개발하며 의료기기 국산화와 산업 발전에 기여했다는 평가다. 2018년 공익법인인 신흥연송학술재단을 설립해 치의학 연구자와 학생을 지원하기도 했다. 지난해 서울대에 발전기금 25억원을 출연하는 등 30여 년간 누적 50억원을 쾌척했다.서울대 동문 부부인 이윤경 행정대표와 이도영 이사장은 의료기관 운영과 후학 양성에 기여한 공로를 인정받았다. 이 이사장은 국내 첫 국제올림픽위원회(...,https://n.news.naver.com/article/newspaper/015/0005340232?date=20261008,기타,0.0005836996861997382,
중앙일보,[부고] 이금선씨 外,"▶이금선씨 별세, 조성길(스트리미 이사)씨 모친상=7일 경북 안동병원, 발인 9일, 054-840-0030▶박차숙씨 별세, 김광명씨 부인상, 김태일·태훈씨(군인공제회 건설인프라본부 건설사업팀장)모친상=7일 부산 BHS동래한서요양병원, 발인 9일, 051-582-1041...",https://n.news.naver.com/article/newspaper/025/0003556447?date=20261008,기타,0.0005795676984551162,
매일경제,"[지자체장이 간다] ""동구를 '대전의 중심'으로 … 역세권 개발 총력""","황인호 대전 동구청장대전역 개발 재추진 지원""도시혁신·복지 1번지로""""대전의 모태 도시인 동구에 다시 활력을 불어넣고, 구민들이 일상에서 변화를 느낄 수 있도록 결과를 만들어내겠습니다.""민선 7기에 이어 4년 만에 돌아온 황인호 대전 동구청장이 원도심인 동구를 다시 대전의 중심으로 만들겠다고 선언했다. 대전의 시작이자 교통의 중심지였던 과거 동구의 영광을 되찾아 도시혁신, 재난안전, 관광문화, 주민복지 1번지로 만들겠다는 계획이다. 이를 위해 황 청장은 대전역세권 개발을 비롯해 '빵의 도시' 브랜드를 살린 빵타워 건립, 인공지능(AI) 기반 교육 환경 개선 등 관광·경제·교육 정책을 민선 9기 핵심 과제로 삼았다.황 청장은 최근 매일경제와의 인터뷰에서 ""민선 7기가 동구의 변화 가능성을 확인하고 여러 사업의...",https://n.news.naver.com/article/newspaper/009/0005745460?date=20261008,경영,0.0005781349720177969,
매일경제,"""예술·체육 병역특례 점진적으로 축소할 것""","정부·여야 병특 폐지 한목소리국방부가 7일 진행된 국정감사에서 예술·체육 분야 병역특례를 점진적으로 축소해 나가겠다고 밝혔다. 아시안게임에서 금메달을 딴 일부 선수들의 군 면제와 관련한 부적절한 발언으로 수십 년간 유지돼온 병역특례 혜택이 기로에 서게 됐다.강신철 국방부 장관은 이날 진행된 국회 국방위원회 국정감사에서 예술·체육 분야 병역특례 제도에 대해 ""점진적으로 축소해 궁극적으로는 폐지하는 것이 국방부의 목표""라고 말했다.앞서 2026 아이치·나고야 아시안게임에서 금메달을 목에 건 일부 대표팀 선수들은 노골적으로 '군 면제' 혜택을 반기는 태도를 보이며 병역특례의 공정성 논란을 촉발했다. 강 장관은 이 같은 선수들의 언행에 대해 ""신성한 국방의 의무를 폄하하는 것에 대해 심히 유감스럽게 생각했다""고 말...",https://n.news.naver.com/article/newspaper/009/0005745539?date=20261008,기타,0.0005518578138596845,
한국경제,"남종섭 경기도의회 의장 ""지방의회 반쪽 독립 끝낼 때…연내 법 제정 이끌어내겠습니다""","남종섭 경기도의회 의장 인터뷰조직·예산편성·자체감사권전국 의회 공조해 확보할 것집행기관 감시 충실하려면일 할 제도적 여건 꼭 필요“지방의회가 부활한 지 35년이 지났지만 아직 실질적인 독립은 이루지 못했습니다. 인사권에 더해 조직권과 예산편성권까지 확보해야 집행기관을 제대로 견제할 수 있습니다.”남종섭 경기도의회 의장은 한국경제신문과의 인터뷰에서 “1991년 지방의회 부활이 첫 번째 과제였다면 이제는 실질적인 독립을 완성해야 할 때”라며 8일 이같이 말했다. 대한민국시도의회의장협의회장을 겸하고 있는 남 의장은 올해를 ‘지방의회법 제정 원년’으로 선언하고, 전국 지방의회와 공조해 연내 법 제정을 이끌어내겠다고 밝혔다.남 의장은 현행 제도를 ‘반쪽짜리 독립’으로 진단했다. 2022년 인사권이 단체장에서 의장에게...",https://n.news.naver.com/article/newspaper/015/0005340112?date=20261008,기타,0.0005469373084403214,
한국경제,"현대엔지니어링, 8700억 규모…인천 '원창동 데이터센터' 수주","현대엔지니어링이 인천 서해구 원창동 데이터센터 신축 사업을 수주했다고 7일 밝혔다. 지난주 전북 ‘군산 SGC 인공지능(AI) 데이터센터 신축 사업’에 이은 성과다.이 사업은 원창동 일원에 지하 4층~지상 11층 규모의 50메가와트(㎿)급 데이터센터를 구축하는 프로젝트다. 총사업 규모는 약 8700억원이다. 현대엔지니어링이 건축·토목·설비·조경·통신 공사를 담당한다. MEP(기계·전기·배관) 공사는 현대엔지니어링과 공동 시공사인 KT 클라우드가 함께 맡는다. 오는 11월 착공해 2029년 하반기 준공이 목표다.현대엔지니어링은 데이터센터 사업 확대에 속도를 내고 있다. 사업 영역을 단순 시공을 넘어 운영 및 유지 보수, 투자 참여 등 전반으로 넓힌다는 방침이다. 회사 관계자는 “차별화된 역량을 바탕으로 AI ...",https://n.news.naver.com/article/newspaper/015/0005340163?date=20261008,경영,0.000542042914600984,
한국경제,[사설] '공법 검증 실패' 가덕도신공항…조기 착공 집착해선 곤란,"부산 가덕도신공항 공사를 맡은 대우건설 컨소시엄이 매립지의 연약 지반 개량을 위한 공법 검증에 나섰으나 적합성 판정을 확보하지 못했다는 한국경제신문 단독 보도다. 사업비만 10조7000억원인 가덕도신공항은 가덕도 대항항과 외양포항, 새바지항 인근 바다를 매립해 연결하는 구조로 건설된다. 바닷물을 빼내고 지반을 단단하게 다지는 작업이 필수라는 점에서 공사가 제대로 진행될지 우려할 수밖에 없다.지난 7월 대우건설은 연약 지반에 인공 배수재를 삽입해 물을 빼내고 다지는 해상 연직배수(PBD) 방식을 핵심 공법으로 채택해 시험 시공에 나섰다고 한다. 하지만 전체 시험 시공 구간의 11%에서 배수재가 지층을 제대로 뚫지 못했다. 정밀한 공항 활주로 시공을 위해서는 그냥 넘어갈 문제가 아니다. 논란이 일자 국토교통부와...",https://n.news.naver.com/article/newspaper/015/0005340334?date=20261008,경영,0.0005407502344209452,
한국경제,"로봇도 '장기 기억'한다…DGIST, 세계 학회 최우수상","1933편 중 최우수 논문 단독 선정김기섭 DGIST 로봇및기계전자공학과 교수(가운데) 연구팀이 세계적인 로봇학회에서 최우수 논문상을 받는 개가를 올렸다. DGIST는 자율주행과 로봇 인지, 인공지능(AI) 등 로봇 기술 전반을 다루는 국제학술대회 ‘IEEE/RSJ IROS 2026’에서 올해 제출된 논문 1933편 가운데 김 교수팀 연구가 최우수 논문으로 단독 선정됐다고 7일 밝혔다. 김 교수가 교신저자로 참여했으며 이유민 석사과정생(오른쪽)이 제1저자, 주효석 석박사통합과정생이 공동저자로 이름을 올렸다.연구팀은 로봇이 같은 공간을 여러 차례 방문하며 물체의 위치 변화 이력을 축적·기억하는 장기 메모리 시스템 ‘LT-Mem’을 개발했다. 기존 로봇은 지도를 갱신하는 과정에서 과거 정보를 잃거나 서로 다른 ...",https://n.news.naver.com/article/newspaper/015/0005340242?date=20261008,기타,0.000527258483431968,
중앙일보,[사진] 기대감 커지는 ‘임실 치즈축제’,‘2026 임실N치즈축제’가 8일부터 나흘간 전북 임실군 임실치즈테마파크와 임실읍 일원에서 열린다. 행사 개막을 하루 앞둔 7일 임실치즈테마파크에서 한득수 임실군수(오른쪽 둘째)를 비롯한 관계자들이 대형 치즈 늘리기 사전행사를 하고 있다. [뉴시스]...,https://n.news.naver.com/article/newspaper/025/0003556454?date=20261008,기타,0.000524067345852046,
조선일보,"[사설] ‘독단적으로 일 벌였다’던 이화영, 왜 대통령에 화가 났을까","‘쌍방울 불법 대북 송금’ 사건으로 수감돼 있는 이화영 전 경기도부지사 측이 이재명 대통령을 향해 “더 이상 기다리기 힘들다”며 가석방을 해달라고 요구했다. 징역 7년 8개월이 확정돼 5년째 수감 중인 이 전 부지사는 지난해 사면을 요구했고, 법무부에 형집행정지 신청도 했다고 한다. 하지만 다 이뤄지지 않자 이 전 부지사 변호인인 김광민 변호사가 최근 소셜미디어에 이 전 부지사 석방을 요구하는 글을 잇따라 올렸고, 급기야 언론을 통해 공개적으로 가석방을 요구하고 나섰다.김 변호사는 “이 대통령은 (대북 송금 등) 본인 사건이 ‘조작 기소’라고 억울해 하면서 같은 사건으로 감옥에 있는 사람을 방치하는 것이 옳은가”라며 “이 전 부지사가 계속 방치돼 화가 많이 났고, 이 대통령에게 섭섭하다는 얘기를 많이 한다”...",https://n.news.naver.com/article/newspaper/023/0004002659?date=20261008,기타,0.000517491031729813,
중앙일보,해킹 피해 전액 보상한다는데…보이스피싱 송금 땐 불분명,"금융권을 덮친 인공지능(AI) 연쇄 해킹의 충격이 ‘2차 피해’ 우려로 옮겨가고 있다. 해킹된 개인정보로 금전적 손해를 입더라도 직접적인 연관성을 가려내기 어렵기 때문이다. 고객이 보이스피싱 등에 속아 직접 송금한 경우는 현행 보상 제도의 사각지대에 놓여 있다.7일 금융권에 따르면 고객 정보가 유출된 금융회사는 금전적 피해에 대한 보상 방침을 밝힌 데 이어, 자체 점검과 추가 피해 예방 등 후속 대책 마련을 이어가고 있다. 신한은행 측은 “유출로 인해 고객에게 발생한 금전적 손해(2차 피해)에 대해 책임을 다해 전액 보상하겠다”고 밝혔다. KB국민·하나은행 등도 피해가 확인되면 전액 보상한다는 입장이다.금융당국은 지난 6일 소비자경보 ‘주의’를 발령하고, 실제 피해 사례가 나타나면 ‘경고’로 격상할 계획이라...",https://n.news.naver.com/article/newspaper/025/0003556456?date=20261008,경영,0.000514765583501995,
동아일보,"가자전쟁 3년, 네타냐후 “하마스 다 찾아낼 것”","이-팔레스타인 7만4000여명 숨져이란 공격 긴장속 이 전역 추모식2023년 10월 7일 팔레스타인 무장단체 하마스가 이스라엘을 기습 공격하며 발발한 전쟁이 꼭 3년을 맞았다. 7일 이스라엘 전역에서는 하마스에 희생당한 사람들을 추모하는 기념식이 열렸다.CNN, 타임스오브이스라엘 등에 따르면 이날 이스라엘 피해자·유가족 단체 10월 위원회는 하마스의 공격이 시작됐던 7일 오전 6시 29분에 맞춰 전국적으로 1분간 묵념하는 추모식을 진행했다. 하마스의 공격이 집중됐던 남부 레임 인근 노바 음악축제 현장, 최대 도시 텔아비브 등에서도 추모식이 거행됐다.팔레스타인 가자지구와 근접한 남부 니르오즈 키부츠(집단농장)에서 하마스에 납치됐다가 15개월 만에 생환한 야르덴 비바스 씨는 소셜미디어에 목숨을 잃은 아내와 두 ...",https://n.news.naver.com/article/newspaper/020/0003753520?date=20261008,기타,0.0005126915520683183,
동아일보,충남 청년 전세대출 이자 최대 50% 지원,"12일부터 ‘보조금24’서 신청충남도는 청년의 주거비 부담을 덜고 안정적인 주거 여건을 마련하기 위해 ‘2026 청년 주택 임차보증금 이자 지원사업’ 신규 대상자를 모집한다고 7일 밝혔다. 도는 12일부터 26일까지 정부24 ‘보조금24’를 통해 신청받아 330명 내외를 선정할 계획이다.이 사업은 주택도시기금 전세자금 대출을 이용하는 청년에게 대출 이자의 일부를 지원하는 내용이다. 지원 대상은 공고일 현재 도내에 주소를 둔 19∼39세(1986년 1월 1일∼2007년 12월 31일 출생) 무주택 청년이다. 대상자는 대출 종류와 관계없이 차상위계층·자립 준비 청년(1순위), 신혼·육아 청년(2순위), 그 외 청년(3순위) 순으로 선정한다. 단 버팀목 전세자금(청년 전용 포함), 신혼부부 전용 전세자금, 신생아...",https://n.news.naver.com/article/newspaper/020/0003753531?date=20261008,기타,0.0005041259287890731,
한국경제,[천자칼럼] 국무총리가 행정부 수반?,"“착각마세요. 대통령은 국가원수입니다. 행정부 장은 국무총리, 사법부 장은 대법원장, 입법부 장은 국회의장이지요.”국회 법제사법위원회 국정감사장을 달군 서영교 위원장의 당혹스러운 발언이다. 조희대 대법원장이 대통령의 대법관 재제청 요구에 따르지 않는 것을 질타하는 과정에서 나왔다. 국무총리는 ‘대통령 보좌기구’일 뿐이라는 점에서 어불성설이다. “국무총리는 대통령을 보좌해 각부를 통할한다”고 헌법에 명시돼 있다. ‘의전 총리’ ‘방탄 총리’ 속출도 이 같은 모호하고 제한적인 헌법상 지위 탓이다. 행정부 수반은 두말할 필요 없이 대통령이다. 대통령은 국가원수인 동시에 정부 수반이라는 이중적 지위를 가진다.이런 정도는 장삼이사도 알 만한 헌법 조항이다. 그런데 법사위원장은 왜 상식을 뒤틀었을까. 거친 공방이 난무...",https://n.news.naver.com/article/newspaper/015/0005340362?date=20261008,기타,0.0004779996436676299,
동아일보,“영국 펍과 한국 포차… 어딘가 닮았죠”,펍 배경 뮤지컬 ‘콰이어…’ 국내 초연영국 연출가 닉 두드슨 & 톰 브랜던“펍(Pub·선술집)은 축하부터 슬픔까지 모든 감정을 나누게 해주죠.”뮤지컬 ‘콰이어 오브 맨’을 연출한 영국 연출가 닉 두드슨은 6일 동아일보와 가진 서면 인터뷰에서 이같이 말했다. 이 작품이 동네 작은 술집을 중심으로 벌어지는 아홉 명의 남성 이야기를 그린 건 펍의 매력 때문이었단 설명이다. 두드슨은 “음악가로 여러 해 동안 공연을 다니며 다양한 펍을 돌아다녔다”며 “펍은 세계 어디서나 비슷한 역할을 한다는 걸 깨달았다”고 했다.지난달 18일 서울 종로구 놀 씨어터 대학로에서 국내 초연을 시작한 ‘콰이어 오브 맨’은 펍에서 바텐더와 남자 손님 8명이 함께 노래하며 시끌벅적하게 16곡을 들려주는 작품. 공연 중간 관객이 무대에 올라 ...,https://n.news.naver.com/article/newspaper/020/0003753595?date=20261008,기타,0.00047532850575176275,
중앙일보,"[Biz & Now] NH농협, 4분기 서남권 금융허브 신설","NH농협금융지주는 7일 전남광주시의 전략산업 지원을 위해 올해 4분기 ‘서남권 NH금융허브’(가칭)를 신설한다고 밝혔다. 계열사별로 은행은 지역 보증기관에 총 50억원을 특별출연하는 등 기업금융을 확대한다. 손해보험은 기업성 보험 확대, 증권·벤처캐피탈은 첨단산업과 혁신기업 투자를 지원한다. 이찬우 회장은 “계열사 역량을 모아 전남광주시의 도약을 지원하겠다”고 말했다....",https://n.news.naver.com/article/newspaper/025/0003556439?date=20261008,경영,0.0004710331036241382,
한국경제,"강신철 ""병역특례 점진적 축소해 폐지""","국방위 국감亞 축구대표팀 발언 논란 계기최휘영도 ""당연히 축소로 가야""강신철 국방부 장관이 예술·체육 분야 병역특례를 점진적으로 축소한 뒤 궁극적으로는 폐지하겠다는 방침을 밝혔다.강 장관은 7일 국회 국방위원회 국정감사에서 예술·체육 분야 병역특례 축소·폐지에 관한 질의에 “병역특례를 점진적으로 축소한 뒤 궁극적으로는 폐지하는 것이 국방부의 목표”라고 말했다. 논란이 된 아시안게임 축구·야구 대표팀 선수들의 언행에는 “신성한 국방의 의무를 폄하한 것에 대해 심히 유감스럽게 생각한다”고 했다. 최휘영 문화체육관광부 장관도 이날 국회 문화체육관광위원회 국감에서 “당연히 (병역특례를) 축소하는 방향으로 갈 수밖에 없다”고 말했다.예술·체육요원 제도는 국위 선양과 문화 창달을 목적으로 1973년 도입됐다. 올림픽 ...",https://n.news.naver.com/article/newspaper/015/0005340261?date=20261008,기타,0.0004537902182015301,
한국경제,10월 14일은 경남도민의 날,"영남 브리프경남도가 오는 14일 창원 경남도청 광장 일원에서 ‘제43주년 경남도민의 날’ 기념행사를 연다. 18개 시군의 관광과 축제, 특산물을 소개하는 홍보 부스와 체험행사를 시작으로 기념식, 기념음악회가 이어진다. 지역사회 발전과 경남의 명예를 높이는 데 기여한 도민에게 ‘자랑스러운 경남인상’도 수여한다....",https://n.news.naver.com/article/newspaper/015/0005340174?date=20261008,기타,0.0004398820844767609,
동아일보,"“2036 올림픽 공동개최, 전북 제안 조건없이 수용”","서울과 전북이 2036년 하계올림픽 공동 유치에 대해 의견을 모았다.오세훈 서울시장은 7일 중구 서울시청에서 열린 ‘민선 9기 취임 100일 기자간담회’에서 “전북이 공동 개최를 요청하면 마다할 이유가 없다”며 “서울은 전북이 어떤 형태의 제안을 해오더라도 다 수용할 생각”이라고 말했다. 이에 이원택 전북도지사는 입장문을 통해 “오 서울시장이 올림픽 공동개최에 대한 입장을 밝혀왔다”며 “전북은 서울시의 입장을 확인하고 하계올림픽 유치를 위한 국제 경쟁력 강화 방안에 대해 서울시와 지속적으로 협의해 나가겠다”고 말했다.전북은 지난해 2월 대한체육회 대의원총회에서 서울을 제치고 2036년 하계올림픽 유치 국내 후보 도시로 선정됐다. 다만 숙박, 경기장 등 제반 여건이 부족하다는 지적이 나오자 이 지사는 지난달 ...",https://n.news.naver.com/article/newspaper/020/0003753528?date=20261008,기타,0.00043588243583932775,
조선일보,60대 신규 주택대출 62%는 ‘만기 30년 이상’,"DSR 규제 강화가 큰 원인3줄 요약ㆍ건당 평균 대출액 1억4390만원으로 44% 늘어ㆍ집값 상승과 DSR 규제 강화로 만기 연장ㆍ40년 이상 제한되자 30년 만기로 이동집값 상승으로 대출액이 커지고 총부채원리금상환비율(DSR) 규제가 강화되면서, 주택담보대출 만기를 늘려 월 상환액을 낮추는 흐름이 60대와 70세 이상으로 확산하고 있다. 만기를 늘리면 매달 갚는 금액이 줄고 DSR 기준을 맞추기도 쉬워지기 때문이다. 장기 대출 자체가 부실 징후는 아니다. 실제로는 주택 매각이나 갈아타기, 중도상환으로 약정 만기보다 일찍 대출을 정리하는 경우가 많다. 다만, 은퇴 후 소득이 감소하거나 금리가 오르면 장기간 빚을 유지하는 부담이 커질 수 있다는 지적이 나온다.60대는 60%가 30년 이상 대출7일 국회 정무위...",https://n.news.naver.com/article/newspaper/023/0004002678?date=20261008,기타,0.00043502635364569994,
중앙일보,[사설] 대통령의 “CPTPP 원점” 지시…국가 미래는 생각 않나,"이재명 대통령이 지난 6일 국무회의에서 일본·영국·칠레 등 12개국이 참여한 다자 자유무역협정(FTA)인 포괄적·점진적 환태평양경제동반자협정(CPTPP) 가입과 관련해 “원점에서 다시 대화를 시작하라”고 지시했다. 지난달 29일 본인 X에 “대한민국은 무역에 의존하는 개방형 통상국가이기 때문에 수출시장 확대를 위해 FTA가 불가피하다”며 “피해를 본 농축수산임산인의 반발이 심하지만 전략안보산업으로서의 중요성을 누구보다 잘 알고 있으니, 걱정 마시라”며 가입을 기정사실화한 지 일주일 만에 스스로 물러선 것이다.정부의 농지 전수조사 이후 주된 지지층인 농민의 반발이 잦아들지 않고 지지율 하락으로 이어지자 성난 농심(農心)을 달래려고 국익을 포기해 버리는 게 아니냐는 우려가 나온다. 이 대통령이 브레이크를 건 만...",https://n.news.naver.com/article/newspaper/025/0003556491?date=20261008,경영,0.0004329373252246756,
동아일보,"화목보일러 옆 땔감, 히터 옆 이불 조심하세요","전북서 3년간 난방기 화재 221건화목보일러 74건으로 가장 많아난방기구 사용이 늘어나는 계절이 다가온 가운데 전북소방본부가 화재 발생의 주의를 당부하고 나섰다. 전북소방본부는 2023∼2025년 도내에서 221건의 난방기기 화재가 발생해 12명이 다쳤다고 7일 밝혔다.연도별로 보면 2023년 75건, 2024년 68건, 2025년 78건 등 매년 지속해서 난방기기로 인한 불이 났다. 기기별로는 화목보일러가 74건(33.5%)으로 가장 많았고 열선 33건, 가정용 보일러 31건, 전기장판·담요·방석류 29건, 전기히터 26건 등 순이었다.원인으로는 부주의가 123건(55.7%)으로 절반 이상을 차지했고, 전기적 요인 51건(23%), 기계적 요인 32건(14.5%) 등이 뒤를 이었다. 부주의 가운데 기기 사...",https://n.news.naver.com/article/newspaper/020/0003753541?date=20261008,기타,0.00043168703770406485,
동아일보,암진단-수술 일주일 만에 끝낸다… 해외서도 벤치마킹,"[3차보다 강한 2차병원] 〈19〉 선메디컬센터AI 모니터링-로봇 수술 등 도입…몽골-유럽 등에 검진 시스템 수출심뇌혈관 병동 따로 지어 집중 치료…300석 규모 음악홀로 마음도 치유대전선병원과 유성선병원, 선치과병원, 국제검진센터를 아우르는 ‘선메디컬센터’는 1986년 대전에 중부권 첫 건강검진센터를 열었다. 국내에선 세 번째로 문을 연 검진센터다. 최근 만난 선승훈 선메디컬센터 의료원장은 “40년 동안 쌓은 검진 노하우는 서울 병원들이 직접 찾아와 참관하고 벤치마킹할 만큼 인정받았다”며 “국제검진센터는 11개 진료과 36명의 전문의와 200여 대의 첨단 의료 장비를 갖출 만큼 성장했다”고 말했다.최근에는 해외로 검진 시스템을 수출하고 있다. 몽골 국립병원에 사무소를 두고 있으며, 유럽 벨라루스 의료기관에...",https://n.news.naver.com/article/newspaper/020/0003753600?date=20261008,경영,0.00041981304037713637,
한국경제,"이기형 김포시장 ""5호선 연장·GTX-D로 교통난 해소…김포 살아서 참 좋단 말 듣고 싶어""",이기형 김포시장 인터뷰평화경제특구로 첨단산업 집적인하대 메디컬캠퍼스 내후년 개교기업·일자리 갖춘 자족도시로“김포의 가장 시급한 과제는 시민들이 매일 겪는 교통 불편을 줄이는 것입니다. 여기에 기업과 일자리를 끌어들여 서울로 출퇴근하지 않아도 되는 자족도시로 바꿔야 합니다.”이기형 김포시장은 8일 한국경제신문과의 인터뷰에서 민선 9기 시정의 핵심 방향을 이같이 밝혔다. 김포의 성장 잠재력을 교통망 확충과 산업·일자리 창출로 잇겠다는 구상이다.이 시장이 가장 먼저 꼽은 현안은 교통이다. 시는 지난해 김포골드라인에 전동차 6편성(12량)을 추가 투입해 배차간격을 3분30초에서 2분30초로 줄였다. 올해 12월부터 새 차량 5편성을 차례로 투입해 2027년까지 배차간격을 2분10초로 단축할 계획이다.서울지하철 5호...,https://n.news.naver.com/article/newspaper/015/0005340099?date=20261008,업계,0.0004170550429347531,
동아일보,"“아디오스, 메시”… 아르헨 대표팀과 ‘마지막 탱고’",국가대표 고별전서 1골 2도움A매치 208경기 출전 126골 기록“대표팀 동료들과 팬들 그리울 것”‘축구의 신’ 리오넬 메시(39·아르헨티나)가 21년간의 국가대표팀 생활을 마감했다. 메시는 자신의 마지막 A매치에서 3개의 공격 포인트를 올리며 팬들과 뜨거운 작별 인사를 나눴다.아르헨티나는 7일 부에노스아이레스의 에스타디오 모누멘탈에서 열린 베냉과의 친선경기에서 1골 2도움을 기록한 메시의 활약에 힘입어 3-0으로 승리했다. 이 경기는 2026 북중미 월드컵 준우승 이후 대표팀 은퇴를 선언한 메시의 국가대표 고별전이었다. AP통신에 따르면 이 경기 입장권은 판매 시작 후 90분 만에 매진됐다. 정가가 최고 300달러(약 40만 원)인 입장권은 재판매 시장에서 2500달러(약 334만 원)가 넘는 가격에 거래...,https://n.news.naver.com/article/newspaper/020/0003753523?date=20261008,기타,0.00041134039006533046,
동아일보,[오늘과 내일/홍수영]인기 떨어질 때 지지층을 챙기는 ‘정치 공학’,"이재명 대통령의 언어와 행보가 달라졌다. 비단 소셜미디어에 글을 많이 올린다는 얘기가 아니다. 8월 말 여당 지도부 만찬에서 한 “(내가) 왼쪽을 너무 안 챙겼다”라는 발언을 시작으로 여권 내부를 향한 메시지가 많아졌다. 초대 중수청장 후보자의 친윤 여부 같은 정치 고관여층이 아니면 관심도 없을 사안에까지 밤낮으로 에너지를 쏟는다. 여권 코어 호소인들이 제기하는 의혹에 직접 해명하고, 팬덤에는 결속을 당부한다. 유시민·김어준류가 만든 도그마에 빠졌거나 특유의 승부 근성에 제 발로 걸어들어간 듯하다.지지층 이탈이 더 큰 위기 신호?정치학자, 원로들은 “중도층 회복에 정권의 명운을 걸어야 한다”고 한목소리다. 그런데도 정반대로 가는 모습에 의아했던 차에 역대 정부 청와대 출신 인사에게서 힌트를 얻었다. 그에 따...",https://n.news.naver.com/article/newspaper/020/0003753482?date=20261008,기타,0.00040595196326442107,
조선일보,"[기자의 시각] 응급실 압수수색, 규칙을 정하자","3줄 요약ㆍ아주대병원 소아전문응급센터 진료 중 영장 집행ㆍ개인 징계보다 경찰청 수사 지침 변경 필요ㆍ진료 공간 진입 제한 집행 조건 명시 필요경찰이 압수수색 영장을 들고 응급실에 들어왔다. 환자를 돌보던 의료진에게 “컴퓨터를 확인해야 하니 비켜 달라”고 요구했다. 법원이 영장을 내줬으니 정당한 집행이라고 여겼을 것이다. 하지만 그 컴퓨터는 범죄자의 장부가 아니었다. 그 순간에도 생명을 살리는 데 쓰이고 있었다.최근까지 경찰은 병원 압수수색 때 별도의 전산실에서 필요한 자료를 확보하거나, 진료를 방해하지 않는 방법부터 찾는 경우가 많았다. 병원 압수수색이 낯선 일은 아니지만, 응급실 한복판까지 들어가 의료진을 비켜 세우는 것은 전혀 다른 문제다. 아기(생후 4개월)가 병원 진료 후 숨졌고, 부모가 ‘의료 과실...",https://n.news.naver.com/article/newspaper/023/0004002654?date=20261008,기타,0.0004027084687787388,
한국경제,"조용익 부천시장 ""상동엔 AI·콘텐츠, 대장엔 반도체…부천 산업지도 바꿀겁니다""","조용익 부천시장 인터뷰기업 모이는 자족도시로교육·일자리 생태계 만들것서해선 KTX-이음 열차소사역 2029년 정차 목표“부천의 산업구조를 미래산업 중심으로 바꾸겠습니다. 기업과 일자리가 들어오고 사람이 머무는 자족도시로 전환하는 것이 민선 9기의 핵심입니다.”조용익 부천시장은 8일 한국경제신문과의 인터뷰에서 “민선 9기에는 계획을 늘어놓기보다 시민이 체감하는 성과를 내는 데 집중하겠다”며 이같이 말했다.조 시장이 내건 시정 비전은 ‘다시 함께, 더+ 큰 부천(B.I.G 부천)’이다. 기업(Business)과 기반시설(Infra)로 성장동력을 확보하고, 그 성과를 시민 행복과 함께 키우는 동반성장(Growth)으로 잇겠다는 뜻이다. 조 시장은 “부천은 서울과 인천 사이의 뛰어난 입지에도 가용 토지가 부족해 대...",https://n.news.naver.com/article/newspaper/015/0005340106?date=20261008,경영,0.0003844679686399732,
조선일보,[만물상] 민단의 80년 애국,"애국을 말할 때 흔히 드는 사례가 해외 유대인의 중동전 참전이다. 아랍인이 징집을 피해 나라를 탈출할 때 유대인은 참전하려고 거꾸로 해외에서 입국하더란 것이다. 이에 뒤지지 않는 사례가 재일 교포 청년들의 6·25 참전이다. 민단의 모집에 642명이 참전해 인천·원산 상륙 작전, 장진호 전투, 백마고지 전투에서 싸웠다. 어쩌다 격전지만 골라다녔는지 무려 135명이 전사하거나 실종됐다. 242명은 일본 정부가 재입국을 거부해 가족과 생이별하는 비극을 겪었다.▶경제적 애국에서도 민단계 재일 교포는 유대인에 버금간다. 한국 산업의 모태가 된 구로공단은 원래 재일 상공인을 유치하려고 만든 산업 단지다. 일본에서 기업을 일군 이원만 코오롱그룹 창업자가 공단 창립위원장을 맡아 자금을 끌어왔다. 재일 교포 곽태석 회장의...",https://n.news.naver.com/article/newspaper/023/0004002641?date=20261008,경영,0.0003801209926108097,
한국경제,화성 향남서 5년 만의 새 아파트…'교육·돌봄' 특화단지,"향남역 그로브 스위첸 933가구중도금 60% 무이자 혜택 제공전용 84㎡ 5억원대 가격 책정경기 화성 향남읍에서 5년 만에 민간 브랜드 아파트가 분양에 나선다. KCC건설이 하길리에 선보이는 ‘향남역 그로브 스위첸’(투시도)은 풍경공원과 맞닿아 있는 데다 하길중·고도 가까워 실수요자의 관심을 끌고 있다.단지는 4만3194㎡ 부지에 지하 2층~지상 29층, 933가구(전용면적 71~147㎡) 규모로 조성된다. 이 중 475가구가 특별공급 물량이다. 전용 84㎡는 5억1340만~5억5970만원에 공급된다. 오는 12일 특별공급을 시작으로 13일 1순위, 14일 2순위 청약을 받는다. 당첨자는 20일 발표하며 계약은 11월 2~4일 진행한다. 입주는 2029년 6월 예정이다.향남은 화성 서남부권의 행정 중심지다....",https://n.news.naver.com/article/newspaper/015/0005340166?date=20261008,업계,0.0003600183673047379,
동아일보,"조희대 “제청으로 의무 끝나” 장기전 태세… 김민석 “曺, 재제청 처리 못하면 그만둬야”","曺, 국감서 작심 반격에 여진조희대 대법원장이 6일 국정감사에서 직접 문건을 준비해 와 “대법원장은 제청으로서 모든 헌법상의 의무가 끝났다”며 재제청 가능성을 일축한 발언을 놓고 여진이 이어지고 있다. 조 대법원장의 임기가 끝나는 내년 6월까지 재제청 논란이 장기화할 조짐을 보이자 여당 내에선 자진 사퇴를 요구하는 목소리까지 나왔다.7일 국회 법제사법위원회 여당 간사인 더불어민주당 김의겸 의원은 페이스북을 통해 전날 국정감사 시작 전 조 대법원장이 서영교 법사위원장 등과의 차담에서 나눈 대화를 일부 공개했다. 김 의원에 따르면 조 대법원장은 ‘대법관 제청 문제에 혹시 다른 뜻이 있느냐’는 질문에 “제가 뭐 하려고 그러겠습니까”라며 미소를 지어 보였다고 한다. 정치적 고려 없이 법률적 판단만을 토대로 청와대의...",https://n.news.naver.com/article/newspaper/020/0003753552?date=20261008,기타,0.0003494288288200813,
동아일보,[부고]김은희 별세 外,"◇김은희씨 별세·김성곤이데일리 정치부 전문기자(부국장) 부인상=7일 서울 은평성모병원, 발인 9일 오전 6시 02-2030-4444◇박차숙씨 별세·김광명씨 부인상·태일씨태훈군인공제회 건설인프라본부 건설사업팀장 모친상=7일 부산 동래한서병원, 발인 9일 오전 9시 051-582-1041◇이금선씨 별세·조성길스트리미 이사 모친상=7일 경북 안동병원, 발인 9일 오전 11시 반 054-840-0030◇신경도씨 별세·지선희씨 남편상·창주씨윤정아시아나항공 차장혜영씨 부친상·이성춘여수좌수영요양병원 원장김승현중앙일보 논설위원조장호한국전기안전공사 부장 장인상=6일 전남광주 여수시 여천장례식장, 발인 8일 오전 9시 반 061-685-4444◇이주우씨 별세·박송자씨 남편상·상길연세암병원 병원장상도 상헌씨 부친상·김선경 최나...",https://n.news.naver.com/article/newspaper/020/0003753590?date=20261008,기타,0.0003381927728970206,
한국경제,민주당 기초단체장協 대표에 이승로,이승로 서울 성북구청장(사진)이 더불어민주당 전국기초자치단체장협의회 대표로 7일 선출됐다. 협의회는 지방정부 간 정책 협력을 강화하고 지역 현안과 정책 과제를 중앙당에 전달하는 역할을 한다. 지난 7월부터는 민선9기 서울시구청장협의회장을 맡고 있다....,https://n.news.naver.com/article/newspaper/015/0005340240?date=20261008,기타,0.0003325353993143656,
조선일보,HD현대重 조선 사업 총괄 사령탑에 이상균 부회장,"HD현대 정기 사장단 인사 단행조민수 사장, 중공업 공동 대표이사HD현대가 7일 HD현대중공업의 공동 대표이사 체제를 조정하는 것을 핵심으로 한 정기 사장단 인사를 단행했다.HD현대는 이날 HD현대중공업에 ‘조선 사업 총괄’을 신설해 이상균 HD현대중공업 대표이사 부회장을 임명한다고 밝혔다. 조민수 HD현대중공업 조선사업 대표 부사장도 사장으로 승진시켜 이 부회장과 더불어 공동 대표이사로 임명했다.이 부회장은 HD현대중공업의 사업만 관할했으나, 이제 HD한국조선해양과 HD현대삼호 등 그룹 조선 계열사 전반을 총괄한다. 회사별 사업 전략과 주요 현안을 조율하고, 지주사와 계열사 등에서 추진하는 데이터센터용 엔진발전과 소형모듈원자로(SMR) 등 새 성장 사업도 챙긴다. 최근 중동 전쟁이나 환율 하락과 노사 갈등...",https://n.news.naver.com/article/newspaper/023/0004002667?date=20261008,경영,0.0003252801631169267,
동아일보,도심서 즐기는 실내 암벽등반,"7일 시민들이 서울 노원구 실내 이색 레포츠 복합체험시설 ‘점프(JUMP)’에서 암벽등반 체험을 하고 있다. 연면적 8612m², 지상 2층 규모로 조성된 이곳은 2일 시범 운영을 마치고 정식 운영에 들어갔다....",https://n.news.naver.com/article/newspaper/020/0003753574?date=20261008,기타,0.00032044913906855766,
동아일보,“불평등 만드는 교육 못참아” 佛학생-교사-학부모 26만명 거리로,"재정적자 늘며 교육예산 대폭 줄어… “지역별 격차 심각” 시위 전국 확산교사 부족-교실 노후화 등 개선 촉구… 섬광수류탄에 15세 중상, 시위 격화트럼프 “대규모 이민 탓” 화살 돌려“낙후된 교육 체계가 불평등을 재생산하고 있다.”6일 프랑스 파리의 볼테르 고등학교에서 만난 고교생 사리 바르트 군의 말이다. 그는 교육의 중요성을 강조한 계몽주의 사상가 볼테르(1694∼1778)의 이름을 딴 이 학교에서 시위를 하는 현실이 개탄스럽다며 “교육의 질이 너무 떨어진다. 열심히 공부해도 원하는 미래를 갖기 어렵다”고 외쳤다.이날 파리, 마르세유, 리옹, 릴, 낭트, 스트라스부르, 렌, 툴루즈 등 프랑스 주요 도시에서는 약 26만 명의 학생, 학부모, 교원들이 거리로 나와 교육 환경 개선을 촉구했다. 지난달 17일 ...",https://n.news.naver.com/article/newspaper/020/0003753518?date=20261008,경영,0.0003160935046217332,
매일경제,"姜 ""지뢰사태, 北도발""…鄭 ""공격특정 못해""","국방·외통위 국정감사DMZ사고 '北도발' 여부 이견姜 ""정전협정위반 통지할것""접경지 감시태세·화력 보강""軍, 지뢰매설 작년 9월 식별당시 유엔사에 공동조사 건의""국방부는 7일 북한의 이른바 '국경선 요새화'에 따른 군사분계선(MDL) 침범과 관련해 ""유엔군사령부와 공동조사 후 북한의 정전협정 위반을 공식화하고 대북통지를 통해 위반행위 중단과 원상복구를 강력히 촉구하겠다""고 밝혔다.이날 국방부는 국회 국방위원회 국정감사 업무보고에서 유엔사의 공조를 통해 이번 비무장지대(DMZ) 지뢰폭발 사태의 책임이 북한에 있음을 분명히 밝히고, 사후처리 국면에서 우위를 갖겠다는 방침을 내놨다. 또 지뢰지대나 대(對)전차방벽 등 북한의 MDL 일대의 장애물 설치와 연계한 경계 부대의 병력·화력 배치 동향을 실시간 추적하고, ...",https://n.news.naver.com/article/newspaper/009/0005745537?date=20261008,기타,0.0003151541122192405,
중앙일보,[사진] 누리호 5차 발사 성공…위성 14기 ‘우주 배달’,━군집위성 5기 모두 교신 완료한국형 발사체 누리호가 7일 오후 전남광주 고흥 나로우주센터에서 발사돼 우주로 향하고 있다. 이날 누리호는 총 14기의 위성을 목표 궤도에 올리며 5차 발사에 성공했다. 주탑재위성인 초소형 군집위성 네온샛 2~6호는 이날 남극 세종기지 지상국을 비롯한 국내외 지상국과의 첫 교신에 모두 성공했다. [사진 한국항공우주연구원]...,https://n.news.naver.com/article/newspaper/025/0003556495?date=20261008,기타,0.0003114002078160724,
매일경제,470조 ETF의 그늘 … 20%가 '좀비상품',"1200개 상품 가운데 하루 거래대금 1억 미만 239개뜨는 분야 우후죽순 후 거래 뚝…""시장 효율성 저하""작년 하반기 시작된 국내 증시 랠리를 틈타 상장지수펀드(ETF)가 우후죽순 늘어나며 1200개에 육박하게 됐다. 코스피에 상장된 ETF 시가총액은 7일 현재 466조원으로, 전체 시총의 8.3%에 달한다.시장이 양적 성장은 이뤘지만 ETF 5개 중 1개는 하루 거래대금이 1억원에도 못 미치는 '좀비' 상태인 것으로 나타났다. 투자자들이 활발하게 거래하는 상품은 소수에 그치면서 ETF 시장 안에서도 양극화가 심화하고 있는 것이다. 수익률 측면에서도 지난 1년간 국내 대표 지수인 코스피200 상승률을 밑도는 ETF가 전체의 74%에 달했다. 7일 한국거래소에 따르면 지난 2일 기준으로 국내에 상장된 ETF...",https://n.news.naver.com/article/newspaper/009/0005745557?date=20261008,경영,0.0002792442499592943,
중앙일보,한글 글씨체에 위엄 불어넣다,“한자 이외에도 어느 민족이고 자국 문자가 있다면 그 글자를 아름답게 쓰려고 노력하는 것이 당연하다. 그 문자 자체가 아름답게 쓸 수 있는 요소가 있어야 하는 것은 물론이다. 그러면 우리 한글은 어떠한가.”생전에 ‘국필(國筆)’로 불린 일중 김충현(1921~2006)의 추모집 『예(藝)에 살다』(2016)에 실린 구절이다. 20세기 한국 서단의 거목답게 그는 ‘국한문서예의 통합’을 꿈꾸며 한글 서예가 가야 할 길을 이렇게 자문하고 몸소 개척했다. 일중은 일제강점기 와중인 1942년 『우리 글씨 쓰는 법』을 저술하면서 위당 정인보(1893~1950)로부터 서문을 받은 걸 계기로 두터운 인연을 맺었다. 위당이 글을 짓고 일중이 글씨를 쓰는 방식으로 전국 곳곳에 세워진 ‘한글 비석’들은 해방 후 국어의 지위를 획...,https://n.news.naver.com/article/newspaper/025/0003556437?date=20261008,기타,0.00027893924854976716,
매일경제,"""묘지서 배운 진리가 평생 스승""… 미국인 보듬는 '빅스마일'","원불교하와이국제훈련원장 맡은이정길 교무 인터뷰첫 부임지 원불교 묘지 관리'모든 인생 결국 한 줌' 깨달아30여년간 미국서 포교 활동하와이서 마지막 소임 다할것""사람이 죽으면 결국 한 줌의 재로 돌아가는 것을 알았어요. 그때 배운 무상함이 평생 저를 지탱해 준 큰 스승이었습니다.""2대째 원불교 집안에서 태어나, 어머니의 뜻을 이어받아 3대째 교무의 길을 걷기로 결심한 지타원 이정길 교무(71). 지금은 원불교 해외 포교의 산 역사를 이루어 가고 있지만 성직자로서의 첫걸음은 화려함과 거리가 멀었다. 부교무 시절 그의 첫 근무지는 원불교 공원묘지 조성 및 이장 업무였다. 여성 부교무가 맡은 첫 업무로는 너무 섬찟한 작업이었다. 매장된 유골을 파내어 정성껏 닦아 보관하고, 아직 완전히 탈골되지 않은 육신은 화장하고...",https://n.news.naver.com/article/newspaper/009/0005745437?date=20261008,기타,0.0002789139809323419,
동아일보,[중부판/캠퍼스 소식]강원대 강릉캠퍼스 外,O…강원대 강릉캠퍼스(총장 박덕영) 도서관은 12∼30일 도서관 1층 갤러리존에서 ‘2026년 제2회 지역예술작가 초대전―호호(好好) 민화 김희정’을 연다. 이번 전시에는 조선시대부터 이어져 온 민화의 색감과 해학적이고 순수한 형체미를 바탕으로 전통적인 민화의 아름다움을 오늘의 감각으로 풀어낸 작품들을 선보인다. 지역 주민 누구나 무료로 관람할 수 있다.O…청주대(총장 김윤배)는 엔비디아(NVIDIA)의 개인용 인공지능(AI) 슈퍼컴퓨터 ‘DGX Spark’ 20대를 도입해 학부 전공수업에 본격 활용하고 있다고 7일 밝혔다. 충북지역 대학이 DGX 스파크(Spark)를 교육용으로 도입한 것은 청주대가 처음이다. 이번 장비 구축에는 과학기술정보통신부와 정보통신기획평가원(IITP)이 지원하는 ‘소프트웨어(SW)...,https://n.news.naver.com/article/newspaper/020/0003753534?date=20261008,기타,0.0002750203286907981,
중앙일보,"[Biz & Now] 대한항공, 해외 매체 항공사 랭킹 ‘3위’",대한항공은 여행 전문 매체 ‘콘데 나스트 트래블러’의 ‘2026 리더스 초이스 어워즈’에서 글로벌 항공사와 공항 라운지 부문 각각 3위에 올랐다고 7일 밝혔다. 독자들의 여행 경험을 바탕으로 한 투표에서 항공사 순위는 지난해 7위보다 네 계단 상승했다. 지난 4월 새단장한 인천공항 일등석 라운지는 개방형 홀과 11개 별실을 갖추고 한국 전통 미학을 반영한 디자인을 적용했다....,https://n.news.naver.com/article/newspaper/025/0003556430?date=20261008,기타,0.0002521291748882934,
한국경제,"""고척서 전용 59㎡ 받아도 분담금 안 낸다""","2026 집터뷰박경순 고척제4구역 조합장""55세부터 정비사업 기초 배워현장 소통·추진력이 성과 비결""2011년 서울 구로구 고척동 148의 1 일대 고척제4구역은 부지 절반가량이 공장이었다. 당시 정비업체는 “노후 건축물이 많고 폐기물 하차장 같은 곳이어서 사업성이 없다”고 혹평했다. 15년이 지난 지금 이곳에서는 지하 3층~지상 25층, 10개 동, 983가구의 ‘고척푸르지오힐스테이트’ 공사가 한창이다. 지난해 5월 일반분양 576가구가 완판됐고 2028년 8월께 준공될 예정이다.박경순 고척제4구역 재개발조합장(68·사진)은 남성이 주를 이루는 정비사업 현장에서 보기 드문 ‘여성 조합장’이다. 설계·건축업계나 건설회사 출신도 아니다. 박 조합장은 성공 비결에 대해 “낡은 빌라 한 채를 새 아파트로 바꾸고 ...",https://n.news.naver.com/article/newspaper/015/0005340164?date=20261008,기타,0.00023779346412596697,
중앙일보,"국힘 “문 정부, 부동산 정책 비판한 민간인 불법 사찰”","국회 국토교통위원회의 국토교통부 대상 국정감사에서 문재인 정부 당시 국토부의 민간인 불법 사찰 의혹이 제기돼 여야 간 고성이 오갔다.김은혜 국민의힘 의원은 7일 국토부 국정감사에서 2019년 11월 작성된 것으로 추정되는 ‘부동산 전문가 현황’ 문건을 공개했다. 김 의원에 따르면 문건에는 문재인 정부 부동산 정책에 비판적인 유튜버, 유명 기업인 등 민간인 19명에 대한 부동산 관련 발언, 부동산 취득 내역 등 개인정보가 담겼다. 김 의원은 “국토부 주택정책과에서 한국감정원 주택통계부에 지시해 작성한 블랙리스트”라고 주장했다. 김 의원은 그러면서 “부동산 자산을 언제 어디서 어떻게 매입했는지, 보유 형태는 어떻게 유지하고 있는지 상세 내역까지 조회해 보고서에 담았다”며 “명백한 불법 사찰이자 부동산 공안 통치...",https://n.news.naver.com/article/newspaper/025/0003556480?date=20261008,기타,0.00023646037062996617,
중앙일보,"[알림] 지구 위한 탄소 다이어트, 23일부터 함께해요","대한민국 대표 나눔행사인 ‘위아자 나눔위크 2026’이 오는 10월 22일부터 28일까지 온·오프라인에서 열립니다. 올해 위아자 나눔위크는 자원 순환과 나눔을 통해 지속 가능한 일상을 함께 만들어가는 다양한 프로그램을 선보입니다.특히 23일부터 25일까지 서울 동교동에서 열리는 ‘지구체육관’에서는 일상 속 불필요한 탄소를 줄이는 다양한 친환경 미션을 체험할 수 있습니다. 또한 재사용품 판매와 친환경 체험 프로그램 등을 통해 환경을 위한 실천을 보다 가볍고 즐겁게 경험할 수 있습니다.위아자 나눔위크에서는 아이돌 그룹 TWS·보이넥스트도어, 배우 소지섭, 야구선수 류현진·김도영, 축구선수 이강인, 스노보더 최가온 선수, 크리에이터 감스트 등 각계 명사들이 기증한 물품을 온·오프라인에서, 서울옥션과 협력해 출품한...",https://n.news.naver.com/article/newspaper/025/0003556492?date=20261008,업계,0.00023272577573933275,
중앙일보,이번엔 80대 할머니…겁없이 도전할 것,제31회 부산국제영화제 개막식에서 올해의 아시아영화인상을 수상한 배우 앙쯔충(양자경·楊紫瓊·64·아래사진)이 “신진 감독들과 겁 없이 새로운 도전을 거듭한 것”을 전성기 비결로 꼽았다.양쯔충은 개막식 다음날인 7일 부산 해운대구 영화의전당에서 열린 기자회견에서 “부산영화제처럼 저도 아시아에서 시작해 글로벌을 목표로 오랜 길을 걸었다. 우리는 전 세계에 아시아 영화와 문화를 나누겠다는 목표를 어떤 방식으로든 달성했다”고 말했다. “사흘 전 부산에 도착했는데 쌍무지개가 떴다. 좋은 징조일 것 같다”면서다.다중우주 코믹 액션 ‘에브리씽 에브리웨어 올 앳 원스’(2022)로 아시아인 최초 아카데미 여우주연상을 받았던 그는 “삶은 새로운 위험을 감수하면서 도전하는 것이고 그렇기에 의미가 있다”는 인생 철학도 밝혔다....,https://n.news.naver.com/article/newspaper/025/0003556432?date=20261008,기타,0.0002315719071963904,
중앙일보,트럼프 “LA·샌디에이고 파괴하게 둬라” 연설 역풍,"도널드 트럼프 미국 대통령이 이란의 핵 보유를 막기 위해서는 이란전쟁에 따르는 비용을 감수해야 한다고 주장하다가 이란이 “로스앤젤레스(LA)와 샌디에이고를 파괴하도록 두라”고 말했다. 두 곳 모두 민주당이 강세를 보이는 지역인 데다 샌디에이고는 미 해군기지가 여럿 모여 있는 태평양 전력의 핵심 거점이라 거센 역풍을 맞고 있다.트럼프는 지난 5일(현지시간) 네브래스카주 연설에서 물가 상승 등에 대해 “전쟁 때문에 인위적으로 조금 높아진 것이다. 세계를 안전하게, 우리나라를 안전하게 지키기 위해 치르는 작은 대가”라고 말한 뒤 “그들은 도시 하나를 파괴할 수도 있다. LA를 파괴하게 놔두라. 샌디에이고를 파괴하게 놔두라”고 말했다. 이어 “아주 작은 대가”라고 했다.‘그들’이 누구인지 명시하지는 않았지만, 전쟁...",https://n.news.naver.com/article/newspaper/025/0003556465?date=20261008,기타,0.000228449480380123,
중앙일보,"[사진] 박진영 “패노메논 상표권 출원, 정상적이지 않았다”","대통령 직속 대중문화교류위원회의 공동위원장을 맡은 가수 박진영씨가 7일 서울 여의도 국회에서 열린 국회 문화체육관광위원회의 문화체육관광부 국정감사에 증인으로 출석해 질의에 답하고 있다. 박씨는 이날 K컬처 축제 ‘패노메논’을 둘러싼 특혜 의혹에 반박하면서도, JYP엔터테인먼트가 해외 상표권을 출원한 것에 대해서는 “절차가 정상적이지 않았음을 인정한다”고 했다. [뉴시스]...",https://n.news.naver.com/article/newspaper/025/0003556486?date=20261008,기타,0.00022685000877903925,
동아일보,‘삼성TV 미술관’ 英박물관 명작 30점 공개,삼성전자는 영국박물관의 대표 소장품 30점을 TV 전용 예술 작품 구독 서비스 ‘삼성 아트 스토어’에 공개한다고 7일 밝혔다. 조지프 말로드 윌리엄 터너의 ‘폭풍(난파선)’ 등 영국박물관이 소장한 명작을 삼성 TV로 집에서 감상할 수 있게 된다....,https://n.news.naver.com/article/newspaper/020/0003753513?date=20261008,기타,0.0002219830304125826,
조선일보,"軍, 1년 전에 위성 판독해 ‘北지뢰매설 가능성’ 보고했다","당시 안규백 장관, 별 조치 안해북한 매설 지뢰가 폭발한 서부전선 비무장지대(DMZ) 지역에 대해, 우리 군이 작년 9월 국방장관과 합동참모본부(합참) 의장에게 ‘북한의 군사분계선(MDL) 이남 지뢰 매설 가능성’과 ‘추가 침범 가능성’을 보고한 것으로 7일 확인됐다. 지난달 21일 지뢰 폭발로 우리 군인 3명이 부상을 당하기 1년 전 북한의 도발을 파악하고도 상응 조치를 하지 않았다는 지적이 나온다.합참이 국민의힘 유용원 의원에게 보고한 내용에 따르면, 합참은 2025년 9월 23일 위성 영상을 통해 경기 파주시 MDL 남쪽 25사단 관할 지역에 북한 지뢰 매설 추정지를 발견했다. 합참은 최초 판독 보고서에서 ‘MDL 이남 추정 지뢰 매설 구간’으로 평가하고, 이튿날 김명수 당시 합참의장, 해외 출장 중이...",https://n.news.naver.com/article/newspaper/023/0004002723?date=20261008,기타,0.0002214533897224059,
한국경제,"남양주 장기요양비, 2년 새 47% 늘었다…국비 최소 80% 지원 요구","경기 남양주시가 급증하는 노인 장기요양급여 부담을 덜기 위해 국가와 지방자치단체 간 재정분담 체계를 개편해야 한다고 요구하고 나섰다. 남양주의 노인 인구는 경기도에서 일곱 번째지만, 장기요양 시설급여 부담은 31개 시·군 가운데 가장 크다. 시는 요양시설이 많은 지역일수록 지방재정 부담이 오히려 커지는 ‘돌봄 역설’이 나타나고 있다고 설명했다.남양주시의 올해 장기요양급여 예산은 755억원이다. 2024년 514억원에서 2년 만에 241억원(47％) 늘었다. 지난 7월 말 기준 시의 65세 이상 노인은 14만3793명으로 도내 7위지만, 장기요양급여 예산은 경기도 전체의 8.3％를 차지한다. 특히 요양시설에 지급하는 시설급여 부담액은 458억원으로 도내에서 가장 많다. 노인 인구가 더 많은 고양·수원·용인보다...",https://n.news.naver.com/article/newspaper/015/0005340108?date=20261008,기타,0.00021768396936306015,
매일경제,"홍지선 장관 ""연말가면 서울 집값 진정될 것""","국감서 집값·전세 전망 밝혀강남3구·용산 하락 전환 언급""전세 감소는 메가 트렌드""홍지선 국토교통부 장관(사진)이 연말에는 주택 가격이 안정화할 것이라는 전망을 밝혔다. 전세가 사라질지에 대해서는 ""메가 트렌드(대세)""라며 장기적으로 소멸할 것으로 봤다.7일 홍 장관은 국회 국토교통위원회 국정감사에서 지속적인 서울 아파트 가격 상승세에 대한 김정재 국민의힘 의원의 지적을 받고 ""강남 3구(강남·서초·송파구)와 용산구는 이미 (집값 변동률이) 마이너스로 돌아섰다. 다른 지역도 현재 주택 가격 상승 폭이 줄어드는 상황""이라고 말했다.그러면서 ""연말까지 가면 어느 정도 주택 가격 상승 폭이 줄어들 거라고 전망한다""고 밝혔다.홍 장관은 서울 집값 상승 배경에는 투기 수요뿐만 아니라 공급 부족도 영향을 미쳤다고 답했...",https://n.news.naver.com/article/newspaper/009/0005745463?date=20261008,기타,0.00021506885482471468,
매일경제,"SK이터닉스, 취약계층 아동에 '겨울나기 키트'",SK이터닉스는 지난 6일 임직원들과 함께 지역사회 취약계층 아동의 따뜻한 겨울나기를 돕는 생필품 키트 제작 봉사활동을 진행하고 밀알복지재단에 기부했다고 7일 밝혔다.'따뜻한 겨울나기 키트 제작' 봉사활동은 경제적 어려움에 놓인 지역사회 취약계층 아동의 건강하고 안전한 겨울나기를 지원하고자 마련됐다. SK이터닉스는 임직원 20여 명의 자발적 참여 속에 8종의 생활·방한용품을 담은 키트를 직접 제작했다. 또 급여의 일정 금액을 기부한 임직원들의 참여와 회사의 지원을 더해 총 1000만원 상당의 후원을 진행했다.[이진한 기자]...,https://n.news.naver.com/article/newspaper/009/0005745441?date=20261008,경영,0.00021112653396517352,
중앙일보,"손흥민 주장 9년…92·96라인 갈등, 갈 데까지 갔다","지난 6일 우즈베키스탄전이 끝난 뒤 한국 축구대표팀의 1996년생 핵심 3인방 김민재(바이에른 뮌헨)와 황인범(포르투), 황희찬(샬케)이 대한축구협회 관계자와 마주 앉아 그동안 쌓인 불만을 쏟아냈다. 자정을 훌쩍 넘겼는데도 용인 미르스타디움 라커룸의 불은 꺼지지 않았다. 중앙일보가 전날 단독 보도한 세 선수의 ‘대표팀 은퇴 시사 파동’의 연장선이었다. 경기 당일 몇몇 선수 사이에서는 “96년생 셋의 마지막 A매치가 될 수도 있다”는 말이 흘러나왔다.황인범은 이날 믹스트존에서 “감독님이 결정할 문제”라고 선을 그으면서도 “내려놓을 준비는 늘 하고 있다”고 말했다. 그는 지난 2일에는 “대표팀 9년 차인데 여러 부분에서 변화가 잘 이뤄지지 않았다”고 했다. 그가 말한 9년은 손흥민(LAFC)이 주장 완장을 찬 ...",https://n.news.naver.com/article/newspaper/025/0003556490?date=20261008,기타,0.00021083777214689798,
조선일보,숲에서 데려와 키운 얼룩무늬 야옹이… 알고보니 고양잇과 100년 만의 새로운 종,볼리비아 안데스 산림에서 발견기존 호랑고양이와 뚜렷하게 구분고양잇과에서 100여 년 만에 새로운 현생 종이 확인됐다. 남미 볼리비아의 안데스 산림에서 발견된 얼룩무늬 야생 고양이가 그 주인공이다.브라질 리우그란데두술 가톨릭대를 비롯한 국제 공동연구진은 볼리비아 안데스 산맥 동쪽 융가스 숲에서 발견된 야생 고양이가 호랑고양이 계통의 새로운 종으로 확인됐다고 국제 학술지 ‘커런트 바이올로지’에 최근 발표했다. 학명은 ‘레오파르두스 틸카요’다.틸카요가 발견된 과정은 우연에 가까웠다. 현지 주민이 숲에서 데려온 수컷 새끼 고양이를 1년간 키우다 집고양이와 다른 행동을 보이자 동물 보호소에 맡겼다. 당시 보호소에서 자원봉사를 하던 볼리비아 산아드레스대 교수가 고양이 생김새가 특이하다는 사실을 알아채면서 연구가 시작됐...,https://n.news.naver.com/article/newspaper/023/0004002685?date=20261008,기타,0.00020311212019139989,
한국경제,서강대 vs 이화여대 순위 가른건 이공계,"인문사회 강자들의 '희비'인문사회계열에 강점이 있는 대학들은 희비가 엇갈렸다.서강대는 ‘2026 INUE·한경 대학평가’의 ‘우수 브랜드 대학’ 순위에서 8위에 오르며 학생, 학부모, 기업 등 다양한 집단에서 ‘전통 명문’의 위상을 입증했다. 하지만 종합평가에서는 14위에 그쳐 대조를 이뤘다.높은 브랜드 위상과 달리 종합순위가 뒤처진 것은 이공계 규모가 작아 상대적으로 연구성과가 낮게 평가됐기 때문이다.연구성과 부문에서 25위로 처졌지만, 교육혁신과 지속가능성에서 높은 점수를 받아 각각 10위를 차지했다. 대학 규모와 연구 여건의 한계를 높은 취업률과 외국인 학생 및 교원 비율 등으로 보완했다.서강대와 마찬가지로 인문사회계열이 강한 이화여대는 교육혁신과 지속가능성뿐만 아니라 연구성과 부문을 적극적으로 육성해...",https://n.news.naver.com/article/newspaper/015/0005340247?date=20261008,기타,0.00020305381632156432,
조선일보,"[사설] 한미 관계, 어디가 어느 정도 나쁜지조차 모를 정도다","이종석 국정원장이 지난 3월 미국을 방문하려 했는데 미국 측이 입국을 거부했다는 주장이 국회 국정감사에서 나왔다. 이 원장이 반미 성향이라는 이유로 그랬다는 것이다. 이에 대해 조현 외교부 장관은 “제가 아는 한 (그런 사실이) 없다”고 했다. 그러나 미국은 실제로 일부 국정원 직원의 비자 발급을 거부하고 있다고 한다. 동맹인 미국과 은밀하고 긴밀하게 협력해야 할 정보 당국마저 배척당하고 있다는 인상을 지울 수 없다.최근 한미 관계가 좋지 않다는 건 일반인도 아는 상식처럼 됐다. 단순히 한두 분야에서 문제가 발생하는 게 아닌 것으로 보인다. 트럼프가 자신의 업적으로 내세우는 대미 투자 문제에서 한미는 사사건건 부딪히고 있다. 트럼프는 한국이 알래스카 투자를 약속했다고 공개적으로 밝혔지만, 정부는 “정해진 바...",https://n.news.naver.com/article/newspaper/023/0004002661?date=20261008,경영,0.00018960601654977169,
동아일보,"“창의적 문제 해결, 탐구능력-도전정신의 산실”","학생과학발명품경진대회 시상식박하을양 대통령상, 황현성군 총리상상위 수상자 12명에 해외탐방 특전“발을 쓰지 않아도 손쉽게 쓸 수 있는 문 고정장치를 만들고 싶었습니다.”7일 대전 국립중앙과학관에서 만난 박하을 양(울산 대현초 5학년)은 ‘의도를 읽은 문고리, 발을 잊은 도어핸들’ 발명품 앞에서 이렇게 말했다. 손잡이로만 문 고정장치를 작동할 수 있도록 만든 이 작품은 올해 전국학생과학발명품경진대회 대통령상을 받았다.과학기술정보통신부와 국립중앙과학관은 이날 국립중앙과학관 사이언스홀에서 제47회 전국학생과학발명품경진대회 시상식을 열었다. 시상식에는 수상자와 학부모, 지도교사, 내빈 등 400여 명이 참석했다.1979년 시작된 전국학생과학발명품경진대회는 국내 최고 권위의 학생 발명대회다. 학생들의 창의력과 탐구심...",https://n.news.naver.com/article/newspaper/020/0003753561?date=20261008,기타,0.00018423405804724537,
한국경제,등굣길·급식…학생 일상 바꾼 '체감 조례',"경기도의회 활동무상 교복·통학 지원안 마련369개 학교 실내체육관 건립청렴교육 의무화로 책임 강화경기도 학생들의 등굣길부터 교복과 급식, 체육활동까지 일상 곳곳에 경기도의회가 만든 조례와 예산이 자리 잡고 있다. 학생과 학부모의 생활 속 요구를 조례로 구체화하고 예산 심의로 뒷받침해 온 결과다.대표적인 것이 학생 통학 지원이다. 도의회는 원거리 통학과 농어촌·신도시의 대중교통 부족 문제를 해소하기 위해 2021년 ‘경기도 학생 통학 지원 조례’를 제정했다. 지원 대상은 같은 해 411개교·637대에서 올해 517개교·912대로 늘었고, 예산도 167억원에서 542억3000만원으로 3배 넘게 증가했다.2018년 조례 제정으로 기반을 마련한 무상교복은 중학교에서 고등학교 신입생으로 확대돼 올해 6월 말까지 25...",https://n.news.naver.com/article/newspaper/015/0005340111?date=20261008,기타,0.00017821284304667378,
중앙일보,"[중앙시평] 대통령의 SNS, 과학과 사연","오늘날 상당수 한국인들은 정치적 효능감의 도파민을 즐기고 있는 것으로 보인다. 우리가 세상을 바꿀 수 있다는 자신감 말이다. OECD의 2024년 자료에 따르면 한국인 중 정치효능감이 높은 비율은 38.7%로 조사 대상 30개국 중 8위이고 평균보다 8.8%포인트 높다. 우리가 늘 정치선진국이라 부러워하는 스웨덴, 독일, 핀란드, 영국보다도 높다. 하지만 이것은 최근의 현상일 뿐이다. 과거 한국은 정치효능감이 너무 낮은 대표적 나라였다. 세계적으로 권위를 인정받는 국제사회조사프로그램(ISSP)의 2004년 조사를 보면 한국인 중 정치효능감이 높다는 사람은 15.7%에 불과했다. OECD 국가들 중 한국보다 정치효능감이 낮은 나라는 동유럽 탈사회주의 국가 몇 개밖에 없었다. 과거 한국 민주주의의 문제는 낮은 ...",https://n.news.naver.com/article/newspaper/025/0003556487?date=20261008,기타,0.0001716035804777988,
한국경제,"""SKY 면접에서 중요한 건…"" 입시 컨설턴트의 '조언'","회사원서 입시 컨설턴트 변신…""신문으로 사고력 키워야""'SKY와 의대는…' 펴낸 하지원 메가스터디 수석 컨설턴트팬오션서 6년간 기획·영업 근무대일외고 교사 거쳐 입시학원 합류""AI시대 자기주도학습 중요해져""“서울대·고려대·연세대(SKY)와 주요 의대가 최근 면접의 역할이 확대되는 건 결국 ‘스스로 생각하는 힘’을 보겠다는 겁니다.”하지원 메가스터디 수석 입시컨설턴트(사진)는 7일 인터뷰에서 달라진 최상위권 입시의 방향을 이같이 설명했다. 그가 최근 한경매거진앤북을 통해 펴낸 <sky와>에도 최상위권 대학의 선발 기준과 학년별 사고력 훈련법을 고스란히 담아냈다.◇입시 지도 경험 담아 책 출간하 컨설턴트는 부산 경혜여고를 졸업하고 2002년 고려대 영어교육과에 입학했다. 교사를 꿈꿨지만 교생 실습에서 기대와 다...",https://n.news.naver.com/article/newspaper/015/0005340303?date=20261008,경영,0.0001670905362464258,
조선일보,[사설] “탈북 청소년에 곁을 내주길” 261개 시민단체의 호소,"261개 각계각층의 다양한 시민·종교 단체가 탈북 청소년을 위한 대안학교인 ‘여명학교’의 교사(校舍) 건립을 계획대로 추진해 달라고 호소했다. 사교육걱정없는세상, 좋은교사운동, 참교육학부모회, 흥사단 등 교육·종교·통일 관련 261개 단체는 ‘공동행동’을 구성해 여명학교 건립을 촉구하고 나섰다. 이 중 150여 명은 기자회견에서 ‘22년을 떠돌았다, 이제는 여명학교의 배움터를 마련해 달라’ 등이 적힌 손팻말을 들었다.여명학교는 서울 강서구 염강초 폐교 부지에 교사 건립을 추진 중인데 일부 주민이 반대하는 상황이다. 이 학교는 2004년 개교한 이래 건물이 없어 여러 곳을 떠돌아다니다가 최근 서울교육청이 부지를 제공하고 현대자동차가 건축 기금 60억원을 보태기로 하면서 교사를 짓기로 했다. 그런데 이 학교를 ...",https://n.news.naver.com/article/newspaper/023/0004002657?date=20261008,기타,0.00016589029896110758,
중앙일보,[사설] 은행 해킹당했는데 관할부터 따져야 하는 새 수사체계,"경찰이 금융권에서 발생한 인공지능(AI) 해킹 사건과 관련해 경찰청 사이버테러수사대 4개 팀 28명으로 이뤄진 전담수사팀을 꾸리고 정보통신망법 위반 혐의로 정식 수사에 착수했다. 지난 4일 이재명 대통령이 철저한 조사와 대책 마련을 지시한 지 이틀 만이다. 빛의 속도로 해킹이 이뤄지는 현실을 감안하면 수사 개시부터 늦었다. 경찰이 해당 사건 수사를 제대로 이어갈 수 있을지도 불분명하다. 수사와 기소를 분리하는 새로운 형사사법체계가 졸속 시행되며 중대범죄수사청(중수청)과 기존 수사기관 사이의 수사권 관할이 명확하지 않기 때문이다.중수청 관련 시행령에 따르면 다른 수사기관이 중수청 관할에 해당하는 중대범죄를 인지하면 그 사실을 중수청장에게 즉시 통보하고, 중수청장은 통보를 받은 뒤 7일 이내에 수사 개시 여부를...",https://n.news.naver.com/article/newspaper/025/0003556493?date=20261008,기타,0.00015201787096170074,
동아일보,시민 97.5% “찬성”… 인천 ‘킥보드 없는 거리’ 늘린다,"통행금지 1순위 ‘학교 주변’ 꼽아3개 구간 시범운영 후 확대 추진인천시는 시범 운영 중인 ‘킥보드 없는 거리’ 사업에 대한 시민 여론조사에서 응답자의 97.5%가 사업 확대에 찬성했다고 7일 밝혔다.킥보드 없는 거리는 보행자 보호를 위해 전동 킥보드와 같은 개인형 이동장치(PM)의 통행을 제한하는 구간이다. 시는 올 4월부터 연수구 송도 학원가, 상가 일대 2개 구간(1.8km)과 부평구 테마의 거리 1개 구간(700m) 등 총 3개 구간을 킥보드 없는 거리로 지정해 시범 운영하고 있다.조사 결과 응답자들은 대부분 정책 확대에 찬성한 데 이어 개인형 이동장치 통행금지 도로로 먼저 지정돼야 하는 지역으로 학교 주변(46.7%)과 주거 지역(31.8%), 상업 지역(17.9%) 등을 꼽았다. 또 응답자 중 8...",https://n.news.naver.com/article/newspaper/020/0003753538?date=20261008,기타,0.00014911437057676434,
조선일보,"뮤지컬 ‘다시, 봄’ 부산·경남서 새출발합니데이~","서울 공연, 지방 배우·스태프가 제작17일부터 창원·밀양·김해·부산 무대“여가(여기에) 사고 났십니더! 국도 53번입니데이!”17일 경남 창원 3·15아트홀 개막을 앞둔 부산·경남판 뮤지컬 ‘다시, 봄’ 연습이 한창인 부산 영화의전당 하늘연극장 건물 지하 1층 연습실. 오랜만에 함께 서울 여행을 온 여고 동창생들이 버스 사고를 당하는 장면인데, 찰진 사투리에 자꾸만 웃음이 난다. 제작 PD 역할을 맡은 정우창 팀장은 “추석 연휴에도 배우들끼리 연습실을 따로 빌려 연습을 계속할 만큼 열의가 대단하다”며 웃었다.‘다시, 봄’은 서울시뮤지컬단의 대표 흥행 레퍼토리. 매진 사례가 이어진 2023년 세종문화회관 초연과 이듬해 LG아트센터 재연을 거쳐 제주 서귀포와 경기 안산 등 네 곳 지방 투어까지 마친 작품이다. ...",https://n.news.naver.com/article/newspaper/023/0004002691?date=20261008,기타,0.00014847663480389964,
한국경제,"하나은행, 한국바둑리그 새 후원사 선정",하나은행이 7일 한국기원이 주최하는 ‘한국바둑리그’의 공식 후원사로 선정됐다. 전날 열린 협약식에는 이호성 하나은행장(왼쪽)과 정태순 한국기원 이사장 등이 참석했다. 이에 따라 올해 리그 명칭도 ‘하나은행 한국바둑리그’로 결정됐다. 하나은행은 시즌 출범에 맞춰 개막식을 확대하고 운영 방식도 일부 개편할 계획이다. 이 행장은 “한국 바둑의 저변 확대와 세계화를 적극 지원하겠다”고 말했다....,https://n.news.naver.com/article/newspaper/015/0005340243?date=20261008,기타,0.00014484589864999448,
중앙일보,"강신철 “北, 지뢰 제거에 당황…MDL 이남에 수백발 묻은 듯”",최근 비무장지대(DMZ) 지뢰 폭발 사건에 대한 북한의 반응과 관련해 강신철 국방부 장관이 7일 “그들도 우리 대응에 상당히 당황했을 것으로 평가하고 있다”고 말했다. 북한 외무성이 전날 “우리 영토를 1㎜라도 침범한다면 강력한 대응 행동을 취할 것”이라고 반발한 데 대한 평가다. 우리 군의 지뢰 제거 작전이 실효적 대응이란 점을 부각하기 위한 의도로 풀이된다. 군 당국은 북한의 반발에도 군사분계선(MDL) 이남에 설치된 북한군 지뢰와 철책 등 장애물을 제거하는 작전을 추진한다는 계획이다.강 장관은 이날 국회 국방위원회의 국방부 국정감사에서 ‘북한 외무성의 적반하장식 성명에 대해 어떻게 평가하느냐’는 유용원 국민의힘 의원의 질의에 “그전에는 바로바로 입장이 나오다가 이번에는 하루 정도 지나 입장을 냈다”며 ...,https://n.news.naver.com/article/newspaper/025/0003556506?date=20261008,기타,0.0001423832161667577,
중앙일보,"[서동욱의 가장자리 읽기] 전문화의 끝, AI","무엇인가의 원리를 파악하는 것은 얼마나 큰 기쁨인가! 아버지는 가끔 당신의 어린 시절 이야기를 들려주셨다. 당시 일상에서 접할 수 있는 최첨단의 기계는 라디오였는데, 그것의 원리가 무엇인지 너무 궁금해서 분해해 내부를 살펴보고 다시 조립했다. 그렇게 기계의 원리를 파악한 기쁨과 재미는 더할 나위 없는 것이었다.생활 편해질수록 지성 위축돼모든 걸 아는 괴테적 교양 옛말전문화의 최신 산물 AI 앞에서인간은 겁먹은 원시인 아닌가이런 일은 이제 불가능하다. 주변의 친숙한 기기들을 분해하고 조립하면서 그 기기를 자신의 지식을 통해 지배하는 즐거움은 사라졌다. 예컨대 우리는 스마트폰이 고장 났을 때 그것을 해체해서 직접 수리하지 못한다. 즐겨 쓰는 컴퓨터 프로그램이나 앱의 원리 또한 알지 못한다. 주변의 기기들은 갈수...",https://n.news.naver.com/article/newspaper/025/0003556477?date=20261008,기타,0.00014171621526274078,
매일경제,"""AI시대 진로엔 정답 없어…성장 동기가 무기""","JX시대, 직업계고가 뜬다서울교육청 '진로 특강' 개최조승연작가 강연에 500명 몰려서울시교육청이 인공지능(AI) 시대 학생들에게 필요한 진로 역량으로 자신의 관심사를 찾고 스스로 배우고 성장하려는 '동기'를 제시했다. 정해진 직업을 일찍 선택하는 데 초점을 맞추기보다 빠르게 변하는 직업 환경 속에서 학생 스스로 적성과 가능성을 탐색하도록 돕자는 취지다.7일 서울시교육청은 서울시교육청 대강당에서 중학교 학부모와 교원, 교육전문 직원 등 500여 명을 대상으로 '조승연 작가와 함께하는 진로특강'을 개최했다. 작가·방송인이자 인문학 지식 콘텐츠 크리에이터인 조 작가는 이날 'AI 시대, 동기가 무기다'를 주제로 강연했다. 강연은 직업을 미리 정답처럼 선택하기보다 자신의 관심과 가능성을 발견하고 다양한 경험을 쌓...",https://n.news.naver.com/article/newspaper/009/0005745487?date=20261008,기타,0.0001393551354998086,
동아일보,공기업 사장 된 ‘주례 선생님’ [횡설수설/윤완준],"에너지 공기업인 한국지역난방공사가 지난해 쓴 예산은 약 5조 원이다. 이런 예산 집행을 총괄하는 난방공사 사장에 관련 경력이 없는 경기 성남 지역 환경운동가 출신 하동근 씨가 올해 4월 임명됐다. 하 사장은 2000년대 이재명 대통령과 함께 성남시립의료원 설립 활동을 한 인물이다. 이 대통령을 30년 가까이 보좌해 온 김현지 대통령제1부속실장의 결혼 주례를 서기도 했다. 이 때문에 임명 직후 ‘보은 인사’ 논란이 일었다.▷국회 국정감사 첫날인 6일, 이번엔 하 사장의 임명 과정이 도마에 올랐다. 난방공사가 국회에 제출한 자료에 따르면 하 사장은 올해 초 사장 공모 당시 서류 심사를 통과한 8명 중 8등이었다. 이후 난방공사의 임원후보추천위원회가 추린 최종 후보 5명에 들었다. 5명을 대상으로 한 면접에서도 ...",https://n.news.naver.com/article/newspaper/020/0003753484?date=20261008,경영,0.00013775667979730398,
매일경제,"범여, 조희대에 십자포화 …""차라리 물러나라""","대법원장 재제청 갈등 격화진보당, 曺탄핵안 추진 공식화曺 업추비 논란엔 ""뻔뻔"" 공세野 ""집단린치 그만둬야"" 반발여권에서 청와대의 대법관 후보 재제청 요구를 거부한 조희대 대법원장을 향해 자진사퇴를 거듭 촉구했다. 진보당은 한발 더 나아가 조 대법원장의 탄핵안 추진을 공식화했다. 범여권은 조 대법원장의 업무추진비 부정 사용 의혹을 부각함으로써 최고위 법관에게 요구되는 엄격한 청렴성과 정치적 중립성 기준을 정조준하는 등 공세를 강화하고 있다.7일 김민석 더불어민주당 대표는 당 유튜브 방송에서 조 대법원장을 향해 ""그런 자리가 대법원장으로서는 입장이 난처하고 오마카세 얘기까지 해야 하는 민망함이 있었을 것""이라면서도 ""근본은 결국 재제청 문제를 제대로 처리하지 못하는 것에서 나오는 것""이라고 언급했다.이어 ""그...",https://n.news.naver.com/article/newspaper/009/0005745542?date=20261008,기타,0.0001359020101748248,
동아일보,野 “文정부때 부동산정책 비판 민간인 사찰” 논란,"해당 인사 부동산 현황 문건 공개에與 “듣도보도 못한 자료로 혼란 초래”국토장관 “연말엔 서울 집값 안정”홍지선 국토교통부 장관이 7일 국회 국토교통위원회 국정감사에서 서울 강남 3구(서초, 강남, 송파구) 약세를 근거로 연말엔 서울 집값 상승 폭이 줄어들 것이라고 전망했다. 야당 측은 “문재인 정부 시절 부동산 정책에 비판적이었던 민간인(부동산 전문가)에 대해 사찰이 있었다”고 주장했다.홍 장관은 이날 서울 집값 상승에 대해 “서울 강남 3구와 용산구 주택 가격은 이미 마이너스로 돌아섰고, 다른 지역도 상승 폭이 줄어든 상태”라며 “연말까지 가면 어느 정도 주택 가격 안정화가, 상승 폭이 줄어들 것으로 전망하고 있다”고 밝혔다. ‘전세 제도가 사라질 것이라고 보나’라는 질의에는 “메가 트렌드라고 본다”고 ...",https://n.news.naver.com/article/newspaper/020/0003753558?date=20261008,경영,0.00012789445772110514,
조선일보,전통·근대 섞인 궁궐 안… 흐드러지게 피어난 흰 복숭아꽃 2000송이,"11일까지 가을 궁중문화축전창덕궁 희정당서 ‘白의 질서’ 전시‘밝은 정치를 펼친다’는 뜻을 지닌 창덕궁 희정당(熙政堂) 전각 안에 흰 복숭아꽃이 흐드러지게 피었다. 조선의 마지막 왕 순종이 머물며 손님을 맞았던 곳이다. 벌과 나비, 천연기념물 팔색조가 꽃나무 가지 위에 군데군데 앉아 있다. 꽃도 나비도 진짜가 아니다. 국가무형유산 궁중채화(宮中綵花) 최성우 보유자가 비단 생초로 벽도화(碧桃花) 2000송이를 만들고 고사목 가지에 일일이 붙여서 만든 작품이다.창덕궁 희정당이 7일부터 11일까지 닷새간 활짝 개방된다. ‘2026 가을 궁중문화축전’ 기간에 맞춰 전각 전체가 공예 전시장으로 변신했다. 공간 스튜디오 WGNB의 백종환 대표가 전시 감독을 맡은 특별 전시 ‘조선 공간 미학: 백(白)의 질서’다. 왕이...",https://n.news.naver.com/article/newspaper/023/0004002690?date=20261008,기타,0.00011616848940241752,
매일경제,"경남 청년 정책 한곳에 … 道, 광역거점센터 '첫발'","창원에 '청년 꿈 아카데미 센터'정부·시군과 함께 정책 연결현장 지원 집중…종합상담도경남 청년들이 일자리와 주거, 교육 등 필요한 정책을 보다 쉽게 찾고 지원받을 수 있도록 정부와 경남도, 시군의 청년정책을 연결하는 광역 거점센터가 문을 열었다. 흩어져 있는 청년정책을 한곳에서 연결하고 지역 실정에 맞는 정책을 발굴하는 역할을 맡는다.경남도는 7일 창원시 의창구 경남대표도서관 내에 '경남 청년 꿈 아카데미 센터'를 개소하고 본격적인 운영에 들어갔다고 밝혔다. 센터는 국무조정실이 지정한 경남지역 청년정책 거점센터로 경남도 산하기관인 경남미래세대재단이 운영한다. 올해 운영예산은 2억5500만원이다.센터는 시군 청년센터와 역할을 나눠 광역 단위 청년정책의 사령탑을 맡는다. 시군센터가 지역 청년을 직접 만나 현장 ...",https://n.news.naver.com/article/newspaper/009/0005745458?date=20261008,기타,0.00010868915819880548,
조선일보,‘개점 휴업’ 중수청… “컴퓨터 없고 수사관 지정도 못 해”,"출범 엿새째 어수선한 청사전산망 제대로 안갖춰 수기 처리녹화 조사실 등 필수시설도 없어법조계 “수사 시작 몇달 걸릴 것”서울지방중대범죄수사청 수사관 A씨는 지난 2일 개청한 뒤로 6일까지 업무를 배정받지 못했다고 한다. 지방의 한 검찰청에서 근무 중이던 A씨는 개청 하루 전 서울중수청 발령을 받고, 주말에 서둘러 을지로 청사 인근에 원룸을 구했다. A씨는 “앞으로 해야 할 업무 설명만 듣고, 팀원끼리 서로 소개하는 자리만 있었을 뿐 사무실에는 아직 컴퓨터도 없다”고 했다.중수청이 7일로 출범 6일째를 맞았지만, 사실상 개점 휴업 상태다. 기본적인 업무 환경을 갖추지 못한 탓이다. 전산망이 갖춰지지 않아 고소·고발 사건이 접수돼도 담당 수사관 배정이 지연되고 있다. 중수청에선 직원 감찰 규정 등 내부 지침도 ...",https://n.news.naver.com/article/newspaper/023/0004002715?date=20261008,기타,0.00010787449072016046,
조선일보,"“文정부 시절 국토부, 부동산 정책 비판한 민간인 19명 정보수집”","김은혜, ‘블랙리스트’ 문건 공개7일 국회 국토교통위원회 국정감사에서 문재인 정부 당시 정부 부동산 정책에 비판적인 부동산 전문가 등 민간인 19명의 개인 신상 정보를 수집한 문건이 작성됐다는 의혹이 제기됐다. 수집된 정보에는 주택 보유 현황과 매입 경위 등이 포함돼, 이를 근거로 투기 여부를 확인하려 한 정황도 드러났다.김은혜 국민의힘 의원은 이날 국정감사에서 2019년 11월 작성된 것으로 추정되는 ‘부동산 전문가 현황’ 문건 총 38장을 공개했다. 김은혜 의원실에 따르면 이 문건은 국토부가 당시 한국감정원(현 한국부동산원) 주택통계부에 지시해 만든 것으로 추정된다. 김 의원은 “해당 문건은 당시 김현미 국토부 장관 등 고위층까지 보고됐으며, 보고 과정에 개입된 인물들이 여전히 국토부 고위층에 재직하고 ...",https://n.news.naver.com/article/newspaper/023/0004002722?date=20261008,기타,9.203990108590811e-05,
한국경제,이젠 '공수처 개편' 띄우는 與 법사위,"'공수처 무용론'에 개편 토론회""거대 중수청과 수사 대상 겹쳐사법시스템 감시 역할이 효율적""더불어민주당에서 고위공직자범죄수사처를 사법기관 공무원 감시 기구로 재편해야 한다는 목소리가 커지고 있다. 여권이 ‘공수처 무용론’에 대한 비판과 검찰개혁을 향한 우려를 동시에 줄일 ‘카드’를 내세웠다는 해석이 나온다. 문재인 정부가 출범시킨 공수처의 정체성을 여권 스스로 뒤엎어야 한다는 점은 부담이 될 것으로 전망된다.국회 법제사법위원회 소속 김기표 민주당 의원은 7일 국회에서 ‘수사·기소 분리 시대, 공수처 기능 전면 개편 토론회’를 열고 “중수청이 저렇게 크게 출범하는데 수사 대상이 겹치는 공수처를 놔두는 것은 문제”라며 “공수처가 중수청과 공소청, 법원에 종사하는 사람들을 감시하는 체제가 가장 효율적”이라고 강조...",https://n.news.naver.com/article/newspaper/015/0005340259?date=20261008,기타,8.568562458605001e-05,
한국경제,샤갈부터 호크니까지…'현대미술 총아' 한자리에,"현대회화 하이라이트展인기 작가 14명 작품 20점 전시높이 2m 넘는 대형 작품 등시대 순으로 나눠 세 곳에 걸어단돈 5000원을 내면 마르크 샤갈, 윌렘 드 쿠닝, 데이비드 호크니 등 세계 현대미술 총아들의 그림과 만날 수 있다. 서울 대치동 글로벌세아아트스페이스에서 열리고 있는 전시 ‘현대회화 하이라이트: 시대의 초상’ 얘기다.전시장에는 ‘일본 현대미술의 여왕’ 구사마 야요이와 초현실주의 화가 폴 델보 등 거장들을 비롯해 조지 콘도, 아드리안 게니, 니콜라스 파티 등 인기 작가 14명의 작품 총 20점이 나와 있다. 해외 현대미술 유명 작가들의 대형 작품을 이처럼 다채롭게 보여주는 전시는 국내에서 보기 드물다.이번 전시 구성은 국립현대미술관 출신의 박미화 독립 큐레이터가 맡았다. 박 큐레이터는 시대 순으...",https://n.news.naver.com/article/newspaper/015/0005340214?date=20261008,기타,8.004657461686625e-05,
매일경제,"與 ""대통령·국회의원 수사 중수청으로""","공수처 ""수사개혁 아닌 퇴보""더불어민주당 국회 법제사법위원회 소속 의원들이 고위공직자범죄수사처(공수처)의 수사 대상에서 대통령과 국회의원을 빼 중대범죄수사청(중수청)으로 보내자고 주장했다.7일 민주당 김기표·김남희·김동아·김한규·박균택 의원은 국회에서 '수사·기소 분리 시대, 공수처 기능 전면 개편'을 주제로 토론회를 열었다. 이번 토론회는 공수처가 출범 당시 목표했던 성과를 내지 못한 상황을 고려해 중수청 신설과 연계한 공수처 개편 방향을 모색하기 위해 마련됐다.현재 공수처는 대통령·국회의장·대법원장·헌법재판소장·국무총리·국회의원·대법관 등 고위공직자 대부분을 수사할 수 있다. 반면 민주당에서 거론되는 개편안은 대통령과 국회의원 등 고위공직자에 대한 수사는 중수청이, 판사·검사와 경찰·수사관 등에 대한 수...",https://n.news.naver.com/article/newspaper/009/0005745486?date=20261008,기타,7.806037175369362e-05,
한국경제,[한경에세이] 시간을 걷는 시장,"박수영 국민의힘 국회의원길에는 삶이 새겨진다. 발걸음과 목소리, 웃음과 한숨이 켜켜이 쌓인다. 기억과 세월이 머문다. 우리는 길 위에서 시간을 걷는다.부산 남구 못골시장 골목길에 오랜 향수가 스며 있다. 어릴 적 하루가 멀다 하고 어머니 손을 꼭 잡고 장을 보러 다녔다. 친구들과 구석구석을 뛰어다녔다. 생선과 채소가 가득한 좌판을 구경하느라 시간 가는 줄 몰랐다.지금도 매주 같은 골목을 지나다닌다. 추억과 정은 여전하다. 어르신과 친구, 선후배들이 “수영아” “행님” 하고 그때 그 시절로 나를 인도한다. 가게에 들러 안부를 나누고 장을 본다. 반찬, 채소 등 비닐봉지에 가득 담은 옛 기억을 떠올리며 다시 길을 나선다.긴 세월만큼 풍경도 많이 바뀌었다. 어린 시절 추억이 함께하는 그 골목길 위에 이제는 주민 ...",https://n.news.naver.com/article/newspaper/015/0005340333?date=20261008,기타,7.589358572129732e-05,
동아일보,오세훈 “2031년까지 31만채 착공… 정부가 규제 더 완화해야”,"오세훈 서울시장 100일 간담회“세운 재개발하면 종묘 가치 상승정부 지지율 하락 ‘집값 불안’ 탓”“성장이 시민의 삶을 바꾸고 더 큰 행복으로 이어졌는지로 평가받겠다.”오세훈 서울시장이 민선 9기 취임 100일 기자간담회에서 “서울이 얼마나 성장했는지만 말하지 않겠다”며 이같이 밝혔다. 앞으로 서울시민 삶의 질 향상을 시정 최우선 목표로 삼겠다는 취지다. 오 시장은 또 2031년까지 서울에 주택 31만 가구를 착공하겠다는 계획을 거듭 밝히며 정부에 재개발·재건축 규제 완화를 요구했다.● “종묘 가치, 열 배 백 배 높아질 것”오 시장은 7일 중구 서울시청에서 가진 기자간담회에서 “100일은 시작에 불과하다”며 “마지막 4년, 시민의 일상에서 변화를 느끼실 수 있도록 단 하루도 허투루 보내지 않겠다”고 밝혔다...",https://n.news.naver.com/article/newspaper/020/0003753597?date=20261008,기타,7.354855252221142e-05,
중앙일보,리사 수 “한국에 AI 연구센터 지을 것”,"리사 수(사진) AMD 회장 겸 최고경영자(CEO)는 7일 오전 서울 포시즌스 호텔에서 류제명 과학기술정보통신부(과기정통부) 2차관을 만나 “한국에 AI 연구 센터를 세우고 수백 명의 AI 연구자들을 채용할 것”이라고 말했다. 과기정통부와 AMD는 이날 AMD AI 연구센터(CoE)를 연내 설립한다고 발표했다. 이후 진행된 국내 AI 인프라 기업 대표들과 간담회에서 수 CEO는 국내 스타트업 망고부스트와 첫 클라우드 협업 사실, 서울대 AI연구원에 AMD GPU를 지원하는 내용의 양해각서(MOU)를 맺은 사실도 공개했다.수 CEO는 “삼성전자와 SK하이닉스는 데이터센터에서 이루려는 목표를 달성하기 위한 핵심 파트너”라며 “AMD는 한국 공급망에 의존하고 있다”고 말했다....",https://n.news.naver.com/article/newspaper/025/0003556433?date=20261008,경영,7.218778659806388e-05,
조선일보,北의 무인기 사과 요구에 ‘신속 대응’ 자찬한 통일부,"외통위 보고, 北지뢰 언급은 안해북한식 표현인 ‘조한관계’ 쓰기도3줄 요약ㆍ정동영 ""지뢰 공격으로 특정할 수 없어""ㆍ통일부, 업무보고 자료 북의 지뢰도발 누락ㆍ탈북민 북송 회유 주장 전혀 사실 무근통일부가 7일 국회에 제출한 업무 보고 자료에서, 지난 2월 우리 측 민간인이 북으로 무인기를 날린 사건과 관련해 북한에 유감을 표명하고 재발 방지 대책을 발표한 것을 ‘정책 추진 실적’이라고 했다. 자료에는 지난달 경기 파주시 군사분계선(MDL) 이남에서 발생한 북한 매설 지뢰 폭발과 북측의 협박은 포함되지 않았다.통일부는 국회 외교통일위원회에 제출한 업무 보고 자료에서 “민간 무인기 북한 침투 관련 신속 대응을 통해 남북 간 긴장 악화를 방지하고 재발 방지를 위한 제도적 장치를 마련했다”고 자평했다. 당시 북한...",https://n.news.naver.com/article/newspaper/023/0004002724?date=20261008,경영,7.073259455484806e-05,
동아일보,"정동영, 北지뢰에 “고의성 단정 못해” 제재 반대","[李정부 2년차 국감]“한반도 평화체제 구축이 핵심 과제”통일부 “의료장비 北지원 제재 면제”정동영 통일부 장관이 서부전선 비무장지대(DMZ) 지뢰 폭발 사건에 대해 “안타까운 사고”라면서도 “아직 ‘지뢰 공격’으로 특정할 수 없다”고 말했다. 통일부는 북한에 대한 의료장비 지원 등을 지속하겠다고 밝혔다.정 장관은 7일 국회 외교통일위원회의 통일부 국정감사에서 DMZ 지뢰 폭발 사건에 대해 “가장 핵심적인 과제는 한반도의 오래된 전쟁을 종식하고 평화 체제를 구축하는 것”이라며 이같이 말했다. 또 지뢰 폭발 사건에 따른 상응 조치로 대북 제재가 검토되고 있는 데 대해선 “평화 공존 정책과 제재는 양립할 수 없다”고 반대했다.국민의힘 박충권 의원은 DMZ 지뢰 폭발 사건이 불의의 사고인지, 북한의 도발인지 밝히...",https://n.news.naver.com/article/newspaper/020/0003753570?date=20261008,기타,6.936176037458192e-05,
한국경제,"포천시, A등급 교육발전특구…전국 인재 끌어모은다","경기 포천시가 교육을 인구 유출을 막는 핵심 정주 기반으로 키우고 있다. 학교에 예산을 나눠주던 기존 방식에서 벗어나 학습과 돌봄, 통학, 문화예술을 하나의 교육생태계로 묶어 ‘교육 때문에 떠나는 도시’를 ‘교육을 찾아오는 도시’로 바꾸겠다는 구상이다.성과도 나타나고 있다. 포천시는 교육부의 ‘2025년도 교육발전특구 시범사업 연차점검’에서 A등급을 받았다. 사교육비는 2.1％ 줄었고 지역 내 고교 진학률은 90.7％를 기록했으며, 자율형 공립고 2.0 교육과정 만족도도 94％에 달했다. 포천교육지원청과 실무협의체를 꾸려 현장 요구를 정책에 반영한 것이 A등급의 밑바탕이 됐다. 시는 여기서 한발 더 나아가 연간 20억원씩 최대 5년간 100억원을 지원받는 ‘교육혁신선도지역’ 지정에 도전한다.중심에는 ‘포천형...",https://n.news.naver.com/article/newspaper/015/0005340091?date=20261008,기타,6.352503241624667e-05,
조선일보,“목표 달성한 자녀에게 은행에 맡긴 돈 준다”,"‘자녀교육신탁’ 상품 나와3줄 요약ㆍ하나은행, 목표 달성 시 지급 '자녀교육신탁' 출시ㆍ센터큐 검증 통해 대학 합격·자격증 등 조건 충족 시 자금 지급ㆍ목표 미달성 시 패자부활전 설계·증여 처리 가능“서울대에 합격하면 1억원을 주겠다.”부모와 자녀 사이에서 오가던 약속을 은행 계약으로 만드는 금융상품이 나왔다. 부모가 돈을 맡기고 자녀가 목표를 이루면 은행이 약속한 금액을 지급하는 방식이다.7일 금융업계에 따르면 하나은행은 최근 ‘자녀교육신탁’을 출시했다. 부모와 자녀가 대학 진학이나 성적 향상, 외국어 시험, 자격증 취득 등의 목표와 지급액을 자유롭게 정해 계약서에 담는다. 목표 달성 여부는 하나은행과 업무협약을 맺은 교육업체 센터큐가 확인한다.센터큐는 한영외고를 자퇴한 뒤 서울대 철학과를 졸업한 허지원(...",https://n.news.naver.com/article/newspaper/023/0004002680?date=20261008,경영,6.281912507422859e-05,
동아일보,"41년 석탄 캐던 사북광업소, 탄광유산 박물관으로 부활","강원랜드 ‘M650’ 정식 개관갱차 타고 광부 작업현장 체험강원랜드는 대한민국 산업화의 역사와 광부들의 삶을 담은 탄광유산 박물관 ‘M650’을 7일 정식 개관했다.옛 동원탄좌 사북광업소 자리에 문을 연 M650은 1963년부터 2004년까지 사북광업소의 역사적 가치를 보존하기 위해 마련한 박물관이자 문화공간이다. 명칭은 사북광업소가 있는 해발 650m에서 따왔다.연면적 6만6755m² 규모로 조성된 M650은 기존 시설인 동원탄좌 사무실, 샤워실, 수갱타워, 650갱도 등을 최대한 원형 보존하는 방식으로 조성됐다. 관람객들은 광부들의 일상과 작업환경을 생생하게 살피고 갱차 탑승과 권양기실을 개조한 이색 카페, 산업유산과 현대미술을 결합한 기획전시 등 다채로운 콘텐츠를 경험할 수 있다. 이달 말까지 입장료가...",https://n.news.naver.com/article/newspaper/020/0003753532?date=20261008,기타,5.952686827432549e-05,
동아일보,복요리-국밥-짜글이-곱창… ‘구미 4味’ 맛보세요,"맛집 63곳 선정해 관광자원화경북 구미시는 지역의 우수한 음식점을 발굴하고 육성하기 위해 올해 맛집 63곳을 최종 선정했다고 7일 밝혔다.올해는 시민 추천과 공개모집을 통해 신규 맛집을 발굴했으며 기존 지정업소는 재심사를 진행했다. 평가의 객관성과 공정성을 높이기 위해 외부 전문업체의 암행평가와 방문 평가를 거쳤다. 음식의 맛과 품질, 위생관리, 서비스, 영업환경 등을 종합적으로 평가해 신규 지정업소 20곳 등 모두 63곳을 최종 선정했다. 구미시는 선정 업소에 맛집 지정증과 인증 스티커를 내주고, 공식 홈페이지(gumi.go.kr/gumifood)와 온라인 채널 등을 통해 홍보와 마케팅을 지원할 예정이다.시는 이번 용역을 통해 구미만의 특색 있는 음식으로 복요리, 돼지국밥, 돼지짜글이, 졸임곱창을 ‘구미4...",https://n.news.naver.com/article/newspaper/020/0003753547?date=20261008,기타,5.231941970290634e-05,
중앙일보,[김성탁의 민심풍향계] 버팀목에서 확장 장벽으로…'양날의 검' 강성 지지층,"대통령 팬덤의 명과 암지난 5일 이재명 대통령이 X에 글을 올렸다. “노무현 대통령님도 극단주의를 경계하셨군요. 극단주의는 프랑스 대혁명 때도 있었고 노무현 시대에도 있었으며 지금도 있고 앞으로도 있을 것입니다.” 이 대통령이 이 글에 링크한 영상은 노 전 대통령이 “타협 없이 자기들 주장만 관철하고 상대의 문제점만 지적하고 타도를 외치는 정치가 극단주의”라고 말하는 내용이었다.이 대통령은 하루 전 “무책임한 극단주의를 경계해야 한다. 책임지지 못할 과격한 주장, 근거 없는 선동은 국민과 국가를 위해서가 아니라 자신을 드러내고 개혁 성과를 독차지하겠다는 이기심에서 비롯된 경우가 많다”는 글을 올렸었다. 김지용 중대범죄수사청장 후보자를 ‘검찰주의자’나 '친윤 검사'라며 임명하면 안 된다고 반발하는 여권 강경파...",https://n.news.naver.com/article/newspaper/025/0003556481?date=20261008,경영,4.872246356920901e-05,
동아일보,[김형석 칼럼]국민은 현 정부와 민주당에 무엇을 걱정하는가,"해방後 남북관계는 통일 위한 숙명적 과제지원으로 평화-통일 얻겠다는 안이한 시도자주국방 서두르지 말고 北 오판 경계해야5년 임기 아닌 더 긴 역사 흐름에서 다루길나라를 걱정하는 국민은 대통령이나 정권이 바뀔 때마다 성공을 염원했다. 국가의 안전과 평화는 물론이고, 국민이 인간다운 삶을 살아갈 수 있는 나라가 되기를 기대했기 때문이다. 그러나 선량한 국민의 소원은 이뤄지지 못했다.직접적인 책임은 국민이 선출한 대통령들의 실책 때문이다. 취임 초에는 애국심을 갖고 출발했으나 세월이 지나는 동안 정권을 위한 정치, 말기에 이르러서는 집권의 연장을 위한 야망에 빠지곤 했다. 어떤 대통령은 지도자의 인격을 갖추지 못했기 때문에 성격과 감정, 이해관계를 앞세워 국민의 기대에 못 미치는 행정을 강행하기도 했다. 더 심하...",https://n.news.naver.com/article/newspaper/020/0003753483?date=20261008,경영,4.545773516056315e-05,
동아일보,인사처장 “女수험생 뾰족구두 소음” 발언 논란,공무원 ‘덧신 면접’ 관련 국감 답변여당서도 “코미디 같은 발상” 지적7일 인사혁신처와 중앙선거관리위원회 등을 대상으로 열린 국회 행정안전위원회 국정감사에서는 인사혁신처의 공무원 면접 복장 간소화 등 정책의 실효성이 도마에 올랐다.인사혁신처는 지난달 10일 국가공무원 채용시스템에 ‘면접시험 복장 안내’를 공고하고 이달부터 국가공무원 면접시험에서 정장 착용을 지양하고 깔끔한 평상복을 권장하기로 했다. 정장을 입고 온 면접 응시자에게는 구두 소음 방지를 위해 덧신을 제공하겠다고 했다. 이에 대해 더불어민주당 윤건영 의원은 “코미디 같은 발상”이라며 “공무원 준비생 입장에서는 옷을 더 사야 하느냐는 불만만 나온다”고 지적했다.최동석 인사혁신처장은 이러한 비판에 대해 “여성 수험생들이 풀 메이크업을 하고 정장을 입...,https://n.news.naver.com/article/newspaper/020/0003753564?date=20261008,기타,3.851394039216162e-05,
조선일보,"젠틀몬스터, 국립암센터에 1억 후원",국립암센터는 7일 ‘젠틀몬스터’의 운영사인 아이아이컴바인드로부터 후원금 1억원을 전달받았다고 밝혔다. 젠틀몬스터는 독특한 디자인과 전시형 매장으로 해외에서도 인지도를 높이고 있는 글로벌 안경·선글라스 브랜드다.국립암센터는 이번 후원금을 의료 인프라 강화와 연구 환경 고도화 등에 활용할 예정이다. 양한광 국립암센터 원장은 “보내주신 소중한 뜻에 부응해 더 나은 연구·진료 환경을 조성하는 데 힘쓰겠다”고 말했다....,https://n.news.naver.com/article/newspaper/023/0004002694?date=20261008,기타,2.184762675941812e-05,
